Date,005380.KS,BUD,GM,KO,PEP,TM,^GSPC
2000-01-04,,,,0.0011083310006822793,-0.025752438481222585,-0.04743986655792914,-0.03909917534093802
2000-01-05,0.004819537225214284,,,0.00881966133741307,-0.02464907145546435,0.004040567792629824,0.0019203379615859075
2000-01-06,-0.05433456187137421,,,0.0010976704402565413,0.04359843715799696,-0.09289386219988957,0.0009552217400569889
2000-01-07,0.030002300428309044,,,0.06371569493617527,0.026937612440752108,0.014641690551521085,0.02672994972987063
2000-01-10,-0.014888448073552683,,,-0.032412413409141874,-0.020134539662062294,0.03499147870989739,0.011127824873139451
2000-01-11,0.0,,,0.03344070250790547,-0.003395907011014028,-0.021277781497624104,-0.013148576788902815
2000-01-12,-0.027885164355671812,,,0.011242200270072061,-0.011976007048274196,-0.019544566577302358,-0.004396019678609715
2000-01-13,0.002566995129410817,,,-0.015361649729594444,-0.010380524421934264,0.003648209245096299,0.012096245165416932
2000-01-14,-0.052643492351641126,,,0.00822193272611109,0.006932343747646634,0.02161476767833494,0.010614763497340866
2000-01-17,0.0,,,,,,
2000-01-18,-0.03857251483038308,,,,,,
2000-01-19,-0.1003788316154484,,,0.0038393737920946924,0.0051584627939974415,-0.04842100075586241,0.0005221568736222691
2000-01-20,0.00619170705618198,,,0.00953214294663095,-0.00861291486843763,0.0365338161651229,-0.007120612569861287
2000-01-21,0.0,,,0.015066607270401664,0.0,0.0265501885486395,-0.0029165681339535805
2000-01-24,-0.012422108516792398,,,-0.030363073659200924,-0.02274828941689508,0.0122964329179975,-0.028022584228459112
2000-01-25,-0.03174914820508405,,,0.01529646638879919,-0.02872701569499307,-0.0433414209362031,0.006046483603040547
2000-01-26,0.028618796509109156,,,-0.04363238037052078,-0.01098959124755739,0.029588317439318987,-0.004221619766667546
2000-01-27,0.07253947020209922,,,-0.058150300844650546,-0.0036900494053826215,-0.0014587194779461642,-0.003946204024482488
2000-01-28,-0.020619415846646817,,,-0.044022430882107506,-0.016775368405090262,0.004369790324303025,-0.02784081272973308
2000-01-31,0.017699829873385985,,,0.008743816016385025,0.02597553351138931,0.014430401360116476,0.024904850529124643
2000-02-01,-0.005865202719115595,,,0.011898316084025397,-0.0036699600565373667,0.0226640992703864,0.010571740915406745
2000-02-02,0.07368748723422192,,,-0.030570124438505788,-0.02985302440049692,-0.02553340394724033,-0.00011356385074743024
2000-02-03,0.013568975153490745,,,-0.02015746566421025,0.0018923830432997356,-0.007210393803289726,0.011185347697919614
2000-02-04,0.0,,,0.01793811356355434,-0.009496648588240378,0.04111179071997292,-0.00042113303572190804
2000-02-07,-0.0026990442950189596,,,0.01104952947805665,-0.011516580246091876,0.020619160155666776,-9.12760143166444e-05
2000-02-08,-0.021859107813525604,,,0.00547938531647147,0.028546464229052167,-0.009569421015768015,0.01219849367259354
2000-02-09,-0.06269831027916804,,,-0.0032838999155202875,0.020427405962477354,-0.004129267340413791,-0.02103511705975112
2000-02-10,-0.03898549229718738,,,-0.0054975292916712324,0.01821525584405317,-0.008310259439892475,0.00362024285277645
2000-02-11,-0.043756833840237874,,,-0.0200452911259337,-0.0072458692188216095,-0.017538191814790695,-0.021192298989189638
2000-02-14,-0.06603096567894468,,,-0.02621232193178056,-0.009132835109165112,-0.022907401335129758,0.0020308868535491302
2000-02-15,-0.06340184297649186,,,0.028460044625523997,0.0036629034582893855,-0.025670252683303002,0.008674947553079746
2000-02-16,0.018018770743133263,,,-0.03890722534442561,-0.005499454974355605,-0.019506046226483578,-0.010309372816680578
2000-02-17,0.03509169243503432,,,-0.023613577025446437,0.009149435603178444,0.03863811525381187,0.0004250581374747612
2000-02-18,-0.056752680462415446,,,-0.018083796478179613,-0.001823380757259956,-0.016165004949455514,-0.03084710308169203
2000-02-21,-0.10373977758387924,,,,,,
2000-02-22,-0.012220362041805856,,,,,,
2000-02-23,0.08632798966945465,,,-0.009708609220901955,-0.01451945197747858,0.02069853299284217,0.006281139106337607
2000-02-24,-0.062035406844216226,,,-0.02844981718297292,-0.005499454974355605,-0.004563003075946372,-0.005349730316245383
2000-02-25,0.03149882186287594,,,-0.02284331184182382,-0.037457289945437656,0.003044472736426549,-0.014940089385435541
2000-02-28,-0.08489935378877489,,,0.012754759185761704,0.015151716490585646,0.010581839189673783,0.010957078745980514
2000-02-29,0.01673671421917014,,,-0.014039543163013037,-0.03442016937760896,-0.022045640232481664,0.013535073096645703
2000-03-01,0.0,,,0.04768818953220384,0.013526565749290937,0.0091813555771328,0.009302114728482016
2000-03-02,0.09115241100246416,,,-0.02733151563234705,-0.031191917561363924,-0.008413048058728449,0.0018617281349938522
2000-03-03,0.022472887688167756,,,0.010025179593108405,0.0019781238280004083,0.006888730429087075,0.019642853797381482
2000-03-06,0.13814994987482085,,,-0.022699518883626604,-0.01996054492193876,-0.01614793444908437,-0.012776701994211102
2000-03-07,-0.03278954628010358,,,-0.039016502198762675,-0.012169752421829572,0.03503807943681982,-0.025965297120289534
2000-03-08,0.0,,,0.007926068194780287,0.0003275745026004914,0.017804234981386672,0.008140128606934442
2000-03-09,-0.06542822167091343,,,-0.015915633413572657,0.028284250333712808,0.017493233206807835,0.025279570403423504
2000-03-10,-0.03255238877371538,,,-0.0271014434094028,-0.0201211013049166,0.03618710827080092,-0.004734054939684533
2000-03-13,-0.07637261460887038,,,-0.03547754375723773,0.012121458827974819,-0.0119177284620533,-0.008241305233129576
2000-03-14,0.027398767314856354,,,-0.010050391410336314,-0.014155929953804137,0.004924956257368274,-0.017843727175416074
2000-03-15,-0.019493850160219414,,,0.09360354191441952,0.07831806011825825,-0.003515286217963108,0.023982619773033384
2000-03-16,0.038615016615977,,,0.04496566114188985,0.0260238455049021,0.041385318337210084,0.04654577885905088
2000-03-17,0.051671901293780076,,,-0.012642265623700603,-0.03169000213524951,-0.006099848735248887,0.004105461314759303
2000-03-20,0.00716805023831214,,,-0.011516728900806246,0.007547229885062889,-0.01300054634834693,-0.005367830413634725
2000-03-21,-0.021660988027381155,,,0.017857556009757972,0.031455106676762844,0.025834035404558576,0.025244513080495853
2000-03-22,0.021660988027381034,,,-0.04923316454298502,-0.02396373025939872,-0.031358791224108784,0.004521628609461416
2000-03-23,-0.02898727069383591,,,-0.0013283879037724762,0.0,0.017845293829614323,0.017642498044501166
2000-03-24,0.057158618550852955,,,0.0,-0.016934520694106763,0.018200747846522664,7.200798340682352e-05
2000-03-27,0.0,,,-0.037944796261881485,-0.017707859472500552,0.04506178065976306,-0.002359619652895298
2000-03-28,-0.01751383191546047,,,-0.008321882341889849,0.004336602988990663,0.015447885964493034,-0.010641384406600805
2000-03-29,-0.010657515941556487,,,0.04360374162875936,0.022814400760252592,0.023662387950966885,0.0005238551715322017
2000-03-30,0.0,,,0.03536693341201155,0.07772642063394702,-0.02177366066004566,-0.013749849620433678
2000-03-31,-0.043802217430055926,,,-0.03403457852060085,-0.030011016432083364,0.04549014477075017,0.007138762685515928
2000-04-03,0.0,,,0.049360577573691604,0.03521512465456518,0.007185928646596535,0.004919225661762653
2000-04-04,0.03663416719174364,,,0.060251575150434826,0.008612978730374586,-0.005984338810231104,-0.0074916139480272976
2000-04-05,0.0,,,-0.09507163744675046,0.008540152390968293,-0.006020618080008642,-0.004936119081060472
2000-04-06,-0.04412508774529927,,,-0.040165647594065976,0.0016992924738895205,-0.05205643675470644,0.009348563512982749
2000-04-07,0.0,,,0.009517286111416131,-0.022318430992724285,-0.0025477347748777816,0.009948095294857916
2000-04-10,0.007490920553555529,,,-0.026046795527969326,0.006920147928808522,0.040005014635970844,-0.007872111321383407
2000-04-11,-0.011257386447750655,,,0.04746655022365071,0.022165800338973,0.0024480101559508616,-0.002575662535388924
2000-04-12,-0.01138519856910602,,,0.02743451355180396,0.005046949680007645,0.01094298814301588,-0.022522936175410978
2000-04-13,0.0,,,-0.02611038184718977,-0.02205391181992259,0.015596871819380893,-0.018338180821660742
2000-04-14,-0.02708083179571917,,,-0.0053054581114204405,0.0,-0.03082756310912092,-0.060045097522022965
2000-04-17,-0.060624719150675514,,,0.03141583995861024,0.005132776261409253,0.0006135007700006502,0.03254811081334026
2000-04-18,0.040821808565479546,,,0.0025739959173938136,-0.018949863214265575,0.03969266786244869,0.028260296800704302
2000-04-19,-0.004007927527776404,,,0.0115024222133369,-0.01754383040637894,-0.016647176515119464,-0.00985690838193474
2000-04-20,-0.03681388103770306,,,0.0050692943574165835,0.051735307147254155,0.0190029783788849,0.004940641519006726
2000-04-21,0.0246926529484725,,,,,,
2000-04-24,-0.06291401210111777,,,,,,
2000-04-25,0.02985322800477439,,,0.017478616477836474,-0.011618576610674664,0.019259764654512096,0.0327342935409904
2000-04-26,-0.15906480422488986,,,-0.021264177900241182,0.008313080251382318,-0.0546456769397187,-0.011196539243597151
2000-04-27,-0.07676414752206331,,,-0.02431316764920765,-0.008313080251382202,0.005479528919559914,0.0026863820339736388
2000-04-28,0.10589237721003847,,,-0.02094292668612933,-0.020236638528287037,-0.02957690702991712,-0.008562610676304283
2000-05-01,0.0,,,-0.021391452416421364,0.008482201312553594,0.03502669988932814,0.010833162628904172
2000-05-02,0.02364174360772475,,,0.0,0.013422651861623515,-0.009709178128414974,-0.015069531532927793
2000-05-03,0.018519310437700526,,,0.04750183426361121,0.001665233949969816,-0.012270172459715607,-0.02180150116391077
2000-05-04,0.0,,,0.0,-0.023570087124146873,0.006154001473744511,-0.0039155274882096275
2000-05-05,0.0,,,-0.030087452054837815,0.021904853174176994,0.0018387568096105756,0.016227264098328115
2000-05-08,0.062242341780912785,,,0.03008745205483781,0.011599322372499419,-0.005526316600467494,-0.005922700590194449
2000-05-09,0.0,,,0.04040989038838828,-0.006611815657939588,-0.011145559692916085,-0.008482924072715453
2000-05-10,-0.017391656910381022,,,0.04477479552418113,0.03902965951345018,-0.008755693112347591,-0.020815054047135646
2000-05-11,0.0,,,0.014100789886050218,0.020521551301624245,-0.011370738510918653,0.01774410644515053
2000-05-12,-0.026668282948728455,,,-0.024809071124613356,-0.012578819496489368,-0.01665629585137006,0.009297324968961716
2000-05-15,0.07796124971755695,,,-0.009615580322748792,-0.003170163452630342,-0.019570249438677623,0.021857137432581965
2000-05-16,-0.025317527153045066,,,-0.05588010297365475,-0.006369179647810902,-0.018617912386508603,0.009375105396318107
2000-05-17,0.01694939600517392,,,-0.014148176538663322,-0.0031996234577268924,-0.024457387381349015,-0.012519718264096237
2000-05-18,-0.04732092501215831,,,0.024313167649207764,0.013134302826923658,0.07548257374974617,-0.007341489575181015
2000-05-19,-0.02227219355752754,,,0.012563096984505454,-0.006744776637004903,-0.005756397338396476,-0.021279500834297728
2000-05-22,-0.03670171235950408,,,0.012407380073136912,0.012658437071427588,-0.05470887122026335,-0.004437836972822325
2000-05-23,-0.018868216676999793,,,-0.013656434647150375,-0.007892388460805448,0.013458958352154422,-0.019362083559102846
2000-05-24,0.0,,,0.052355118249001666,0.03273855776629451,0.0026701208314453438,0.018169184098520842
2000-05-25,0.055569929036503825,,,0.0,-0.02013983515572335,0.0026630102680407853,-0.012609113327974117
2000-05-26,-0.12456283911661804,,,0.03496884241186743,0.026256358505916046,-0.001996488619383392,-0.002536655984128445
2000-05-29,0.020202705387861314,,,,,,
2000-05-30,0.0,,,,,,
2000-05-31,0.19062046041334968,,,-0.009324046192169984,-0.0076513075193854335,-0.03164238645126872,-0.0013014022930985239
2000-06-01,-0.00829907696703619,,,-0.0023448098279909018,-0.015480134860048648,0.017627637910261826,0.019663269874029277
2000-06-02,0.13976188413582588,,,-0.012994215083907645,0.006220782941277212,0.0040244054890139136,0.019446456896420408
2000-06-05,0.02857357606457498,,,-0.010759794885262802,-0.020361029920703027,0.025116789100974448,-0.006540169012008556
2000-06-06,0.0,,,-0.003611499920872002,0.03727168935885989,-0.002614002171292381,-0.006692993404042075
2000-06-07,-0.02495667908904746,,,0.022659709443491716,0.011013045695102069,0.00391837752937876,0.00923126844668116
2000-06-08,0.01433669036183312,,,-0.0035435412508790774,0.026867543616244032,-0.007853057601765755,-0.006607485476626416
2000-06-09,0.08523081683134631,,,-0.009512597967099166,-0.0283815681758192,-0.009904245649491142,-0.003234471699907343
2000-06-12,0.07247237362666699,,,0.0059556932731381455,0.01727381757227498,0.0013264818441889354,-0.00754405228380546
2000-06-13,-0.12617661610285844,,,0.017387133357781488,0.019904865255463915,-0.033010971724995154,0.01608021221744243
2000-06-14,-0.006920344578017431,,,-0.007051132255363697,0.015930946151158566,-0.056353212234232876,0.0007483708834083865
2000-06-15,-0.03533939809532916,,,0.052825600878012295,-0.002877388633748139,-0.016807007171613965,0.005553891236846384
2000-06-16,0.0,,,-0.006734221194410267,0.008608485327329819,-0.011115624977326306,-0.009697050911417971
2000-06-19,0.014285688528813331,,,-0.01932980178153892,-0.0014299579839617794,0.028646940438153384,0.014601399132715121
2000-06-20,0.10748605933932669,,,-0.027941930187055264,-0.06044607947340412,0.027849169253853428,-0.006786129112329044
2000-06-21,0.01892833660615271,,,0.010569835341959863,0.026988233833169385,0.013986328451400708,0.002152263211684242
2000-06-22,0.012422108516792445,,,0.04789975207013172,-0.007423496647924153,-0.002781746986088287,-0.018388167747017906
2000-06-23,0.04230241491763794,,,0.030704963058917116,0.0029759608787254034,-0.008391607990023559,-0.007395562633629121
2000-06-26,0.0,,,0.01925164921061267,0.03503983819866271,-0.012721387424290794,0.009548626596742145
2000-06-27,-0.02698824913251793,,,-0.019251649210612738,-0.002873254895411326,0.014826009776609299,-0.0032761480918897744
2000-06-28,-0.06595760070879758,,,0.036839853221447075,-0.0007193873356795076,0.031047391236364505,0.0029393161919409896
2000-06-29,-0.09174558974921578,,,-0.016529683641531154,-0.015234219308857197,0.016172836572926504,-0.008580674562089075
2000-06-30,0.01763766010194817,,,-0.027898493897246506,0.03871405902630257,-0.0033473943692895487,0.008429461805284734
2000-07-03,0.013888914253206762,,,0.012972966833946418,-0.032883328818862786,-0.040375572406252225,0.010218521276461742
2000-07-04,0.010291379798324167,,,,,,
2000-07-05,0.0034075293253825003,,,,,,
2000-07-06,0.05299228447215527,,,0.003186905248583644,0.011461763498615319,0.004243409001803973,0.007192881877199922
2000-07-07,0.03174914820508392,,,-0.003186905248583656,-0.03331243566794549,0.0063312128760001415,0.015145545764216402
2000-07-10,-0.022117996323677207,,,-0.02041959520468541,-0.03598608203612925,0.04255938647313059,-0.0022203475506827925
2000-07-11,-0.0128622802530057,,,-0.024176201094007685,-0.007662972398805745,0.008031986593188689,0.0035582718183684646
2000-07-12,-0.029558417908504702,,,-0.0011140652191974814,-0.021773515117044735,-0.004007581104174868,0.008097454201544736
2000-07-13,0.0,,,0.03178384102289801,0.015600575176680948,-0.024391303564529877,0.001953935942965212
2000-07-14,0.0,,,-0.005408287305006079,0.031990410469457636,-0.0027474997059812388,0.009408493660190483
2000-07-17,0.0,,,-0.004892747250936048,0.028088479386593163,-0.022254157401665642,0.0003377022618457108
2000-07-18,-0.02020273819205167,,,0.014606799108576882,0.002910629488666911,-0.03871443325806644,-0.011151059456171031
2000-07-19,0.0,,,0.03897276599663644,0.00868314719991119,-0.017699625979178627,-0.007917525979241625
2000-07-20,-0.020619253701724165,,,0.0,0.008608485327329819,-0.00671879372362244,0.00914185956935876
2000-07-21,-0.006968569675189385,,,0.005922397741550932,0.0113637322341115,-0.003000786391559252,-0.010336950837709372
2000-07-24,-0.05019004887566349,,,-0.02679976976094738,-0.014225174902857261,-0.0045182882931787014,-0.0107999082984729
2000-07-25,-0.04512036896482807,,,0.0,0.011396282325012885,0.026072231362767474,0.006928073285986649
2000-07-26,0.030305422228608065,,,-0.007411163631751056,-0.007107701699061133,-0.002208191123834221,-0.015067422285769315
2000-07-27,0.043802217430055974,,,0.027255046869770858,0.011348130714352235,-0.018595179274686693,-0.0019297112785032445
2000-07-28,-0.003577263614301294,,,0.036552411079128905,0.009824341700455574,-0.005268860964246548,-0.02072203561206855
2000-07-31,0.06923152838299614,,,-0.02217830564494856,0.023465506516338067,0.021650885392471394,0.007675250620293993
2000-08-01,0.013289483225384915,,,0.027150915134199025,0.001363179375946302,0.012477139462907662,0.005068116172807687
2000-08-02,0.009852186917146042,,,-0.0009925203108857978,-0.005464151726588384,0.01663695154302976,0.00041711318820325185
2000-08-03,0.0,,,0.000992520310885774,-0.011019957586908869,-0.001435617380484878,0.009587663196748386
2000-08-04,-0.006557493652010253,,,-0.013986444846381103,-0.0013854317853825003,-0.0007189561945267159,0.0071137533994296296
2000-08-07,-0.06805333445212168,,,-0.012145723215490185,-0.009756555708228903,0.0007189561945268458,0.011141175706899775
2000-08-08,0.03460549475164741,,,-0.007153842567279936,-0.0042105031655677765,-0.014472121275501926,0.002349738799248673
2000-08-09,0.13946595611166968,,,-0.01863400736335369,-0.009893774554612045,0.0,-0.0067193502148880846
2000-08-10,0.03202620723003961,,,0.019659151613415433,0.02386083342840864,-0.005115158984870979,-0.008605221070946712
2000-08-11,-0.017341612158345676,,,0.020284400877968758,0.016506361722933544,0.01814929959215167,0.007905641586007473
2000-08-14,0.008708287737039357,,,0.012967874911402895,0.025590629760237717,-0.007220330939155539,0.013309295881220085
2000-08-15,0.0,,,-0.016991688326926425,-0.02286563195712681,0.0,-0.004791695036623892
2000-08-16,-0.01749307642941555,,,-0.02139652099659427,-0.043092192954453094,-0.01754436034495657,-0.003090181578268623
2000-08-17,0.03184056719134327,,,-0.016615260863358,-0.011788043548002015,-0.01336291719600964,0.010900919209479781
2000-08-18,-0.017241945107957717,,,0.010416653976307578,0.008943399982277781,0.008928422746529625,-0.0029118370302702716
2000-08-21,-0.026433249237656074,,,-0.008324611192215985,0.009921990500272548,-0.024748220411668687,0.005188571343542924
2000-08-22,-0.04255930119886722,,,-0.030771777716170016,-0.02426970865775587,0.009070382821085687,-0.0009007013479403823
2000-08-23,0.003100528581137977,,,0.013645993755550735,0.002165355684855803,0.010479335195398188,0.005219522441311926
2000-08-24,-0.015600749704735607,,,-0.01472426038314978,0.0035979876077601373,0.012578541141841853,0.0015526681914089884
2000-08-25,0.04908972200958034,,,-0.034012917798527616,-0.017391266041099127,0.016770244155878297,-0.0012340004855381842
2000-08-28,0.0,,,0.017699367954177928,0.013071897438810624,0.014357988757628158,0.005058718739776827
2000-08-29,0.032403049550540686,,,-0.012134509614238164,-0.018937002817561506,0.026030389128740384,-0.0028109135425950635
2000-08-30,-0.017544230098581446,,,-0.03731372475443418,-0.013323832158689044,-0.03390149438709038,-0.004813399257303448
2000-08-31,-0.008889019139074672,,,-0.03011446117965368,0.016626724787079175,0.0028693257382193583,0.009992625399822192
2000-09-01,0.02353072253702774,,,0.030114461179653645,-0.007724653424126704,0.0,0.002033909928443819
2000-09-04,-0.0265114501342007,,,,,,
2000-09-05,0.002980727597172964,,,,,,
2000-09-06,-0.005969800312884589,,,-0.036162428878255624,-0.0159087094551964,-0.010347047701380275,-0.009888926610032614
2000-09-07,-0.04908972200958021,,,-0.005770150305220599,0.02937078204055054,0.005925701731084298,0.006852001412039173
2000-09-08,0.024845881840596013,,,0.010362417654764488,-0.014577786318047257,-0.016382024428224888,-0.0053453467368059044
2000-09-11,0.0,,,-0.02905485516269765,0.004396143348454779,-0.016653838915805734,-0.0035123438910489935
2000-09-12,0.0,,,0.009389483056967563,0.02597531202461475,-0.02082661147574052,-0.00489358622753845
2000-09-13,0.0,,,-0.01568496737635587,0.018348717771136655,0.0046656930428663835,0.00196841475218659
2000-09-14,0.044985002695512866,,,-0.028987873967086436,-0.012666969385560717,-0.014062324591100508,-0.0027244377678344207
2000-09-15,-0.02373976447801347,,,-0.003683073290095991,-0.008534817613859505,-0.003941795250271554,-0.010221718934521251
2000-09-18,-0.1245627330723475,,,0.04450540222529433,0.0056980216049950455,-0.003164760644185633,-0.014637860201737055
2000-09-19,-0.16211914638656885,,,-0.0047170943232261574,-0.002489255999653127,0.0,0.010597786475541066
2000-09-20,0.02371679136647776,,,-0.050920337889876974,-0.052999797349203154,0.0007923355201000644,-0.005880712886379446
2000-09-21,0.038318615477738655,,,-0.01377609754445459,0.04118256941210974,-0.008747753624336253,-0.0015790410644246165
2000-09-22,-0.0228145016750525,,,0.06469643543433151,0.04507847805239146,-0.016915115494719666,-0.00022781526774233468
2000-09-25,0.03774057581473953,,,0.012917783722227454,-0.012474760888160475,-0.002700966381060704,-0.006711091870692855
2000-09-26,-0.0037108423699293274,,,0.02534780785716927,-0.008403328672795996,0.00505499151828847,-0.008247833681979313
2000-09-27,0.014760693949797617,,,0.012436390958787418,0.023628624345851695,-0.00012982827362739276,-0.00044853820544960303
2000-09-28,0.05001031244622785,,,-0.0033764660405927733,-0.005509573744367553,0.010472535528323506,0.021991619230550555
2000-09-29,0.010398592252862741,,,-0.005652998508842956,0.01643889322717898,0.009600336776458497,-0.01504797562522097
2000-10-02,-0.042259742673346576,,,0.03344765633110951,0.029453107515039694,0.02030196245292629,-0.00019495624296930866
2000-10-03,0.0,,,-0.012134566731151264,-0.029453107515039646,0.001122551244191492,-0.00682578809750394
2000-10-04,0.00716805023831214,,,0.01651124905566697,-0.019205649221425352,0.0007479643869430073,0.005495008622973145
2000-10-05,-0.010771572281953655,,,0.03222627265773879,0.015121149961721314,-0.0007479643869430539,0.0013656262308240105
2000-10-06,-0.05186379121616723,,,-0.011696080201426592,0.012203216609110014,0.011159945007685043,-0.019183329360550158
2000-10-09,0.044616592754987486,,,-0.01075286070341995,0.014716231264733126,-0.004325164882023611,-0.004951921445981095
2000-10-10,0.014441507128831946,,,0.0064655128156765355,0.006618158900900872,-0.0077078025949840435,-0.010763632361505893
2000-10-11,-0.01808372441307982,,,0.0064237061797801885,-0.011943839442332401,0.0047314301036693865,-0.016303582750874755
2000-10-12,-0.0836988972753252,,,-0.02266655074834898,0.022441521068553065,0.005450013753098608,-0.02584045512110669
2000-10-13,0.06528197908885246,,,-0.001092132195947293,-0.050880108624071795,-0.003093189697501892,0.03283640742377901
2000-10-16,0.0,,,0.02482573077542197,0.02442407212621189,-0.012594438382653186,0.0003273812619367224
2000-10-17,-0.1875393294644167,,,-0.011796424868752318,0.010667336391608594,-0.011865649889741562,-0.01809497745525861
2000-10-18,-0.009009196568470866,,,0.0043056708578464355,0.0170944360753015,0.003169332598722788,-0.0058244404405869265
2000-10-19,-0.032186883223626894,,,-0.018428930827641167,-0.002610888982601564,0.009448903869822146,0.034153361859011896
2000-10-20,0.09785600268494338,,,-0.0413234617602432,-0.02649210410680996,-0.003139316891222728,0.005865740397982498
2000-10-23,-0.05665992289284565,,,0.009080856194870134,0.004018600341965896,0.0041420479415629685,-0.0008235903082565529
2000-10-24,0.08176595925199936,,,0.014582054096408014,-0.013458590209465835,0.005994797341795113,0.001682213178921447
2000-10-25,0.03252273159844334,,,0.031783811438759815,0.05020893715146884,-0.006370276905530131,-0.024054449199316687
2000-10-26,-0.004007927527776404,,,0.012861995824960356,-0.031416756094737645,-0.0035151252914452247,-0.0003371386620443132
2000-10-27,0.0,,,0.00425089796604382,0.023654908280162718,0.011005482181624948,0.011035028060664311
2000-10-30,0.004007927527776367,,,0.01578149343186064,0.02056542732934051,0.005581417472231976,0.013735586682098207
2000-10-31,0.039220905169163725,,,0.008315844044205177,-0.014093304097135757,-0.008945428204433501,0.021740133035877476
2000-11-01,0.06693958942035184,,,0.008247588016194655,-0.009073690934151848,0.000124741042089323,-0.005739155817162053
2000-11-02,0.024867883271418853,,,-0.002055249870076061,-0.019724115174206868,0.0013718529516119446,0.004983253778122986
2000-11-03,-0.010582194742605593,,,-0.023947456024781544,-0.026919447873843,0.0037311916686110407,-0.0011418559823153857
2000-11-06,-0.0361049089843369,,,0.019823318441382562,0.036172416363692006,0.00742095584373147,0.0038476655269594883
2000-11-07,0.025410007079534547,,,-0.007257626285706581,-0.007925828068979037,0.015164928806383225,-0.00022342150477599917
2000-11-08,0.08581570487351683,,,0.002079016262195636,0.005291018480030759,0.009302469936881663,-0.015902322423898215
2000-11-09,0.01631331640008226,,,0.03469764225073735,0.033725331769574624,0.0004808543859564279,-0.006506714376939785
2000-11-10,-0.0032410498302023333,,,-0.007045902668215097,-0.0038336402302074834,-0.007237757159435065,-0.02470013662903212
2000-11-13,-0.03300651445245307,,,-0.013218667871697126,-0.012886779286167462,-0.016109228671487733,-0.01083460772864791
2000-11-14,0.026491741534583512,,,-0.00822189744517865,-0.0078123836405303,0.0017211684189916885,0.02318136570591192
2000-11-15,-0.0032733097431246823,,,0.012307536998407396,-0.02649210410680996,-0.03270853830060065,0.004948225879737868
2000-11-16,-0.07486510922654448,,,0.010142400645245917,-0.04952829463235863,-0.04106001539928757,-0.012664390190450861
2000-11-17,-0.050735422155410374,,,-0.008105272223315765,-0.008498893979745119,-0.007964663381856175,-0.0033576006531063148
2000-11-20,-0.045635519556676114,,,-0.08267429878584386,0.023894498155689958,-0.017885627120243445,-0.01852217322376188
2000-11-21,-0.03162304658507427,,,-0.023478142382343217,0.03278966854495775,-0.00954319636276041,0.0035167569862350804
2000-11-22,0.04322883269694023,,,0.07515842701464909,-0.03836063062631884,-0.010050458821326982,-0.01872167427473288
2000-11-23,-0.011605786111865888,,,,,,
2000-11-24,0.0268734742384375,,,,,,
2000-11-27,0.026169522135126765,,,0.009488762100855265,-0.0028129428106716254,-0.01891486364242538,0.0053516641385395495
2000-11-28,-0.011131788033090331,,,0.014582955157552124,0.016760009996247497,-0.0028330507503167516,-0.009593904031944647
2000-11-29,-0.03030542222860818,,,0.030355621993075226,0.005525794953718601,-0.012129934424762269,0.0043615037272983605
2000-11-30,0.0,,,0.00801587812292654,0.0,0.0227118771669217,-0.02031031130031256
2000-12-01,0.03774057581473953,,,-0.007010452274429224,-0.06840297652077396,0.0076900308389305045,0.00021293546845558802
2000-12-04,-0.06503258931022468,,,0.009004390492656143,0.033360168195314836,-0.014873714704577358,0.007378255132535632
2000-12-05,0.03495485070723647,,,-0.021137513742628268,0.008523209760862202,-0.008232313411637326,0.038183337202680155
2000-12-06,0.0,,,-0.009197960402773453,0.02831370561360752,-0.015224142086919287,-0.018387672115670557
2000-12-07,0.0,,,0.02434194716048905,0.03523474779388054,-0.006533137183196042,-0.005870059698293582
2000-12-08,-0.003824006284957923,,,-0.024341947160489083,0.010595735999735758,-0.013787710460425665,0.019415054389011633
2000-12-11,0.026466591301814776,,,-0.04300621802419443,-0.007936018225364487,0.02824910984090348,0.007497925487985166
2000-12-12,-0.04580953603129422,,,-0.005373522914072595,0.006618151406557857,0.0021514054784291616,-0.006556658664756471
2000-12-13,0.0,,,-0.0032378635102926065,0.02217914068516909,0.002003780119909715,-0.008194382562943504
2000-12-14,-0.007843214686719252,,,-0.014154072715376612,0.026736325760847755,0.005844911636826444,-0.014113896457878423
2000-12-15,-0.015873576679758344,,,-0.06336979114709407,-0.01902410090636632,-0.005844911636826435,-0.021696411279964054
2000-12-18,0.0,,,0.025376801870136224,0.010190646208948074,-0.0020037801199096245,0.008038303521842073
2000-12-19,-0.05762876795759709,,,0.03359762594550397,-0.0025378274505383717,-0.01297784874385477,-0.013042648854882348
2000-12-20,-0.10253983042407294,,,-0.008849253661918204,-0.006373351995982537,-0.027814314489055938,-0.03179612679193636
2000-12-21,0.03233549162094678,,,0.054067001906646345,-0.0025605726574900443,-0.0016428388382241602,0.007969797433423938
2000-12-22,0.02690741108219807,,,-0.008457105739628604,-0.0025673008337410213,-0.021149247574192936,0.02409435072348548
2000-12-25,0.0,,,,,,
2000-12-26,0.06840296408008183,,,,,,
2000-12-27,0.0,,,0.009331078512370741,0.0,-0.00231899203694021,0.01038551801890451
2000-12-28,0.0,,,0.008221837203913767,-0.0025605726574900443,-0.017174525763469718,0.0039802141273019296
2000-12-29,0.0,,,-0.002048771973388273,0.016529001987235975,-0.008699362211583675,-0.01050297197343172
2001-01-01,0.0,,,,,,
2001-01-02,0.017241428408479784,,,,,,
2001-01-03,0.016949646093681096,,,-0.026029512382795272,-0.059992314721753,0.037646218900524324,0.04888407020840131
2001-01-04,0.06899289665912955,,,-0.028894651249609823,-0.04677593985108149,-0.012288761432932286,-0.010608546388114074
2001-01-05,0.06820838944166178,,,0.0021693169403632744,0.020906513428861837,0.012594237058625373,-0.02659283806587432
2001-01-08,0.035974960552616106,,,0.016120741307220025,0.016416056219080946,0.01032515644108422,-0.0019196526391590284
2001-01-09,-0.03231886079013769,,,0.012712123346511183,0.014816005028085333,0.0007550029587091827,0.0038049412487950597
2001-01-10,-0.12419039703662686,,,-0.004219444548043627,-0.016172993135281668,-0.06388484171279102,0.00954072765251826
2001-01-11,0.0,,,-0.03004587334824202,0.001356988107196433,-0.05286105588167821,0.01026483635719767
2001-01-12,0.07940696866109503,,,-0.013157272752278749,-0.008173642385196953,0.005919687463397487,-0.006252376353325711
2001-01-15,0.0,,,,,,
2001-01-16,0.03745768056549329,,,,,,
2001-01-17,0.014598674928336988,,,0.016313744246730925,-0.012321351453852249,0.021862890025446217,0.0021233583977827188
2001-01-18,0.05635278044315347,,,-0.01412311222198255,-0.008298751663095537,-0.026174266788727522,0.013819390779688844
2001-01-19,0.05981827362674358,,,-0.023243821700651632,-0.026743286078840002,0.003420768662495146,-0.004036364104246305
2001-01-22,-0.009724222046889934,,,-0.0022422048651894034,0.0,-0.003867752553384159,0.0002681015738275837
2001-01-23,0.0,,,0.021100092842643248,-0.014367798833278973,-0.020936263514114258,0.012947319312044342
2001-01-24,0.0,,,0.020664131782354742,-0.01018188372056941,-0.003048886707742232,0.002862720279423331
2001-01-25,0.0,,,0.009641431482857322,0.02312201041592098,0.018604534748948395,-0.0049893659014614644
2001-01-26,-0.029754082307242243,,,-0.011796517320031895,0.007118235932600087,-0.011151193915116727,-0.001887629230125118
2001-01-29,0.006688840989875584,,,-0.014210136199230112,-0.00940665592916995,0.017127711311408788,0.0067817000552319595
2001-01-30,-0.027028810262486998,,,0.013735552584613597,0.019735586413336354,0.015080219189848596,0.006983436422109727
2001-01-31,0.05009405157985377,,,0.001552775593554796,-0.010159131359197621,-0.000587266111353911,-0.0056355648072863385
2001-02-01,0.02254520811695084,,,-0.009701974738338295,-0.009118351913784708,0.012257728773832233,0.005446274059599507
2001-02-02,-0.052299290424193005,,,0.005209216762385197,0.029779354125867522,-0.016819624579449147,-0.01762846191144751
2001-02-05,-0.030667043814226514,,,0.02497123099248284,-0.0004448266508777235,-0.007550319432616671,0.003580241741748479
2001-02-06,0.017153197048959123,,,0.0037097423555476363,0.006428288253381844,0.0008911127897390602,-0.0015148687589011335
2001-02-07,0.0,,,0.00971363775235578,0.03751043086435237,-0.016014519863413575,-0.00844369052364719
2001-02-08,0.026846966235946665,,,0.01011490346525884,-0.0029831185821634406,0.012146767310029323,-0.006254170660763812
2001-02-09,0.026145184883452986,,,-0.007785025636267928,-0.01397159132813184,-0.0008945676124687585,-0.01342526596679741
2001-02-12,0.019170075361605716,,,0.011244124204079919,0.016103790436870512,0.0077276783368403585,0.011757894931235194
2001-02-13,0.0311551628947073,,,-0.01424133291955646,0.004250807675772027,0.010162434114610184,-0.008689772585958535
2001-02-14,0.04498519453950978,,,-0.007701109118163513,-0.009589974912188892,0.005262151348123522,-0.0021861950632109965
2001-02-15,-0.03278996688758601,,,-0.019174333334708277,0.0032069681276782644,0.004363554492510928,0.008090730929249642
2001-02-16,0.023953578760269992,,,0.016818563096435014,0.009982175616373793,-0.001307624445956664,-0.019086287083199486
2001-02-19,-0.011905284597563421,,,,,,
2001-02-20,0.01780487722954994,,,,,,
2001-02-21,0.011696203265247312,,,-0.06263700565341379,-0.02611074079189653,-0.007101702133315062,-0.018680859586076647
2001-02-22,0.008683035545490613,,,-0.035773896194545775,-0.0149258257014307,0.017660435500016683,-0.0019537369511636415
2001-02-23,0.0,,,-0.01885959784547022,-0.0036586515512529636,0.00871513509722125,-0.005570924750844155
2001-02-26,0.008607980893036282,,,0.008997754796757086,-0.0021583504900413364,0.011645178555344946,0.017338769191571488
2001-02-27,-0.058840391096030675,,,-0.008997754796757008,-0.004765601019480648,0.005701370663321735,-0.007689396127662075
2001-02-28,-0.03077154293193246,,,0.019614297550851808,0.00043471077529168035,-0.010860498714913852,-0.014412471713944133
2001-03-01,0.0,,,-0.006242769823292664,-0.0058763432314270225,-0.03509147292691941,0.0010398636283404812
2001-03-02,0.024692957802190642,,,-0.002850605520261297,-0.02117905323623479,-0.014992418882534915,-0.005695982258483536
2001-03-05,0.06491897622577257,,,-0.045749942589456895,0.017021959865077037,0.004521198270985841,0.005841032455202131
2001-03-06,-0.002860861492655153,,,-0.007999622407837,0.004157093371157766,0.019360279080355352,0.009931120882614958
2001-03-07,-0.03796066230785514,,,0.012571038361595739,0.007634172489653728,-0.005175428389151374,0.006431629893613799
2001-03-08,0.032213542907474135,,,0.01905205444268098,0.018941855619626358,0.004437883493828802,0.002255951040818529
2001-03-09,-0.002886149197146926,,,0.0019434944025098302,-0.010718205529556544,0.011738773752461509,-0.025075725323942803
2001-03-12,-0.005796886348343796,,,-0.02756075999875652,-0.018488866240185683,-0.00952700470639406,-0.044140782944437726
2001-03-13,-0.05374460230942742,,,-0.023717111004780793,-0.01548728775139338,-0.0066496525398963445,0.014719630139540335
2001-03-14,0.0,,,-0.02240211947373345,-0.013016135693121586,-0.03546238444358821,-0.026181893093709756
2001-03-15,0.03614880641219364,,,-0.0004192806519790819,-0.005436621888050064,0.04358351863381131,0.005854125517359441
2001-03-16,-0.0029628998066743824,,,0.02076870713253259,-0.023903318163912647,-0.004421723231671158,-0.019819182794657754
2001-03-19,-0.039339638094144785,,,-0.005151878885774991,-0.007237429544530556,0.03697427976071272,0.017473135776606016
2001-03-20,-0.03454036105201133,,,-0.020244729298728135,-0.02514939393553646,0.0007119530173606759,-0.024372000192958605
2001-03-21,0.0031898403543846447,,,-0.04705268003147152,0.00932680874022702,0.04383261743975791,-0.0180862772659719
2001-03-22,0.01265846095040478,,,0.010333614891859876,0.01394661709362548,-0.020494398422846297,-0.004071995565797344
2001-03-23,0.06689419028002785,,,-0.004823907638690039,0.028920363400057946,0.021174726532140285,0.019713495936903382
2001-03-26,0.0,,,-0.01327449690497451,-0.0011406267491035995,0.020869272925320224,0.011219200545693092
2001-03-27,-0.0606247143241889,,,0.0373771225103443,0.005464238166439524,0.005873969923558987,0.025253479371825076
2001-03-28,0.045809847875096225,,,-0.014261321775896582,-0.022039114012555094,-0.01336934672418253,-0.024733008530898916
2001-03-29,0.014814866449092837,,,-0.03161534035545993,0.003938839328385376,-0.027840287345567472,-0.004641060904985464
2001-03-30,0.011696203265247312,,,0.014273214922212172,0.016054618715265062,-0.021118083113206294,0.010726709139390915
2001-04-02,0.011560672266313703,,,0.01516343727777547,0.0022722670640041164,-0.02867578068849198,-0.01254023999486656
2001-04-03,0.005730344172213197,,,-0.026296771053677243,-0.022265725107654344,-0.0030593001388272726,-0.03499847502245124
2001-04-04,-0.028987219703774263,,,0.013124448126506472,0.018855086217667835,0.009583529304847363,-0.002905325361392833
2001-04-05,0.0,,,0.0011046873285331736,0.004545562381492868,0.023564044126419763,0.04275291291739027
2001-04-06,0.008784952539789087,,,-0.006644743746078595,-0.04878992167473694,-0.01923824135718545,-0.020185948377773013
2001-04-09,0.005813738093776096,,,-0.024747697691951002,-0.01197618135923065,-0.019615623320495223,0.00808462583936063
2001-04-10,0.011527667577553897,,,-0.005711088004679378,0.015541369293376456,-0.0008808759785472562,0.026706218592037867
2001-04-11,0.053010957750946365,,,0.010936130871433376,-0.018195630031382602,-0.026640263825023006,-0.0021334217189706364
2001-04-12,-0.038785870514730814,,,0.009921350707123074,0.012485140645056103,0.007662670114357487,0.014991393552336968
2001-04-13,0.0,,,,,,
2001-04-16,0.033336090672238264,,,,,,
2001-04-17,-0.03900190724912387,,,0.0063662977596449675,0.0016571004292335984,-0.003792838408432794,0.010229948339488112
2001-04-18,0.03352275824762277,,,0.022715792619621054,-0.004980364968806452,0.048507680269920174,0.03815322509881213
2001-04-19,-0.005509633441647984,,,0.015915603740361398,0.009700354832868713,-0.024034070260055638,0.012464721753518131
2001-04-20,-0.022347308229089227,,,-0.010581618067727151,-0.028904617260843125,-0.012687769494789834,-0.00857944939981588
2001-04-23,0.01123572666265603,,,0.009528455710588917,0.02418462739678081,-0.007841838161120098,-0.015093460052377404
2001-04-24,-0.016901543239541694,,,-0.0012650434313754605,0.02060430497753329,0.004532029300683748,-0.012236023629359138
2001-04-25,0.04445168709161654,,,0.016947765177944635,0.02109722115809444,-0.01457441754967032,0.01581516957968027
2001-04-26,0.0,,,-0.027341814651337903,0.01865822471773462,0.01728357551516878,0.004684853904600156
2001-04-27,0.03208790738425562,,,0.0021306371941799624,-0.01797790200592489,0.010169155879575112,0.014898371931206402
2001-04-30,0.08085252276313401,,,-0.01738459548601303,-0.006597234960482582,0.007411587602860435,-0.0028691916032248313
2001-05-01,0.0,,,0.030699522134737013,0.018992072256302603,0.013932960041181476,0.013498341704493846
2001-05-02,0.06575145449899099,,,-0.0012611749811992973,-0.007644393014705064,0.011728400657887748,0.0007815020952043317
2001-05-03,-0.02765133510947241,,,-0.017387737340159044,-0.0015805795278524422,-0.0031718884192016373,-0.014984400130627271
2001-05-04,0.032186472161459645,,,0.0017100845099133587,0.0098966287564555,0.007194222721892484,0.014337158275437674
2001-05-07,0.009008873010670711,,,-0.00021384383097854755,0.005801950239717387,-0.001434598477775108,-0.0024504585894219535
2001-05-08,-0.04587976542941942,,,-0.005354125389705465,0.0011119588363293484,-0.005037831094864926,-0.0018299600937476525
2001-05-09,0.00934616304646049,,,-0.017546545746923756,0.012150712824049977,-0.010881702242278182,-0.004497819936253592
2001-05-10,0.047682386234033716,,,-0.003282416718119465,0.02021589708927278,-0.008643791445212684,-0.0002867586514844116
2001-05-11,0.0022143141513916733,,,-0.007041079874626892,-0.0064766063663557576,0.004257908081053387,-0.0076054583320409
2001-05-14,0.02188309889700338,,,0.015772311822355098,-0.00043302492398905016,-0.02974233481427688,0.0026056399843493476
2001-05-15,-0.03300628132493464,,,-0.002393024696443829,-0.025234485000613552,0.005269542564775308,0.0004161909984873006
2001-05-16,-0.03413299017460979,,,0.049515607927817507,0.005760976997529357,0.008224227293464245,0.028055524579750336
2001-05-17,0.01834906453741664,,,-0.0020754222443383702,-0.00731780264669861,0.0309385148359934,0.002720053922715442
2001-05-18,0.035718020972404126,,,-0.0006235910156130675,0.0011125396810013912,-0.019684078760679593,0.0026894323550721746
2001-05-21,0.08609714457376898,,,0.0039423661899936685,-0.0011125396810014372,0.02314331609523444,0.01602466408472157
2001-05-22,-0.049494669256744214,,,-0.010198929463258618,-0.021370740082232376,-0.013471594440116662,-0.002631332512547939
2001-05-23,0.025053778066302358,,,0.018653954426491443,0.0173567764243169,0.028608226572832515,-0.015648195622524032
2001-05-24,0.030459048137063488,,,0.007976104220220066,0.004903660513477559,-0.00042520606762898344,0.0031910514714147153
2001-05-25,-0.02224577728278446,,,-0.018919054111983594,-0.003564049093675092,0.008049160661196157,-0.011886310588375483
2001-05-28,-0.039629603491132814,,,,,,
2001-05-29,0.033476242042772004,,,,,,
2001-05-30,0.014299942387947908,,,-0.009561561233071605,0.014805033563863411,-0.01771970638135867,-0.015779356558458756
2001-05-31,0.024049452457431442,,,-0.010076027982763342,-0.018373223854058523,0.018843121608753,0.0061823676577966655
2001-06-01,-0.009950256114233997,,,0.008613598789200344,0.0011164277686628917,-0.01912910540606437,0.003854657622684866
2001-06-04,0.03922035369454706,,,-0.0050334454380252785,0.002451762521532335,0.0007147137031166047,0.0050953447410036
2001-06-05,-0.015503919750173616,,,0.0010512558657965224,0.015024681613518286,-0.0035800801039454775,0.012906511100564183
2001-06-06,0.0,,,-0.018438993205955614,-0.01898863363617108,-0.013723632259551538,-0.01060467106196446
2001-06-07,-0.0237164339443735,,,-0.013568131731856928,-0.006523744997097078,-0.005835150450881082,0.005441677248723177
2001-06-08,0.03922035369454706,,,-0.002604966861695548,0.004278524087929487,-0.004398745390422881,-0.009441752309571274
2001-06-11,0.00383917570575121,,,-0.0015224163064125181,-0.010845107956617773,-0.004418657380801538,-0.008391059924567634
2001-06-12,0.0,,,-0.00043568550300967433,0.004533449623334785,-0.00859737671422122,0.001163204401009928
2001-06-13,-0.015444120397121385,,,0.0026204740088454177,0.0022589143789185696,-0.01002461694374873,-0.011411763938773379
2001-06-14,-0.0038989750588034255,,,-0.01826839977409568,-0.012258832793792725,0.009726826644781304,-0.017656559095685552
2001-06-15,0.026976484924016192,,,-0.017025376637340474,-0.011948904650336841,0.016980930017014825,-0.004527114710082972
2001-06-18,0.011342572050838244,,,-0.011132748056245772,0.0023088126560707155,-0.009858324671673833,-0.004895136092087169
2001-06-19,0.061950408840925564,,,-0.0004569306865191807,0.008039635816004807,0.015697733467605234,0.0034282439076612084
2001-06-20,0.01403513887605653,,,0.004105866832815611,0.007975939696764078,0.003632190831806378,0.00867104994474383
2001-06-21,-0.0017433908592691468,,,-0.007769752885319435,0.02488043664200419,0.010101452012587395,0.011300126024453409
2001-06-22,0.0,,,-0.017122008602587266,0.003315025759866957,-0.007349442859810368,-0.009494963212735541
2001-06-25,0.029236857718348403,,,0.01712200860258718,-0.009756183036746897,0.009213908594984064,-0.005523858751956685
2001-06-26,-0.02401502809377917,,,0.008224811747450628,-0.0011144764288544184,-0.003301497364565486,-0.0015110424589969147
2001-06-27,-0.03354238558819192,,,0.0052194183177782585,0.01197342281629925,0.0020109694631631793,-0.0046873743201225025
2001-06-28,-0.01994615260578077,,,0.02613859940719339,0.00483738606474602,0.003152171732052229,0.01241569450714369
2001-06-29,0.035974960552616106,,,-0.007748041412947613,-0.030964063581933574,0.007694288845136895,-0.001485319113264489
2001-07-02,-0.050735249605439424,,,0.013244719354863155,0.022151058271543875,0.01143182783867993,0.010028092604268008
2001-07-03,-0.041752105701408374,,,0.0074293151200532925,0.00947085817249215,-0.0043600788758968,-0.0018372028160895987
2001-07-04,0.007721809241241343,,,,,,
2001-07-05,0.03774099364706782,,,,,,
2001-07-06,-0.03390181794131647,,,-0.014248208243063344,-0.0017808520043952967,-0.019633839192749407,-0.023778751934215293
2001-07-09,-0.02325697963442297,,,0.013805779358860673,0.007545822979211412,0.013755521206588111,0.006855443542898605
2001-07-10,0.011695994687430133,,,-0.012237165862065478,0.0,-0.0049011652113156515,-0.014502635743563457
2001-07-11,0.034289011643340694,,,0.01862975204592093,-0.0031003719014398344,0.005188443287955212,-0.0011347469386804002
2001-07-12,-0.01509463722825651,,,-0.00043937011727179657,0.010149886219863933,0.006305612891510825,0.023414984234097415
2001-07-13,-0.021134406287756886,,,0.011365633652991229,-0.0024177696715114204,-0.014388355666093243,0.006221636236980787
2001-07-16,0.02492932686056624,,,0.020863729566716862,0.012031870126569675,-0.006543201594490137,-0.010942533714401794
2001-07-17,0.0,,,0.0031880990435461075,0.003472921734885375,-0.0024830190088839144,0.009921915461124283
2001-07-18,0.0,,,-0.019497179776122708,0.0180373170850578,-0.009108435918600662,-0.005557044822974006
2001-07-19,-0.05849613368089779,,,0.010331413255152081,-0.011127690539067835,0.005004967685176587,0.006034581514543652
2001-07-20,-0.07071556493323183,,,-0.012714378419635441,-0.004961840285388912,0.004980704455701124,-0.003437981475594382
2001-07-23,-0.08544521868662562,,,-0.03599006363374509,-0.026072022669831958,-0.028755492178371207,-0.01650406859089024
2001-07-24,0.01860561789673259,,,-0.006314971750754356,-0.009591015046627963,-0.0006020619196097726,-0.016405470991123064
2001-07-25,0.060353232215430555,,,0.01749327504174814,0.026101895782980368,0.0061501959096683205,0.01595194629485564
2001-07-26,-0.006528559415852054,,,0.00044426305310710386,-0.0015292425507618913,0.006558247344409663,0.010395313211512856
2001-07-27,0.0021807429578495677,,,-0.004677276673521525,-0.0013131346268426684,0.0035600419213916473,0.0023994968051410225
2001-07-30,-0.04683099447625632,,,-0.0119039465906843,0.009371293634514385,-0.02169950100331623,-0.001078625341053501
2001-07-31,0.006825407341611939,,,0.0076524078057574945,0.011431418475138335,0.0030208934387206832,0.005555192543405518
2001-08-01,0.011274318909903411,,,-0.011727509864857287,-0.065125048185728,-0.0022653031651704634,0.0038729041767745515
2001-08-02,0.039565453257206326,,,-0.003864335151915761,0.017246283086761842,0.004525194216740319,0.003956163689383959
2001-08-03,-0.008657718508845317,,,0.017832107588156055,-0.0002255404923330432,-0.006795150461639222,-0.005256489848173491
2001-08-06,-0.013129317948512735,,,-0.00201550641362558,-0.009950848476608178,-0.009132299186737077,-0.0114874735657115
2001-08-07,-0.031322426862506074,,,0.006033582350617962,0.011075604518479335,0.005337255429243708,0.0032600773504200104
2001-08-08,0.013544010062657836,,,0.013720409445400192,0.0031413629608815067,-0.006867941977528142,-0.017480014949267868
2001-08-09,-0.018099726251515208,,,0.002414787704451821,0.015563033557438315,0.0009188910490065827,-8.447593748169898e-05
2001-08-10,-0.030130081117789607,,,0.0013143264578672818,0.007253745080055688,0.0022926514113308623,0.005670733575997913
2001-08-13,-0.02622313850912365,,,0.0028425700006380022,-0.013449807717348217,-0.0032115424603374448,0.0009490058013956156
2001-08-14,0.014388854046707903,,,0.005226377296609444,0.011037214219287245,0.005193423007876031,-0.003835177286675257
2001-08-15,0.0,,,0.03290200236149864,0.0002200450181573315,0.001674518969652033,-0.007366529506445028
2001-08-16,-0.036367453981117355,,,0.002728616287816463,0.008523204560286416,-0.012242078544311183,0.0030851788825781395
2001-08-17,-0.007435350067242119,,,-0.0035694608836100224,-0.005893312214997153,-0.02257763586164298,-0.016803443148875
2001-08-20,-0.015037820462434832,,,0.020816996470576863,0.018006373778859792,-0.014275164607958213,0.008091365281536667
2001-08-21,0.06831933132450381,,,-0.0047498034204785985,-0.009938857326788272,0.009697611850420604,-0.012153030103248523
2001-08-22,0.02561251855849514,,,-0.0012426207725954187,0.01892930235791254,0.0036319372954408654,0.006932045817424317
2001-08-23,-0.03986457128278541,,,0.024565604151636083,0.006795573151476032,-0.0018931002558001833,-0.0027671176371318455
2001-08-24,-0.009615508136127245,,,-0.004864856006580068,-0.003179958720693514,0.013802002104417196,0.019463667754720436
2001-08-27,0.03559093720945017,,,-0.014326903722838433,-0.004680903576405855,-0.01411779939093963,-0.004839056824065403
2001-08-28,0.04333651286205036,,,-0.01328110110575971,-0.005776458975589566,-0.013038868673536298,-0.015123798461059844
2001-08-29,-0.00896863384028106,,,-0.0035574269023512274,0.00811933122278379,-0.01825133155558778,-0.011211856303303616
2001-08-30,0.008968633840281027,,,0.022593960224393132,0.006152975823629456,-0.014778721543699216,-0.01715015190128704
2001-08-31,-0.05035426962249126,,,-0.0024622925524373776,-0.005940071267857581,0.010695552149627047,0.004021844613325859
2001-09-03,-0.02857318044900913,,,,,,
2001-09-04,0.06090893581577066,,,,,,
2001-09-05,0.01578392563719323,,,0.019009689359248568,0.013584978487344601,-0.009437122552168983,-0.0010597093809186155
2001-09-06,-0.006734045221744386,,,-0.018808374582681472,-0.014752602699642393,0.002938344246973055,-0.022644739357760024
2001-09-07,0.035401864395570116,,,0.004433929142991284,0.00634899868800933,-0.005721350206900602,-0.018812873731179888
2001-09-10,-0.0043572094814692845,,,0.011647486348075367,-0.010603507410264687,-0.00988488040518518,0.006206646640060624
2001-09-11,-0.03555939827756235,,,,,,
2001-09-12,-0.16172051720564704,,,,,,
2001-09-13,-0.002663537552719501,,,,,,
2001-09-14,-0.09798028290206669,,,,,,
2001-09-17,-0.05439374176311595,,,,,,
2001-09-18,0.04553124932445496,,,-0.014648075579793314,0.03285690739656813,-0.004576278339758763,-0.005821884809079506
2001-09-19,-0.008942384790888979,,,0.000606423232452358,0.001816615144076855,-0.02790924787901581,-0.016243709423848913
2001-09-20,-0.05856796226898881,,,-0.023507412600511056,-0.016879089548918397,-0.05407749643543461,-0.031552519767185205
2001-09-21,-0.05212920931764029,,,-0.03258273458170625,-0.036762822658577284,-0.0660666076099812,-0.0192177438972797
2001-09-24,0.0,,,0.025942793273824476,0.008474347466521221,0.06686292844903195,0.03824259274960759
2001-09-25,0.05212920931764042,,,-0.0006249081803277284,0.012579265035086197,0.008313217618764314,0.008751278426766528
2001-09-26,0.04651966810628231,,,-0.02339716900380152,0.0035352553476425924,-0.04537945112905531,-0.0051800399195286485
2001-09-27,0.03571837307376211,,,0.0012789017939683056,0.014836379281583881,0.04656720801963226,0.011423625360937937
2001-09-28,0.0,,,-0.0021322460109736894,-0.008008941296420505,0.025391952926053434,0.021685156359092933
2001-10-01,0.0,,,-0.016354552093374195,0.009031593686698728,0.03877564140135782,-0.002298538239235396
2001-10-02,0.0,,,0.0017338971079592926,0.008342453548460773,0.028351359165498476,0.01223043093528238
2001-10-03,0.0,,,-0.008045896035027226,-0.005486325561191647,0.0010813369119154097,0.019731262404344155
2001-10-04,0.12102645650131394,,,-0.01407187817270056,-0.00879974638535892,0.010572800370818213,-0.0024744510496976816
2001-10-05,-0.026247837728033355,,,0.007500049357406766,0.0041024721060285325,-0.001784322503507882,0.0016347428379509079
2001-10-08,-0.01338716942568684,,,0.014185166357325047,-0.004719212754094928,-0.007168487822048343,-0.008379447200028665
2001-10-09,0.008053557608809589,,,0.0006490210362740133,0.00635568359053235,-0.03943669015855866,-0.005369934018738904
2001-10-10,-0.0409334945970713,,,-0.0006490210362741013,0.01942984976370316,0.010978056411723145,0.022679118421754747
2001-10-11,0.038255886466867596,,,-0.0021697547493193174,-0.018000055218976106,0.019425180006634485,0.015093852667844137
2001-10-12,0.01859262283861592,,,-0.02751969192545907,-0.025213055330624134,-0.03980189216756285,-0.005280796063004708
2001-10-15,-0.015915014708412275,,,-0.006719016392547813,0.0025084263872597154,-0.013691177519196322,-0.0015310059614022443
2001-10-16,0.021164728666600213,,,0.0008986508705796074,0.00041701905302645803,-0.006337840067422394,0.006912017833284514
2001-10-17,0.04103151252855241,,,-0.005854616813873356,0.004995976066175252,-0.02240705475508082,-0.018808418954138602
2001-10-18,-0.0332088635931361,,,0.0407133792555504,-0.012747198338971252,0.0017717991628612977,-0.007904203580733224
2001-10-19,-0.02365376578513903,,,0.052171088809899256,-0.004848311111652318,-0.01366470508515555,0.004546964493033415
2001-10-22,-0.005333611816877328,,,0.007994589302597568,0.007998040604373164,0.004177984949662055,0.01518028199200593
2001-10-23,0.0053336118168774115,,,-0.0022481277902292288,0.004184473727048839,0.014587497884614038,-0.0047087428503352
2001-10-24,0.04167234131224324,,,-0.002048307578601447,0.007280417672301044,-0.00117496543348879,0.0003870283449813057
2001-10-25,0.012674166031720271,,,0.01364410790232645,0.0031039488930232695,-0.012419869660182353,0.013627706761264227
2001-10-26,0.04192993699392606,,,-0.006086187936951304,0.006178760118700575,-0.002184519416318366,0.004100354664347971
2001-10-29,-0.019512650409444027,,,-0.010844028174620145,-0.011358354674817377,-0.01562819232182032,-0.024106546045271102
2001-10-30,0.0,,,-0.009300476989324907,0.012384688753243826,-0.004047340565147162,-0.017314960040262072
2001-10-31,0.02433183207005048,,,-0.005831018845917317,-0.000820998287079349,-0.0024359498991726155,-9.445090562961473e-06
2001-11-01,0.004796326475520718,,,0.014719450110720338,-0.004526309872052741,0.02111690466451631,0.022688760107419916
2001-11-02,0.03294436314222664,,,0.005951045740340336,0.010462476340045183,0.008915410348986028,0.0028554117779926494
2001-11-05,0.049671491399922885,,,0.008555910044781732,-0.00799127075723489,0.016626531750645098,0.014283100883702897
2001-11-06,-0.017778416799848124,,,0.011093918092522956,0.0026713178418835254,-0.006226935240720094,0.01442165687681226
2001-11-07,0.017778416799848276,,,-0.009067687721312483,0.0026629800755015656,-0.027306927154439532,-0.0027386165135638726
2001-11-08,0.006586127537053433,,,-0.006702812381667345,0.003269084079707807,0.06391115895607487,0.002452618222911972
2001-11-09,0.0,,,0.0030518279944778915,0.0034611160842693708,-0.023610828185834126,0.0015811866117157653
2001-11-12,-0.015435627745041801,,,0.002029996443839581,-0.00366511153592386,-0.028336274957745457,-0.0017690231948777628
2001-11-13,0.043485015064359665,,,0.006669263614531422,0.008531350487655236,-0.0009915556843027046,0.018393206188873717
2001-11-14,0.014783700142598727,,,0.007023872470356939,0.016847628174514587,-0.00956897253283826,0.0018594007771622653
2001-11-15,0.0062696262012833575,,,0.0,-0.0011938378082173159,-0.008651210889333384,0.0009021694267561973
2001-11-16,0.022658046465515776,,,-0.00140092701769597,-0.009202040132203474,0.012849048309634972,-0.0031478666324898704
2001-11-19,0.049662552417824996,,,-0.00925488077951893,0.0032101831593477764,0.05755655112850444,0.010839936279118731
2001-11-20,0.007721809241241343,,,-0.009547047610868574,-0.004819485267848881,0.0076921051110793,-0.007324400212031177
2001-11-21,0.011472565173842505,,,-0.004909210636168569,-0.007069663841187683,0.0,-0.004939282246342521
2001-11-22,0.02255773128632429,,,,,,
2001-11-23,0.018416388815301762,,,,,,
2001-11-26,0.0,,,-0.01723855963469624,-0.008334582032700742,-0.009729178674988756,0.006135906947333914
2001-11-27,-0.037179199528816806,,,-0.006645293208881789,-0.011290276148499392,-0.01668239426625415,-0.0068663628661316525
2001-11-28,-0.09115182530432016,,,-0.02242091946790785,0.00020666871920826946,-0.027718121078192312,-0.018420008155057115
2001-11-29,0.004140627796510152,,,0.007033575034498186,0.0016495856572787137,0.037041355774199786,0.010296585725125816
2001-11-30,0.04839664495446833,,,-0.0025523797810812644,0.002058335354699744,-0.017192243139929127,-0.0006579957968887046
2001-12-03,0.04803976032586828,,,-0.009198548735086184,0.0030802688590389057,-0.02240705475508082,-0.00841649215393885
2001-12-04,-0.02085351781342715,,,0.00042992287187917287,-0.006375365183640174,-0.014889009497941136,0.013100837071863543
2001-12-05,0.011428310040900752,,,0.012170215781819578,-0.0005179625419813885,0.02839331264200853,0.022072836601092407
2001-12-06,-0.0037949205728093744,,,-0.01475127423919594,-0.017123270304372825,0.003880297849024292,-0.002780809995695209
2001-12-07,0.04097412010162603,,,0.003654307038865318,0.00252491686637385,-0.021135853328699463,-0.007559921671188211
2001-12-10,-0.0718644892041404,,,-0.021034676945092968,-0.013110758000297979,-0.0305240896960166,-0.015995192716303893
2001-12-11,0.009755962814757381,,,0.00043771946815794756,-0.008121690717848021,-0.00695747731955337,-0.002784784846049183
2001-12-12,0.02492932686056624,,,0.007203214156828825,0.01046022372522096,0.00409869533442432,0.0002726118763029713
2001-12-13,0.029853451718778214,,,0.005422560407315595,0.0029680407783331335,-0.026944926499207177,-0.015679766197094783
2001-12-14,-0.02607233556032919,,,0.00043187166434064745,0.005490344796809302,0.0041928774099408705,0.003308819623699007
2001-12-17,-0.03846640583377263,,,-0.0021635839826508836,-0.0018972243552154338,-0.008192532314494957,0.009984817742795105
2001-12-18,-0.007874167865058429,,,0.007554910630247587,-0.00042166746924498784,0.009237926291621196,0.0075178272323487795
2001-12-19,0.021506368460138103,,,0.02106657540099778,0.04134482004540939,-0.010504331062822352,0.005792881874600668
2001-12-20,0.0077075510489459514,,,0.005669300200095155,-0.0056862469575835245,0.0046356191757449304,-0.008412407306602606
2001-12-21,-0.06748628191625994,,,0.02113200668432642,0.00040788326565058974,0.02450288844536118,0.004341671186717037
2001-12-24,-0.020747700124959446,,,-0.008440479756762724,0.0026429664301972186,-0.007205065794245549,-0.0002096405663664981
2001-12-25,0.0,,,,,,
2001-12-26,0.03704127579079727,,,,,,
2001-12-27,0.07232059740564997,,,-0.012026193968565827,-0.0010114792502129663,0.006133568247285085,0.0067288437415868995
2001-12-28,0.04175177408829726,,,-0.016192154105469925,-0.00711058708393988,0.020777787091948247,0.0033561402487249335
2001-12-31,0.0,,,-0.000423941072607378,-0.0073660443761185855,0.0172190230294912,-0.011208002315408978
2002-01-01,0.0,,,,,,
2002-01-02,0.057777679044923466,,,,,,
2002-01-03,0.0,,,-0.013147475396015972,-0.007351837743915899,0.005842369150883826,0.00913820966062987
2002-01-04,0.0035027567038049922,,,-0.009004584104067155,-0.008851514150168455,0.03191255434066013,0.0061939218320632905
2002-01-07,0.027588460605446424,,,-0.026406588923509607,-0.005807295781985798,-0.010968221342061353,-0.006520083881542553
2002-01-08,0.01686334965608737,,,-0.01268499750170664,-0.005841062002186964,-0.018810723195400284,-0.0035948213418453357
2002-01-09,0.019867995288731795,,,-0.0020175342482658676,-0.0039821610769725565,0.017097810547261266,-0.004810291761541906
2002-01-10,-0.08730934928394422,,,0.004924785552887412,0.011277478263538943,-0.005922599301587412,0.001219916438481459
2002-01-11,0.02123988217857177,,,0.011545643153115157,0.006211791967872225,0.021233596131106838,-0.009512981955861711
2002-01-14,0.010453369058800135,,,-0.017818415178882295,-0.0037221194244994745,-0.0063985957950125835,-0.0062959138754960075
2002-01-15,-0.012206464207498395,,,-0.00337618461894889,0.007224689608516123,-0.015984855924316692,0.006810765458505635
2002-01-16,-0.0320882281411491,,,-0.004519354837825093,0.00020544062977620548,0.01182285801486519,-0.016378520405579702
2002-01-17,0.021506167602055495,,,0.02017933065528538,-0.0004111529165569141,-0.0018968296209614529,0.009980500536555895
2002-01-18,-0.041634893713460686,,,0.008620151709939784,0.010233291866443018,0.008133470087253123,-0.009971623285766815
2002-01-21,0.027348982262075154,,,,,,
2002-01-22,0.02486797199047924,,,,,,
2002-01-23,0.006993104739684782,,,-0.024704016529690464,-0.0002020057256871865,0.010460609819920958,0.007893286045234099
2002-01-24,0.07709022354367207,,,-0.012584700758274824,0.003837894153250999,0.009207789406862022,0.003512738978946531
2002-01-25,-0.01790140031517868,,,0.02081336723993739,-0.009724402180788105,0.040050750860424346,0.0009976074738467559
2002-01-28,-0.008244022015402286,,,0.001327904913577093,-0.010026211190956362,0.008766799378698304,-0.00019411976604137167
2002-01-29,0.0,,,-0.027128052062470924,-0.022458872660216324,-0.060533804389553136,-0.02903014700394928
2002-01-30,-0.02684668864352433,,,-0.00341523348347474,0.023281130019896325,0.014005168357447128,0.011679180242276892
2002-01-31,0.0,,,-0.0022834675469841415,0.028758630349057724,-0.0024796936623285473,0.014823542663659693
2002-02-01,0.0350907106589267,,,0.021034625267848592,0.0005987847742111217,-0.004977848680055926,-0.007103564186859824
2002-02-04,-0.03849846582620906,,,0.0,0.0035851248068252467,-0.023302205721470008,-0.025048237435489954
2002-02-05,-0.008568802986400795,,,0.023665942499704846,0.01008756866154485,-0.033969390681729814,-0.0040467007733509764
2002-02-06,0.03051081191748643,,,0.01626027148874324,-0.034234038026012895,-0.007753432052963584,-0.005990282300850029
2002-02-07,0.0016678844664376107,,,-0.013423415664005593,-0.010235235454895719,0.01786451331959844,-0.00308730347398157
2002-02-08,0.013245127378113413,,,-0.0006542907011909684,-0.0006171352518217285,0.02189177260848069,0.014749394743924532
2002-02-11,0.0,,,0.0063056573867307855,0.0071796150575476544,0.01659369637280096,0.014238313259156418
2002-02-12,0.0,,,-0.0006505180020942587,0.0020426663517114996,0.018416398088525365,-0.004000961905916361
2002-02-13,0.0,,,0.005838478084700344,0.012165397676095974,0.03987068053820444,0.009892228247223758
2002-02-14,0.08206515805228397,,,0.013066777077563882,-0.0042409170854499105,-0.035887055431535274,-0.0018165896617011541
2002-02-15,0.05310967962281116,,,-0.0008521396061730426,0.009466903837185098,0.0039675756248179,-0.01107783483637569
2002-02-18,0.01568127077358525,,,,,,
2002-02-19,0.004234062627817302,,,,,,
2002-02-20,-0.055006281179989236,,,0.012665050041450158,0.009055710166344828,0.01582950005659457,0.013423280246381113
2002-02-21,0.017699591659381668,,,-0.01894995510974629,-0.008853498514229481,0.015002596530819598,-0.015631871250006663
2002-02-22,-0.007337258084784897,,,0.027868818267091287,0.014446673210075757,0.012109575684344235,0.00819062616671008
2002-02-25,-0.008875705769934116,,,0.0014784732397639258,0.008529487778405358,0.014039450930206962,0.01781555321704918
2002-02-26,0.017673631256975846,,,-0.008053570929540826,-0.003958769452340272,-0.03997460574831713,-4.5113215472967824e-05
2002-02-27,0.0202320251068522,,,0.010373858554437766,0.0037607841140647304,-0.0005882090343118913,0.000459619397472878
2002-02-28,0.040650295825205456,,,-0.0018976586250925413,-0.0023733651706666485,0.00937333454955797,-0.002851220621873709
2002-03-01,0.0,,,0.021295567558594783,0.014742295024442017,0.026089554756336772,0.022381936598485058
2002-03-04,-0.01662099464999032,,,-0.013308887494427728,-0.005086003908786297,0.05793677390834687,0.019303840181350153
2002-03-05,0.05038506717507244,,,-0.0035649702732445917,-0.011836964400603278,-0.008253878232358125,-0.006695693009899559
2002-03-06,-0.0013288589139839933,,,-0.0012618423982601182,-0.007290738996523452,0.04198875966426927,0.014405318712671682
2002-03-07,-0.02422703541128856,,,-0.012488206928180598,-0.008051577553234731,0.03079231991336161,-0.004508009010616361
2002-03-08,-0.0027287072024032724,,,0.018988867236936102,0.001009634747107974,-0.029238500528277825,0.0058315898377698655
2002-03-11,-0.01791931889751637,,,-0.005659091777452178,-0.0006055237152688465,0.012854758311231286,0.0033867835320782087
2002-03-12,0.0607062690017916,,,0.01066146484084507,0.008649380031063502,-0.012509706271169638,-0.002296691228402683
2002-03-13,0.025841174852416313,,,0.0012517784227864242,-0.007236836947035603,-0.00432067091255955,-0.009906654474038426
2002-03-14,0.01895216858234845,,,-0.0012517784227864634,0.011034728083173887,0.019890923740481573,-0.0009101583595804044
2002-03-15,0.0283797766387106,,,0.015540256872379227,0.014853594856999174,0.013490819178266103,0.011314362422677835
2002-03-18,-0.01470658902598407,,,0.0006162746904288504,-0.003150507973177383,-0.017744375143239895,-0.0005232085840541736
2002-03-19,-0.01242218649403734,,,0.010830498877978899,0.010397319529909287,0.022590480520831537,0.0040584942138171265
2002-03-20,-0.02531783032826172,,,0.004259100837321809,-0.013556977907387475,-0.03373530738777798,-0.015882290455983866
2002-03-21,0.030305376174698195,,,0.019838336484452483,-0.0027735946390273314,0.0097798940914828,0.0015094650990492597
2002-03-22,-0.0074910276881690425,,,0.016724884461245027,0.00967334595549497,-0.0289272540516172,-0.004247963704122044
2002-03-25,-0.033124449823913577,,,0.00970837193912012,0.007437541012597364,-0.010600861132261252,-0.014759697779003194
2002-03-26,0.03061529788374233,,,0.01629167629399379,0.01298094777809194,0.000926706047785926,0.00583168653541181
2002-03-27,0.03699570706447861,,,-0.005911212165369447,-0.017475403794663398,0.010454783931268313,0.005334904674459322
2002-03-28,-0.00729060947036639,,,-0.0005738207585876396,0.008775551213161205,0.024722695982758044,0.002452091465145393
2002-03-29,0.021713532567281868,,,,,,
2002-04-01,-0.02415562394116016,,,,,,
2002-04-02,0.05123218267236524,,,-0.0003827581244505188,-0.01587537890904616,-0.010058817189304502,-0.00856662628503467
2002-04-03,0.03312679809152689,,,-0.010381935883123148,-0.012923836948730722,-0.006520933070217188,-0.010043569573342934
2002-04-04,0.020023094273020993,,,0.00539634813545646,0.009163383253243515,0.018365364659181566,0.0008348579009303524
2002-04-05,0.0,,,0.003071228356695729,0.003562925781942686,0.00799660982138651,-0.003210205585397316
2002-04-08,-0.057806401950686356,,,0.015592980596071263,0.003944039475525913,-0.007817971554406193,0.0022776129022019117
2002-04-09,-0.0011676658049032255,,,0.006581894868037499,0.012128867347064752,-0.014554680622651393,-0.006678303392647303
2002-04-10,-0.05770795395991787,,,0.016175974986319966,0.016582609608812596,0.017938191023137894,0.01127093800175141
2002-04-11,0.018393944543150655,,,-0.020120348090320633,-0.008256968071350259,-0.02794237716475945,-0.023974391303946838
2002-04-12,0.029924340519585268,,,0.004131678173435279,0.0007715605934538608,0.004013926377840514,0.006610462073328417
2002-04-15,0.05951387944397976,,,-0.01834612440577064,-0.013189500418943945,-0.0012753690181325577,-0.0076437972359581765
2002-04-16,0.013245702715913094,,,0.028043992219441073,0.014345012818256304,0.031406755557223685,0.02314838607707869
2002-04-17,0.08911060684350505,,,0.0007419321150779821,-0.0009634650652322023,-0.019445826981386347,-0.0020404620978357706
2002-04-18,0.020844345342872633,,,-0.0039021639339407166,-0.0019278590887090434,0.016614878277031644,-0.0014218595665964966
2002-04-19,-0.027890073718888027,,,0.02209603540859331,0.02497031061595044,0.007765877874246443,0.0006223869243324825
2002-04-22,0.010050066154945799,,,0.007077370107549143,-0.0054744592037848355,-0.014700013589530717,-0.015531067125201047
2002-04-23,0.06765879115785763,,,-0.01420461868250192,-0.01199656481910546,0.012411606495899128,-0.006220616291123798
2002-04-24,0.007448896418114639,,,0.008401640437782961,0.013888078265288383,-0.010094652683820041,-0.00712818876779094
2002-04-25,-0.07510768757597214,,,0.0,-0.009110333631419998,-0.0023169538120792017,-0.0015197466862915707
2002-04-26,0.0,,,-0.009686222628895767,-0.004203461232556489,-0.0005349597827401957,-0.013986790144780522
2002-04-29,-0.03459134214831067,,,0.0034829317053259243,0.0015308986155984621,-0.002860300243911408,-0.010150566091619934
2002-04-30,-0.006230483898360415,,,0.01579693863435081,-0.00786865685534162,-0.018611368976171605,0.010707956512110279
2002-05-01,0.0,,,0.03730705241281061,0.019461736092351623,0.015563301667668233,0.008819512806962408
2002-05-02,0.030771759891725196,,,0.0003465528270847089,0.00283062624323665,-0.036387875191704666,-0.0017502398058623055
2002-05-03,0.05502361721081348,,,-0.013624208559433788,-0.010798369429165438,0.005756271666021662,-0.01031524983296207
2002-05-06,-0.04098145562924981,,,-0.004760687997640866,-0.009569402811115381,-0.010235286601264748,-0.019529343513434487
2002-05-07,-0.025215579278240335,,,0.001060118767223812,-0.0032741034486500225,0.0054101062407231025,-0.003025512886755084
2002-05-08,-0.03534660464463235,,,-0.002651242543866103,-0.0040608661716312255,0.010548506913642293,0.03681774841373444
2002-05-09,0.004223801543299773,,,0.0,0.008488190344240799,-0.009247054400860957,-0.014654278624167747
2002-05-10,-0.053014360385393616,,,-0.0024812309505127103,0.006510009555604206,0.016949477079926188,-0.016936513417258974
2002-05-13,-0.029314028024476895,,,0.00936011282176869,0.003048275467110021,0.031114979861035934,0.018380051041598382
2002-05-14,0.006841617562350238,,,-0.004227639327390015,0.0036088274409010537,-0.003014977427436424,0.02092308699684628
2002-05-15,0.09531011498833915,,,0.0007058716552669904,-0.010481448444451305,-0.005342885359395963,-0.005675600107153393
2002-05-16,0.007205140190400958,,,0.0063300482568752255,0.006682384588912349,0.010127161988893147,0.00654095824893372
2002-05-17,0.02130991645102215,,,-0.00087638855357549,-0.007832581623075138,0.009500203156429252,0.007583408730942015
2002-05-20,-0.00806456833792595,,,-0.014134439889745208,-0.01138071255277656,-0.007205090118359797,-0.013382198218289813
2002-05-21,-0.08443833562091796,,,-0.013254631723129675,-0.009550505285752393,-0.003533600651107391,-0.011051057273048639
2002-05-22,0.021787602716213054,,,0.013254631723129805,0.011101654808489127,-0.006036086731645463,0.005669727159328479
2002-05-23,-0.037326067018514396,,,0.008680780186445483,-0.00875400965931119,-0.018147825819263757,0.010132409207079519
2002-05-24,-0.015783803368617056,,,-0.008680780186445535,-0.018736779035071306,0.029479755238414472,-0.012160276727984639
2002-05-27,-0.0206667358789343,,,,,,
2002-05-28,-0.008154013512210073,,,,,,
2002-05-29,-0.022472757638339818,,,-0.009008511583359705,0.000588728052101006,0.001792129305731982,-0.006432644922662763
2002-05-30,-0.026668190738242316,,,0.0044226048847820785,0.0,0.01333950734206522,-0.0028138383387533096
2002-05-31,-0.011118229974323128,,,0.021283165565661243,0.020407163711127215,-0.02197114711495313,0.0023266549682816537
2002-06-03,0.06609014606630287,,,-0.02792374882701509,-0.01609649335652206,-0.013454667630918182,-0.02510778918222929
2002-06-04,0.005797245134196934,,,-0.0005558375172912416,0.012434537156766814,-0.04263137806094151,9.50114139799092e-06
2002-06-05,-0.021028751382885583,,,0.025595745656885244,0.007716416727490527,0.022103736857044053,0.008811046396816432
2002-06-06,0.0,,,-0.022821929763022303,-0.02234656473622539,-0.02210373685704401,-0.019961702247038617
2002-06-07,-0.057088891879889386,,,-0.0018482599578406413,0.008024471977612233,0.00855950383937122,-0.0015753499911633699
2002-06-10,0.014888367810722076,,,-0.005937939639794718,-0.0009752749595276409,-0.007604658352507526,0.003119088855630685
2002-06-11,0.004913934840642051,,,0.0050123837037723195,-0.00645973525264018,-0.005549876657102666,-0.016768655471583918
2002-06-12,0.018215671207722727,,,0.01256016504526383,0.014234358112219533,0.010119839670782267,0.006549180408375559
2002-06-13,0.0,,,0.00036714718209065144,-0.00816473958069646,-0.0151215164138451,-0.010542916396383087
2002-06-14,0.010771982830588018,,,0.006401523171028135,-0.00646262705088276,-0.025392313791278185,-0.002270869624141374
2002-06-17,-0.053802590471578524,,,0.007266106913292484,0.016368156104937217,-0.00019766716592587124,0.02828754512479371
2002-06-18,0.0100001796283402,,,0.0009043444201713052,-0.00951541233293733,0.015510257454054755,0.0009356736295864206
2002-06-19,-0.0642068662118379,,,-0.00398593340750714,0.012217899758103877,-0.01353350269977898,-0.016674125328220636
2002-06-20,0.00792579665811661,,,0.011552788062777599,-0.01221789975810396,-0.020348114213060396,-0.01352253507426956
2002-06-21,-0.0026350505423187297,,,0.005011729687084012,-0.012764071229920232,-0.002825245858749872,-0.017189664118057984
2002-06-24,-0.03626991897283095,,,0.016822754082324795,-0.0029688195029055134,0.017231461961465053,0.003612727412517612
2002-06-25,-0.015162409730973587,,,-0.026691880543465253,-0.028550157828118743,0.013417928476965872,-0.016842587199017135
2002-06-26,-0.031031849293585847,,,0.001621199815460054,0.004476260350542635,-0.01899552217357616,-0.0026773626837605542
2002-06-27,-0.011527516750852344,,,0.0098545930972035,-0.013285190123721516,0.01072916989380189,0.017422542621819588
2002-06-28,0.04671762247132634,,,-0.001606666451523334,-0.008264710876322991,0.0463401482884871,-0.0008280978782512229
2002-07-01,0.0,,,0.006231342285803875,0.016869316963581907,-0.01904791763199839,-0.0216197410782649
2002-07-02,0.04198332616111853,,,0.0058389698599218545,-0.026249472245439474,-0.004626402295316989,-0.02145391195362685
2002-07-03,0.002648825946512307,,,-0.0012359238257792068,-0.005670417297713925,0.02027273571136038,0.006203716192900638
2002-07-04,0.013141079831329028,,,,,,
2002-07-05,0.012970180151875272,,,,,,
2002-07-08,0.005141404107423199,,,0.014241960925670793,0.01547146610816674,-0.01583702273403231,-0.012258533442125267
2002-07-09,0.01526713358570021,,,-0.014773376439867661,-0.07610925271091935,0.001556604989568126,-0.02502963938534363
2002-07-10,-0.035993647810892274,,,-0.03131399315174185,-0.014686926543236566,-0.01626374525413934,-0.034552144296682984
2002-07-11,-0.07612330419049776,,,-0.029498796443781086,-0.02749806588610859,0.005319562672438125,0.007468240337020749
2002-07-12,0.0028205842751092784,,,-0.03955985577521701,-0.030411592592305584,-0.006703599102298113,-0.006469202376315163
2002-07-15,-0.05798711989458868,,,0.01843892099055295,0.0035563378757247762,0.007489292991919717,-0.0037622882806773667
2002-07-16,-0.024170386383362365,,,-0.03184859785401294,-0.04230232730688149,-0.004525987458341346,-0.018682461584747102
2002-07-17,0.0,,,-0.0073726818605327074,0.045374673138442005,0.01020395956386027,0.005644765501472655
2002-07-18,-0.029482109997701532,,,-0.042281468479065075,-0.05032516153966119,-0.0015630353093627788,-0.02739036837838281
2002-07-19,0.023347222121565342,,,-0.06108123918079177,-0.10729268051410182,-0.02735577646428662,-0.039107281543326815
2002-07-22,-0.0344323412446002,,,0.01758679449160631,-0.019526153706396758,0.018714852209789065,-0.03346441408856531
2002-07-23,0.06771845421869807,,,-0.02896158649245496,0.013152641003120595,-0.019921002475239397,-0.0273887646973144
2002-07-24,-0.005970589400408843,,,0.04966518742649576,0.09488066975056042,-0.0030227604188862566,0.055744300086781
2002-07-25,-0.024243642342097645,,,0.015041540724290306,0.02175895759854109,-0.03616581205607779,-0.0056476837626427585
2002-07-26,-0.02957412322897394,,,-0.002315574038315025,-0.005458174860745052,-0.0060870733478137875,0.016742769572254283
2002-07-29,0.038734716221583046,,,0.040881006504727306,0.05657811138859705,0.0008418793159113636,0.05266657592569263
2002-07-30,0.07605991992988655,,,-0.02623638935016827,-0.018985108173945074,0.02820643246180802,0.004240359807039845
2002-07-31,-0.0042340626278174484,,,0.03650173757179278,0.02834405896181316,-0.019201900185370758,0.009744307372802671
2002-08-01,-0.02289116648124403,,,-0.00020116829811470157,-0.010300238026714684,0.012842191136955075,-0.030019871177999043
2002-08-02,-0.0413647816924939,,,0.0033995914269161283,0.010533316973967335,-0.010135901916322645,-0.023352863334735605
2002-08-05,-0.05423472459713205,,,-0.035347961048675734,-0.04792930605116948,-0.014660132515402094,-0.034897957804021086
2002-08-06,0.009508798474543846,,,-0.010184352175297052,-0.010311884096766583,-0.0010551462810596325,0.029479733821624495
2002-08-07,0.00941912329813866,,,0.02353522954785125,0.033967335476733716,0.04642404418266339,0.01981244982962769
2002-08-08,0.020109030155717023,,,0.036265561035507154,0.012563987424073386,0.006030280098485502,0.03219840356906479
2002-08-09,0.01519777266873237,,,0.00549483884149544,0.0313067128829483,0.030589378150770202,0.0035058661250422906
2002-08-12,-0.010614054739654454,,,-0.005691612789047368,0.011350739083773764,-0.009765841602622567,-0.0053409087795618015
2002-08-13,-0.012270320875820936,,,-0.010883170688695588,-0.008842934704062746,-0.017023071592835757,-0.0219134676341581
2002-08-14,-0.004640223437329892,,,0.03307203279298257,0.024743272703201105,0.02191769426599104,0.03926592009259337
2002-08-15,0.0,,,-0.010448854169787719,-0.011396006253933815,-0.010602643405382138,0.011492831297458544
2002-08-16,0.04100832867437141,,,0.015057316634173836,-0.002474180190283452,-0.019937279936835448,-0.0015922160771434711
2002-08-19,0.0029717728518247615,,,-0.009432393757242832,-0.010644987140090179,-0.019520529155730913,0.0233374170554417
2002-08-20,0.04921392405305494,,,-0.0013550545656973029,-0.0070830890742424,-0.0014382454541467902,-0.014056487627908718
2002-08-21,0.016806745790543427,,,0.021271291252834643,-0.0004587309848772992,0.025579974692037283,0.012645977349959245
2002-08-22,-0.011172923093722021,,,-0.006467425308755141,0.0032067910680549897,0.0022025177962740573,0.013953791536835123
2002-08-23,0.0,,,0.0057089903167180985,-0.013351796474386423,-0.00020009863676899084,-0.022947514412120763
2002-08-26,-0.06979614060649826,,,0.005864571730419854,-0.014473018341538501,0.02859275209219983,0.007507436073546675
2002-08-27,-0.024391484232244513,,,-0.009286170804917015,-0.029347535875394626,-0.005653307127944663,-0.013947765903818604
2002-08-28,0.02439148423224448,,,-0.02389315744286357,-0.03373439736154617,-0.013779981810119836,-0.018298242149143953
2002-08-29,-0.0030163867317706673,,,-0.01731006998590317,-0.023565703079960584,-0.014172791073686679,-7.627441196337969e-05
2002-08-30,0.026827065069663918,,,0.011834345130139397,0.01400380712795325,0.006013292590272685,-0.0018866996968500106
2002-09-02,0.020379488507944476,,,,,,
2002-09-03,0.002877401937545803,,,,,,
2002-09-04,-0.03956538820272714,,,0.011552302090673327,-0.012622400539596734,0.007272749136966063,0.017365041581542156
2002-09-05,-0.018100165833243215,,,-0.02303612550070493,-0.018426870756145953,-0.0020728222594733974,-0.0160788768845293
2002-09-06,-0.024654589373938465,,,0.0108830462297154,0.02370587901335394,0.021550257609630703,0.016660707232347714
2002-09-09,0.0,,,0.009178640826219053,0.01774076586534053,0.011707978220538503,0.010062013388429863
2002-09-10,0.006220866956950875,,,0.01223822052237554,0.03206376345028445,-0.010287629927084176,0.007304693315016768
2002-09-11,0.007722215700273489,,,0.006478709476786128,-0.01108020896365729,0.008681152381102926,-0.00014293868813599643
2002-09-12,0.04069879405835248,,,-0.030802087767891128,-0.003043542888883786,-0.004028234095672499,-0.025096553340929875
2002-09-13,-0.01039351979885392,,,0.002016781167646212,0.01961852152139337,-0.010754071591351349,0.0032644727782568813
2002-09-16,-0.01503789312962502,,,0.020532029667070736,0.01972927674789972,0.0022417604635249807,0.0014486731753964076
2002-09-17,0.041549045900224325,,,-0.03473158687101827,-0.04240016356980766,0.0157514384564275,-0.019925579155946997
2002-09-18,-0.03550693506079676,,,0.007124553304221429,-0.031050399612420572,0.06252024778722663,-0.004658693507558173
2002-09-19,0.003007734196352129,,,-0.03362176163959933,-0.02393729504138925,0.000376512308724879,-0.030525863220725768
2002-09-20,0.0,,,-0.0031517664031694283,0.009377116487141738,-0.02283650407794311,0.0024515853332543647
2002-09-23,-0.04138531494018512,,,-0.011002927093467408,-0.008032429823916115,-0.013566206761348924,-0.013924436611466147
2002-09-24,-0.030184842782127425,,,0.004246522202949427,-0.01162621245870863,-0.01553465938174073,-0.0174355553457417
2002-09-25,-0.03278997274386451,,,0.02696360796768856,0.0062357864735548135,0.016933408888605263,0.024558931297823196
2002-09-26,-0.03390159174074617,,,-0.0012383925087699969,0.010752443225433951,0.019764424214883322,0.018045985962022223
2002-09-27,0.01199702752557182,,,0.0012383925087700307,-0.0191661758143566,-0.004615707562005099,-0.03279101266239068
2002-09-30,-0.0506662785405571,,,-0.01099071853117239,0.007061175137902022,-0.015148716652878248,-0.014720340855098001
2002-10-01,-0.007194033433312641,,,0.04285495738017164,0.020094353890729676,-0.01776961049889988,0.03924281795629962
2002-10-02,0.04067798485705026,,,-0.0032008742921866354,0.001325765293088296,-0.02930966481392475,-0.023870046023859417
2002-10-03,0.0,,,0.014325601785614117,-0.014139846102656457,0.00817168358065339,-0.010881373553519445
2002-10-04,-0.008703707503693293,,,0.005516182303624866,-0.0059277156301406645,0.01514399495044163,-0.02268656050488621
2002-10-07,-0.06128043574872855,,,-0.015243043448751954,-0.03352917942758159,-0.03569998968163374,-0.019296106939168382
2002-10-08,0.054262855365531826,,,0.038928883442245536,0.13861925027908695,0.006211293848498301,0.01675718842577852
2002-10-09,-0.01597196335048193,,,-0.00944559806198087,0.012332607656592852,-0.04582263489304983,-0.02766613289814817
2002-10-10,-0.05516090727420177,,,-0.0032983313587587088,-0.0009619420177133248,0.013307861048250045,0.034368305564888964
2002-10-11,-0.036577332884070765,,,-0.0001943103937353474,0.02611756350332221,0.017961705961029018,0.038315153254171314
2002-10-14,0.07550702686322393,,,0.02115446172189352,0.007006322097773543,-0.003566771903461652,0.0072998190057616385
2002-10-15,0.07864338934275585,,,-0.0013327915005453012,0.008111501485987577,0.04961048305289682,0.04624935832453217
2002-10-16,0.031433152405752667,,,-0.10603802701410713,0.005295595100644639,-0.010453948501396651,-0.02440840356570623
2002-10-17,0.016155795396887603,,,-0.027929059905034158,0.004353543178534051,0.02139384166601013,0.022056749472337968
2002-10-18,0.07112719727904046,,,0.010618683379358018,0.001370374795424227,-0.01173988404551543,0.005885741408169234
2002-10-21,-0.048939262691414576,,,0.03411736056824516,0.024804026042502383,0.014703083116177034,0.01718541286405438
2002-10-22,-0.03671644497176547,,,-0.0025032507521738695,-0.004240254890950156,-0.03840087915063282,-0.01068237956569947
2002-10-23,0.03984601393176402,,,0.0012521282321305905,-0.002688218438894678,0.03047975776805369,0.0066954754351346065
2002-10-24,-0.026921298614612503,,,-0.022145877000669948,-0.0002238767308235856,-0.00998994576215739,-0.015337878307867136
2002-10-25,0.022222826910010714,,,0.001705022157157395,-0.008786849128917787,0.02224072242214943,0.017021475707138044
2002-10-28,0.04151238314582047,,,-0.02239054926663126,-0.02474340931882063,-0.02023469494521678,-0.008300430148164086
2002-10-29,-0.01823761073770946,,,0.009749617008274683,0.012677299960967864,-0.03217556514578836,-0.00911769711671531
2002-10-30,-0.04229257722470119,,,0.010082799535588195,0.0027447275663432676,0.02956706594946034,0.009656784918521018
2002-10-31,-0.009646273619500963,,,-0.007928818441023656,0.007282821942006866,-0.02378902341874807,-0.005572877593899489
2002-11-01,-0.026188098369804347,,,0.007502072099817845,0.0045246226463670795,0.05016111939680565,0.01701484132002466
2002-11-04,-0.004987836318108827,,,-0.024425825587087127,-0.019834135603813866,0.012639833906477639,0.008168854113023245
2002-11-05,0.006644550413283405,,,0.014338369145917355,0.013039041092571656,0.008849543414853856,0.007720479968744898
2002-11-06,0.0718588673388258,,,-0.020924668078400682,-0.010739227758457422,-0.00884954341485373,0.00910208823907978
2002-11-07,-0.0030868556870410273,,,-0.01285801718730721,-0.0011495419030546567,-0.0005797014721477422,-0.023117399785440213
2002-11-08,-0.03299568656088958,,,-0.00671527692912374,0.0068764195843802845,0.004051979228307325,-0.008801746066798741
2002-11-11,-0.04743313123501997,,,0.0008978248639129867,-0.012179969202892072,-0.010258411575359673,-0.02095019718133086
2002-11-12,-0.022016448489595133,,,-0.005626344696614723,-0.018670144043716738,0.009295016565600875,0.007685622502778991
2002-11-13,-0.0017134397952568515,,,0.02055027411640637,0.022363146486671797,-0.0023157441697987608,-0.00047577192401532454
2002-11-14,0.006837579800518889,,,-0.0019919719932569996,0.019165443928284814,-0.004647638712883509,0.024335194203291947
2002-11-15,0.025232473970607894,,,0.018220491631107106,0.014804713121909523,0.03284026151292152,0.006129777692192471
2002-11-18,-0.021831225481190864,,,-0.001088149850686353,-0.014127312772793681,-0.031481992279316445,-0.010463120579778832
2002-11-19,0.00508063296879541,,,0.010182790424417758,0.013904703463632186,0.005026926848428257,-0.004028712996013079
2002-11-20,0.010083894182808395,,,-0.006704887354321124,-0.02594622524138127,0.019480998149786783,0.019228744401268216
2002-11-21,0.01328913093115178,,,-0.0069686156884365795,-0.036308037871771774,-0.019480998149786752,0.021224757871396
2002-11-22,0.026060136261710668,,,-0.00767842352341832,-0.003800083456380664,-0.006773310523055099,-0.0034436602808642575
2002-11-25,0.06232553091934515,,,-0.006628164195611543,-0.013171761443453044,0.022084313274451275,0.0024900543562246143
2002-11-26,0.02092774816714506,,,-0.0024518728051544122,0.0,-0.010693122929120885,-0.021190490158846793
2002-11-27,0.008836282402337125,,,0.031420426259512586,0.019102594825312857,0.017318495547540537,0.02760165899942655
2002-11-28,-0.026747643837711495,,,,,,
2002-11-29,0.055651620667540404,,,,,,
2002-12-02,0.0,,,-0.00968716432946792,-0.006376186092246755,-0.008161680050874105,-0.0019028551594492812
2002-12-03,0.02531744303267994,,,-0.006659160381988407,0.01621424427621149,-0.0022900408223822397,-0.014855205133207318
2002-12-04,-0.05715838536232725,,,0.016346324711456327,0.01439913441653917,0.010451720873256432,-0.003448767112179138
2002-12-05,0.005865534326285444,,,-0.013455072592082824,-0.003233292944114484,-0.019084506996613702,-0.012093615806547987
2002-12-06,-0.008810842541363509,,,0.008183513468735512,0.016973120211480973,-0.013970293285986679,0.006245957444590387
2002-12-09,-0.03298653347923865,,,-0.006630910566129326,-0.01743594657089523,-0.0025429907147600937,-0.022425997271028626
2002-12-10,-0.018462190891948605,,,0.030570802387741985,0.012419972672421674,0.008387506956902045,0.01386090506426925
2002-12-11,-0.003110208948808244,,,0.005361672683129456,-0.01380982341860686,-0.004477729016222097,0.0005637304640711104
2002-12-12,0.01851895910401558,,,-0.019002652302866126,0.0006959740461962852,0.011446565696718912,-0.0037419694595448054
2002-12-13,-0.020077970533360384,,,-0.0004363513872735771,-0.03128611788944736,-0.013399700161238225,-0.013511798295627903
2002-12-16,-0.03816036444728353,,,-0.002620943649879605,0.01305614370015868,0.0151343936342386,0.02324708983574181
2002-12-17,0.014481418308162604,,,-0.017871311854513235,-0.029195204312851768,0.008628187677217807,-0.008172621845138695
2002-12-18,0.02989981309607173,,,-0.008494871714248545,-0.008046066534752443,-0.03358569835891095,-0.013232375286256311
2002-12-19,0.0,,,-0.009474968762167149,-0.009345715254524345,0.0007893495527439472,-0.0077392649719336196
2002-12-20,0.0,,,-0.000906751431760286,0.01933300170160229,0.0060969885397686345,0.01293270276840668
2002-12-23,-0.044381231404234375,,,0.007007914659146676,0.011565855265383536,0.0,0.001806881274973349
2002-12-24,-0.026274233941380457,,,-0.003610941748600174,0.006209706588468429,0.018263518633358847,-0.005486545312232815
2002-12-25,0.0,,,,,,
2002-12-26,0.021399962629458574,,,,,,
2002-12-27,0.001673986112794048,,,-0.015522184850194055,-0.0176028114019273,-0.005912349561127125,-0.016158384433054073
2002-12-30,-0.0746225632082078,,,0.0009193820634960806,0.009077887003654162,0.015186145558250489,0.004547549304138501
2002-12-31,0.0,,,0.007556398175623281,0.004034984347406742,-0.001508519967784202,0.0004888474701413097
2003-01-01,0.0,,,,,,
2003-01-02,0.03017054817700805,,,,,,
2003-01-03,0.04277859661545567,,,-0.0024558395956020295,0.0069370120360380556,0.004819976680284902,-0.0004841522831042316
2003-01-06,0.013311044556433789,,,0.004014924090031499,-0.010190337090596432,0.01995912312639912,0.02222553665158527
2003-01-07,-0.04565449612263972,,,-0.012544461600791323,-0.01832359028550101,-0.01332305263668834,-0.0065661294926720026
2003-01-08,-0.00868805924548792,,,-0.006558751456445889,0.012252727420427946,-0.02700102332102684,-0.014185718611712493
2003-01-09,-0.059316625131601845,,,0.010383545753187328,0.010251817247569213,0.01163495972369978,0.019200605801964157
2003-01-10,-0.016807358726994168,,,0.014933756787719688,-0.0065117198910213964,-0.009372119493517657,0.0
2003-01-13,0.027857040422354575,,,0.012313520399671684,0.008827205213846966,0.0016933854388604802,-0.0014132879115825274
2003-01-14,0.0324350723670638,,,-0.0006562980288283142,0.004844909324224748,-0.006223714016089629,0.005812929118617342
2003-01-15,-0.007117067303013051,,,-0.01831638275283174,-0.011806999380682075,-0.003980609689513701,-0.014530931016391217
2003-01-16,-0.016202144055803894,,,0.017004418923084713,0.01823032781660324,0.0009494335709399517,-0.003950196888388033
2003-01-17,-0.023876321818821714,,,-0.012560563901105281,-0.0018306341868611824,-0.01164255650006077,-0.014116164167858434
2003-01-20,-0.014981600208430212,,,,,,
2003-01-21,0.0,,,,,,
2003-01-22,-0.026770129034728134,,,-0.0038085120864370992,-0.01276861428347661,-0.008642657400175916,-0.010487202275181195
2003-01-23,0.02298965107990363,,,-0.014698316592534918,-0.020536348939727694,0.015853268795486205,0.010171737971112748
2003-01-24,-0.03272678959683979,,,-0.024675746558001168,-0.020967217041095054,-0.017037653214751942,-0.02966925270955569
2003-01-27,-0.01776959153328278,,,-0.024581500856923504,-0.012498387991879715,-0.012121140251564954,-0.01629178385249297
2003-01-28,0.007936842063000792,,,-0.016648900722245785,-0.0004936941422124969,0.004985668843134025,0.012966029443826306
2003-01-29,-0.05275078837068476,,,-0.013472165182520708,-0.00049348514601608,-0.018471138918805148,0.006756085188473634
2003-01-30,0.02874936211711518,,,-0.03385912241529684,-0.04545092018679769,-0.03400615729775074,-0.023114366731580436
2003-01-31,0.0,,,0.03163712376121716,0.04471050746440828,0.0020943845123267833,0.013044896679016545
2003-02-03,0.053214359304552615,,,-0.007691617614229538,0.006402102739571211,0.022751655612409268,0.005384559885174526
2003-02-04,0.028384526492334316,,,0.004473364528718327,0.011228202906371791,0.0121953900064716,-0.014187950142553593
2003-02-05,-0.022642541910887964,,,-0.00696736838564341,-0.0029174491439407555,0.004031830050375027,-0.005449845022301613
2003-02-06,-0.02316745846895515,,,-0.0035013025276321307,-0.021157122627974794,-0.006459246083013795,-0.006469515204079759
2003-02-07,-0.009813520394182927,,,-0.009567139458645272,-0.030546020884760036,0.0024274160326387454,-0.010144971214753327
2003-02-10,0.02146437223360398,,,0.013318571109580617,0.006133136850564021,-0.007095820352814276,0.007540552236937189
2003-02-11,0.022901706019051053,,,-0.026816923681130738,-0.022154468842311762,-0.005917825303705386,-0.008131296944902043
2003-02-12,0.02238900173643648,,,0.018796703306878503,0.0005213028676490676,0.0002045612586957395,-0.012768117118207323
2003-02-13,-0.02806560619881698,,,0.006020876728043732,0.012676348203255096,-0.003484492744089895,-0.001601415419246122
2003-02-14,-0.0327892011570429,,,0.020302918690758596,0.024378772307354978,0.016697628041806287,0.021208134445614223
2003-02-17,0.08275368273806653,,,,,,
2003-02-18,-0.010889741179343061,,,,,,
2003-02-19,-0.024008429654291938,,,-0.010517661194031035,-0.004733280004441062,0.0036529425228194632,-0.0071213860718171325
2003-02-20,-0.0037452710291205234,,,-0.01536212411372372,-0.01737865376885936,0.006260499704797701,-0.009546958954540238
2003-02-21,0.014897900754284682,,,0.014624504255858243,0.0010161939239763241,-0.012764772404291896,0.01313755874821075
2003-02-24,-0.0018499566865278665,,,-0.02038386210967587,-0.014572768152094708,-0.009218420475766731,-0.018551733389043056
2003-02-25,-0.059121365424723266,,,0.013965894867372495,0.00025716495525695654,-0.002678721475482921,0.007168735061912846
2003-02-26,-0.005911030920867526,,,-0.01647972735873307,-0.015568598519604548,-0.001652587079784537,-0.013228555286300596
2003-02-27,0.013738950007790024,,,0.013503214876683177,-0.0005227572506696954,-0.003935078355491316,0.011689063978690684
2003-02-28,-0.021675792070790713,,,-0.0009940161242768817,0.0026129727053316835,-0.014842941526869864,0.004611454575361189
2003-03-03,0.033303799897347726,,,-0.02543234876317964,-0.005495583867910262,0.020843327358779667,-0.007565881065893376
2003-03-04,-0.025366957834346938,,,-0.02165636917722957,-0.001575413209316438,-0.0006194084860382181,-0.015475933472308011
2003-03-05,-0.07806867420407679,,,-0.02160209730474731,-0.019907784931115044,0.004325261102881117,0.00951671449528586
2003-03-06,-0.05715836698139117,,,0.0,0.009339822365553032,-0.02518116687994887,-0.009382919685983232
2003-03-07,-0.01137664451989305,,,0.003986534988459825,0.022325268823417302,0.0012634400434147538,0.00822546155472208
2003-03-10,-0.016148193281331328,,,-0.016851945732444414,-0.019143331247168393,-0.007605645439412574,-0.026169211215295182
2003-03-11,0.016148193281331276,,,0.01579070024509178,-0.001854672518439384,-0.02143734637204321,-0.008394475599230986
2003-03-12,0.03374893514951288,,,0.01616087685408223,0.004782081608324595,0.018037714296780385,0.004311775502897432
2003-03-13,0.017544436792987613,,,0.0361333999912925,0.02950974746554382,-0.0036240877622516978,0.03387670793320655
2003-03-14,0.02575228381215606,,,0.011341910337013067,0.0035958244769589507,-0.004281052859248158,0.0016454721021231253
2003-03-17,-0.08393425956646813,,,0.026951760574529696,0.035268666725553906,0.011940643699227017,0.034813556070002034
2003-03-18,0.08181336128951965,,,-0.0004877798626936434,-0.004714228321732733,-0.005100232860345593,0.004233119365493321
2003-03-19,-0.014973151302074321,,,0.020295259060257566,0.006198041421689297,-0.0006395324115234952,0.008698862860555134
2003-03-20,0.05859397780099343,,,-0.006720247549552588,-0.007691086706857853,0.01249885279263126,0.001886007082035928
2003-03-21,0.04374467574375841,,,0.017188661412782427,0.03307070183516897,0.010888692096759736,0.022716697858611124
2003-03-24,-0.001947624007234652,,,-0.03222927806356562,-0.03481604836740545,-0.001876405629830236,-0.03586707149377211
2003-03-25,-0.03774037626135944,,,0.002197463911207488,0.0004988902234623003,-0.008590822432497503,0.012087773698511243
2003-03-26,0.016064584190568745,,,-0.006606838210791269,-0.007006939143314847,0.02259062881892423,-0.005490935416151998
2003-03-27,0.013847872983868354,,,0.003186998479887516,0.011733887884060787,-0.011231556967487925,-0.001645116651062916
2003-03-28,0.009775543094157131,,,-0.003186998479887461,-0.009727178194196108,-0.016661830110440437,-0.00579673852680565
2003-03-31,-0.0684373623857094,,,-0.0061568524099006785,0.002503742489651507,-0.04502228612227821,-0.017901028803951842
2003-04-01,-0.04038774493374064,,,-0.0022261934785748373,-0.0005003203753900697,0.016766069687759635,0.012070492085123466
2003-04-02,-0.006529246694651804,,,0.025905532766824522,-0.00702804315840655,0.0032762284530257354,0.025780778962752663
2003-04-03,0.013015700469350012,,,-0.006049492324945957,-0.03930141870171667,-0.029205478780870636,-0.005064468234289504
2003-04-04,0.060624166377736474,,,0.01684763796105263,0.01223745640084768,-0.0042746887484427,0.002734535282983263
2003-04-07,0.07236793017393699,,,-0.004784482716104712,0.007220528297975781,0.017877351972369865,0.0012281436508098824
2003-04-08,0.007518919352197956,,,0.0035899159185850803,0.007933565731743504,-0.021491813522315623,-0.0018655403207810616
2003-04-09,-0.04794790545327685,,,-0.004310123320555531,0.004070413402127064,-0.0029460527411792952,-0.014103460334560431
2003-04-10,0.042314006697729105,,,-0.005534242140191349,0.010103902533970319,-0.009807389632104266,0.006434326234618374
2003-04-11,-0.0018850205966503492,,,-0.00024148694418004506,0.011990905345143297,-0.034273430428184384,-0.003770413101379845
2003-04-14,0.016838679561002913,,,0.023378477698968336,0.017233660857492065,-0.004754704201122099,0.019310213177267756
2003-04-15,0.022019242466248885,,,0.002826150758207711,-0.00981164117496752,0.01325790030702021,0.006283682258609843
2003-04-16,0.06838752487105294,,,-0.06383384304135913,-0.01665275164847022,-0.0032983331216008627,-0.012311559449868378
2003-04-17,-0.008510601293672832,,,0.012453565549252544,0.06406904651896049,0.0318151269727267,0.01541628625690498
2003-04-18,0.030305442881826346,,,,,,
2003-04-21,-0.0049875566863442685,,,,,,
2003-04-22,-0.03735566809937994,,,0.007451925941455316,0.010934020539983514,0.0031800453451752185,0.021471602310611886
2003-04-23,-0.031636997617678395,,,-0.010197810065143921,0.01641301678293714,0.004977589509297112,0.008358949618774869
2003-04-24,-0.02898755823344681,,,-0.0022525572956253685,0.007644764737325185,-0.006339011257932326,-0.008293119512326398
2003-04-25,-0.05090652201349297,,,-0.012353375884970432,-0.015817171700035673,-0.027866157095902743,-0.01394312316572739
2003-04-28,0.028600890974024087,,,0.022821917286531997,0.018583279114522455,0.008140754041223757,0.017677552473808776
2003-04-29,0.06195033426327104,,,0.012321691739175048,-0.0002301398218919941,0.01014020721927736,0.0032738967977797243
2003-04-30,0.014035241755009031,,,-0.010587508727525308,-0.003689965203806947,0.037579105181632017,-0.0010029039411495178
2003-05-01,0.0,,,0.0009897340015083494,0.01102946460915109,-0.012668452256791436,-0.0006764001600831976
2003-05-02,0.0034782750371287145,,,0.013752539932204285,-0.007569692203766035,0.013110005104239934,0.014926813678558365
2003-05-05,0.0,,,-0.011529377656680422,-0.003459772405385108,0.02183502748353616,-0.0038026246923319423
2003-05-06,0.017211949752171333,,,0.012016800750958494,0.002537881403806802,0.01819216921504961,0.008425928003602576
2003-05-07,0.010187107129202165,,,0.05339989776244622,-0.0018451542888427471,0.008026720206230025,-0.005118030395229843
2003-05-08,0.0,,,-0.00905392338812264,-0.00486080843065036,-0.015905065155086832,-0.010108768772651234
2003-05-09,-0.0033843378486179076,,,0.02555678506141965,0.013596130460168995,0.009361747346517148,0.014177391736409863
2003-05-12,0.03497442189576958,,,0.011526998280948572,-0.0002286245757283761,0.004226514205031827,0.01245678912932096
2003-05-13,-0.03159008404715177,,,-0.005633864536343209,-0.004819534999675417,-0.012306413079077583,-0.0029776250785519638
2003-05-14,-0.03262078029167649,,,0.0,-0.0023027248722030263,-0.007285014670403152,-0.0032100267454691516
2003-05-15,0.02413882440473238,,,0.008775090963201542,0.009180506526172293,-0.00755570034001672,0.00783689004237993
2003-05-16,-0.029388433068575023,,,-0.015577618370606292,-0.010795659169678598,-0.004343284119427035,-0.0025066462131605963
2003-05-19,-0.041187316658245404,,,0.0036340021552675223,-0.007418100469101614,-0.009182073876170486,-0.025233601618067265
2003-05-20,0.025271811750349954,,,0.009251057852750327,0.00046532128961915785,0.01222453868096073,-0.0011301702506951133
2003-05-21,-0.010752520409031905,,,-0.008571623902079245,0.006952779179482374,-0.009592584115785018,0.004004022944009453
2003-05-22,-0.009050169716346071,,,0.008796778889195191,0.009881851540598115,0.003280526829701422,0.009109164321114476
2003-05-23,0.04618952710741887,,,-0.007664066003650623,-0.003895542231429187,0.004357269737773462,0.001447625419073617
2003-05-26,0.0,,,,,,
2003-05-27,0.0034663358351850297,,,,,,
2003-05-28,0.010326912143337311,,,-0.011258252154518977,-0.014362402917552938,-0.011443933306128138,0.0018270496802688227
2003-05-29,-0.0068730177675221426,,,0.010362592670395888,0.004353798543616012,0.01885628399428822,-0.0037627153926247667
2003-05-30,-0.006920230211000158,,,0.021067268492142206,0.01046120703089786,0.0350016793223541,0.014582939974266193
2003-06-02,0.05077214128170289,,,0.005034600398874142,-0.002264733097670992,0.01498808692498637,0.003532574646307761
2003-06-03,-0.03697889330318061,,,0.006745262444672755,0.0029432119112767895,0.0010319904460168222,0.004704529108941449
2003-06-04,0.030356781375157914,,,0.01035648526701001,0.014366167071186844,0.029288505867676812,0.014996698227585568
2003-06-05,0.051791116639404694,,,0.00406983953110091,-0.007830396592452793,0.006592501289076434,0.003946639276500611
2003-06-06,0.0,,,0.0023480556218238883,-0.004954468639181962,0.006549576400582007,-0.0024065989201963495
2003-06-09,0.03715609387529761,,,-0.00042598578785868447,-0.006340266037459029,0.021914491749245955,-0.012048908121465586
2003-06-10,-0.0060974951259417645,,,-0.005777165027898387,0.008144799766836363,0.0067506178825155775,0.009088363673824899
2003-06-11,-0.006135111345531535,,,0.00901449707848225,0.004738072059255072,0.018097493779881596,0.012752860158620625
2003-06-12,-0.029666272284154513,,,0.013793548066297163,0.003818562020706548,-0.0017004342989396532,0.0010320987513455528
2003-06-13,-0.014366138696806833,,,-0.002109788954431731,0.0031339633508272336,-0.01909174250478434,-0.009964276289370997
2003-06-16,0.012779768161048496,,,0.01779266488464548,0.01684459598772007,0.008062970662363788,0.02213810384766681
2003-06-17,0.014184892606885175,,,-0.020965477393487027,-0.013720504818773,0.009893660913623157,0.0009097933052538782
2003-06-18,0.010894766807445106,,,-0.004246781074348035,0.0017817829793890581,0.0005675961516834685,-0.0015530571085642822
2003-06-19,0.036478527456104845,,,-0.018900603211411696,-0.007815592829085529,0.0001892675552887113,-0.015353544932995188
2003-06-20,-0.018072937579048726,,,0.007560302495934403,-0.004042806690784382,0.0075389688973168485,0.0009947701794398322
2003-06-23,-0.04666469661872755,,,0.006007145454930795,-0.005869532447956858,-0.0033856781095391044,-0.014211309324766015
2003-06-24,-0.03401114495823652,,,0.00894411590447313,-0.005220292662482803,-0.032161934267036875,0.0018421528232438335
2003-06-25,0.02119052686085433,,,-0.011299761259969846,-0.008915783687425266,0.0,-0.008301180320273589
2003-06-26,0.01916986490371967,,,0.0051327260234578275,0.01390968003981088,0.009680722877758135,0.010708159797852024
2003-06-27,0.020360772995472752,,,-0.007923385115937289,-0.007272376544495756,0.0025015177344026355,-0.009785848748285319
2003-06-30,-0.020360772995472724,,,-0.002152719058542392,0.01494181421191941,-0.004430265480383596,-0.0017634218900367243
2003-07-01,0.03115505197435267,,,0.0017224318799699992,-0.002474343946004202,0.008266862485579021,0.007992609360683222
2003-07-02,0.03910274564073212,,,-0.0023691604631948288,0.001575417296813421,0.028686595678519815,0.011568537660242822
2003-07-03,-0.020865305891947985,,,-0.003239522472270118,-0.009718584902179271,0.010364925996288923,-0.008133604913024199
2003-07-04,0.04419024525033305,,,,,,
2003-07-07,0.012884485467067462,,,,,,
2003-07-08,-0.011444888922237875,,,-0.016373556858451713,0.016761977467477006,0.013686913373452016,0.0033992100641327084
2003-07-09,-0.01012294086340306,,,-0.007718588967284456,-0.012712894562398372,0.02699399485527925,-0.005601870071837125
2003-07-10,-0.008759206959476568,,,0.0029584488114329614,0.05247123191636992,-0.01762720054986743,-0.01357190119870671
2003-07-11,0.04725283744982238,,,-0.0022745416354723303,0.009960673293482453,-0.03335392895477969,0.00950260046028829
2003-07-14,0.0,,,0.008390582549987825,-0.007408100101377194,-0.006806323912793106,0.005714271995592272
2003-07-15,-0.025497115475843563,,,-0.006570690370810474,0.008883080548477224,-0.02290627418208362,-0.0034326599813589084
2003-07-16,-0.02322307819222642,,,-0.024857111687246376,0.005460009380191802,-0.019122344098185563,-0.006347400891690437
2003-07-17,0.0,,,0.04220991923252369,-0.020523679551958912,-0.02140833776272669,-0.012511471261658864
2003-07-18,-0.026787399734818588,,,0.003122612781875781,0.01147744191878377,0.022345515408354697,0.011736573725128359
2003-07-21,0.009009098366963566,,,0.0022245309762184457,-0.005509221326202912,-0.021579897845073453,-0.014725556198844162
2003-07-22,0.030907829528760474,,,0.001998082214146854,-0.00021303326444470767,0.004582163540869011,0.009466693661066124
2003-07-23,-0.011662171942657834,,,0.0017729789790540964,-0.0008498762066934778,0.0028531057491072956,0.0005058885609230958
2003-07-24,-0.0029369684161488366,,,-0.014495369273422229,-0.0072590722782810485,-0.0072438043182304485,-0.007116032794080658
2003-07-25,0.004402373140692231,,,0.011613341585950449,0.009808391313256113,0.00989906939414655,0.017250531155822244
2003-07-28,0.024584867537719192,,,-0.009144981590918018,-0.0160416483814864,-0.007796645891355987,-0.002165170384060534
2003-07-29,0.0028535616991974436,,,0.005140116061617475,-0.008226965615232142,-0.021809446452958306,-0.007291793872162242
2003-07-30,-0.017241662018802416,,,0.011525405478738437,0.0075798469355904735,-0.008425483705767515,-0.0018110751722153339
2003-07-31,0.02008662265463459,,,-0.009075900058067153,-0.006059131987317565,0.00940067194411738,0.0028516627087107533
2003-08-01,0.015504042852529815,,,-0.004904011023159023,-0.015752289991713502,-0.013738811207875744,-0.010312376876165047
2003-08-04,-0.015504042852529711,,,0.003123055853584129,-0.006414708347182796,-0.010330040197554862,0.0027203518276343016
2003-08-05,0.00848654363162256,,,-0.011876767564521846,-0.009364946246440844,0.004382896388971303,-0.017821303454706765
2003-08-06,-0.052034821162064544,,,-0.0058782701697162884,0.0026844857702381535,0.022605888553388895,0.001676545338155906
2003-08-07,-0.020990339889841433,,,0.015301836573440772,0.005125228262252482,0.01408861445717196,0.007253254530505022
2003-08-08,-0.01219531089807587,,,0.0015620389210963563,0.010392851487578904,-0.014088614457171942,0.0035558923770214893
2003-08-11,0.012195310898076014,,,-0.005141432985125578,-0.005514654599559879,0.015429056320126559,0.0030640720105882756
2003-08-12,0.035718190708983626,,,0.000672144811853268,0.008589740818618938,-0.000957022645663666,0.009903932637191639
2003-08-13,0.0014607270730707185,,,-0.003140633246232399,-0.013912283271021616,0.02085330466873434,-0.006401977186592345
2003-08-14,0.02735969963822913,,,0.01228136756050523,0.00066680844954573,0.04278656906704274,0.0065635576932603495
2003-08-15,0.0,,,-0.0011111319964307485,0.005319486858682477,-0.0037819504449682164,0.00016149279264918284
2003-08-18,0.011299683991477951,,,-0.0033377021559654833,0.0013253012873578598,-0.0025295000992594614,0.009113770757476485
2003-08-19,0.011172955759369206,,,-0.01256192717111117,-0.01333353626410501,0.0003617491300055231,0.002607262285548356
2003-08-20,-0.01680678961336546,,,-0.009298200323003257,-0.011249074125709635,0.006489206204451898,-0.002047275905896222
2003-08-21,0.07481361160220176,,,-0.006399756990341758,-0.00408038525967018,0.03339186691607976,0.002964741838714095
2003-08-22,0.0220359581024762,,,-0.007596061557423957,-0.011423924847164488,-0.028553130694947283,-0.010228880904442753
2003-08-25,0.003838615156797145,,,0.018089099807413023,0.0043566156551811145,-0.008619216616598747,0.0006543529758010805
2003-08-26,-0.011560860652224348,,,0.0036238986341455563,0.00820253998927019,0.006830023473214041,0.0030344655550525556
2003-08-27,-0.0025875955919933747,,,-0.0061231463486026375,-0.0009081972925764575,0.011928806866628432,6.019258383265844e-05
2003-08-28,-0.02094262241228995,,,-0.0029620773371852645,0.01666725137197561,-0.017857358733431906,0.006051186744037782
2003-08-29,0.03636732075405777,,,-0.007097674324004603,-0.005151130004385109,-0.001983828950458469,0.005142098324289219
2003-09-01,-0.012837102749774556,,,,,,
2003-09-02,0.010283074358246031,,,,,,
2003-09-03,0.022757057332663203,,,-0.0015998142037017516,0.00044553306458610623,0.024564169763156073,0.004179191612316912
2003-09-04,-0.00250330774511916,,,0.017912130783758227,-0.004235150789894744,0.01744771901045511,0.0016550661733827298
2003-09-05,0.0,,,-0.007895890619954807,-0.009877065068573838,-0.010126262975931897,-0.006421496186531031
2003-09-08,0.008733792238798143,,,0.002713998743582217,0.011216107786199163,0.009286339963488233,0.009985324149892913
2003-09-09,-0.008733792238798135,,,0.001805277447789541,-0.006265299016339777,0.008868084762283034,-0.00824414882264681
2003-09-10,0.0,,,0.0134380777850744,0.007406640833669455,-0.008868084762282926,-0.012044843941237447
2003-09-11,0.0,,,-0.005604738282921254,0.0,0.023913415143477952,0.00542584232141206
2003-09-12,0.0,,,-0.011077074892155172,0.010233551644838268,0.037205370752860005,0.0021719592685294515
2003-09-15,-0.030536823945789996,,,-0.011201844629045242,-0.0006642559350990999,-0.0039604195759133445,-0.0037571915703327407
2003-09-16,0.020461310873461206,,,-0.013422422624008291,0.014948723282408974,0.05856894218723612,0.014196937414540608
2003-09-17,-0.01273906537803418,,,0.0020949869086202564,-0.009867548017844601,-0.0067597883303134815,-0.003259859861945398
2003-09-18,-0.023347082080911463,,,0.013623567374878057,0.007464372515247714,0.005111443012083012,0.013178265159724029
2003-09-19,-0.036076437705697705,,,-0.009679244719194497,0.0008751486092087706,-0.03416533143967353,-0.00316001883365113
2003-09-22,-0.06317852271018506,,,0.0013884487046347351,-0.010103499933994347,-0.033126490557441574,-0.013093198756223726
2003-09-23,-0.019020579628992472,,,0.004154250293120158,0.008572022891889478,0.01179915885150016,0.006053113846697271
2003-09-24,0.011747502645398117,,,-0.009952681727553255,-0.0087934201175428,-0.03368873965824152,-0.019280353601833385
2003-09-25,-0.029631587051540332,,,0.0013941436767721932,0.004845819549319042,-0.0028386210797286633,-0.006071601170082439
2003-09-26,-0.028987833667608345,,,-0.00046417779209978856,0.002633809010496995,-0.003311237715385175,-0.006419680828853111
2003-09-29,0.016884465991458812,,,0.0009293641137279409,0.012846923064245057,-0.0066557622303305,0.00971345945988507
2003-09-30,0.007581664779179085,,,-0.0025574381345054215,-0.008473627571025323,-0.005860593362646645,-0.010596635023890756
2003-10-01,0.013503825644554308,,,0.021417212194288385,0.018376860512908374,0.05074806953958459,0.022094147775449813
2003-10-02,0.029370477304395497,,,0.008168935627635758,0.00491519589749085,-0.02718193541558232,0.001981908137684299
2003-10-03,0.0,,,-0.004757248674331935,0.006163581280010856,0.020776327914366018,0.009375252697306359
2003-10-06,0.012940164302760342,,,0.008366095900681405,0.006334827102009625,0.012769239942071315,0.004360049641707883
2003-10-07,-0.00429455028828412,,,0.005613464361466041,-0.002107153284730003,-0.0007929290981885758,0.004726112646978274
2003-10-08,-0.04549578329620013,,,-0.009447739029706212,0.008403393181857155,-0.0232849161057384,-0.005277283320142506
2003-10-09,0.01785767324188671,,,-0.007032689150578032,0.0037586063025307347,0.017394606986598154,0.004776778457734371
2003-10-10,0.036209424825452294,,,-0.0022790344874614745,0.00041686979025048034,0.001116861691650181,-0.0006451513014176989
2003-10-13,0.0,,,0.007047996338200497,0.006851728357920744,0.004773447427489861,0.006998091228799304
2003-10-14,0.03494436207252096,,,0.009246035186431164,0.003304753007808476,0.0034857761241491527,0.003943050577315539
2003-10-15,-0.016620838062798123,,,0.01226982358200798,-0.012033538280901004,-0.019324872369217472,-0.0025950962125251774
2003-10-16,0.03296993429129691,,,-0.002220179918713454,0.002293526332926327,0.030805794929516035,0.003157088883736722
2003-10-17,-0.005419992298673089,,,0.0011110404229930453,-0.002919692650609466,-0.02790728248922331,-0.010290175994216975
2003-10-20,0.0027137141078693197,,,0.012353833685103038,0.005623466185534471,0.009760852201861887,0.0051440683700092905
2003-10-21,-0.010899323673909814,,,0.003939221595819632,-0.005831871229903083,-0.006069274647775447,0.0012914040875632673
2003-10-22,0.0,,,-0.010317200497761076,-0.0031390538496005064,-0.032896945441687475,-0.015093832405615902
2003-10-23,-0.02496641459265311,,,0.004403030023902781,0.0062671515445783385,-0.013333442280948179,0.003304091577473251
2003-10-24,0.008391398286777147,,,-0.0026402041659264134,-0.0008333392080050273,-0.0025196147583878797,-0.004712310410105174
2003-10-27,0.04626689575638355,,,-0.0046361348789083785,-0.008582293264315451,0.008875467014095594,0.0021552703057985496
2003-10-28,0.021053294648719214,,,0.004195989316845489,0.019361759176219066,0.006977590025240519,0.015073083026475457
2003-10-29,-0.005222048875548914,,,0.010303468936722526,-0.007658225510149207,0.001820109281968279,0.0012601522252622729
2003-10-30,0.03346526141238479,,,0.0032655094050028795,-0.0024963031482228746,-0.01013233710919618,-0.0011169605573733228
2003-10-31,-0.0012666285300815493,,,0.008658656173263628,-0.003965331908999068,-0.031888914937803825,0.003594521265225859
2003-11-03,0.023795894290940464,,,0.006016830129793625,0.0,0.010117526693992237,0.007877881670353122
2003-11-04,0.06701058677840745,,,0.004701330896572881,-0.0014644686061201701,0.05267444039149514,-0.005463348747970752
2003-11-05,0.029648554823047117,,,0.001704371995748816,-0.007779207421137663,0.025883919293569868,-0.0013680765306038184
2003-11-06,-0.043634839891459935,,,0.0008508576723138643,0.012375797502581831,-0.015898074900655163,0.005915092101423079
2003-11-07,0.008182341529999243,,,-0.008328703275135664,-0.010056721945291228,0.015109225304620133,-0.004585031069093424
2003-11-10,-0.008182341529999294,,,-0.00021424349456638652,-0.0016862268624437055,0.0,-0.00580863191620655
2003-11-11,0.032335556392785465,,,-0.002147148561437309,0.010908740768719343,-0.02963783930659688,-0.0005158754844189101
2003-11-12,0.0,,,0.0119657857150868,0.0027083902671718816,0.024415224395944412,0.011363081883396917
2003-11-13,0.03790855038094403,,,-0.003190878476817183,-0.011720755247670729,-0.015511741975793499,-0.000113366570349649
2003-11-14,-0.01100124469687936,,,-0.005127646298698672,-0.003584990877074874,0.0024144718639732576,-0.007644395575324581
2003-11-17,-0.015608022185390263,,,-0.00021372617306731796,0.007157708258449876,-0.021121577809028826,-0.006418393523646264
2003-11-18,0.003365128896394911,,,-0.003863728791126112,-0.009907544483384774,-0.023256698370074404,-0.00912516832111608
2003-11-19,-0.05643411074277196,,,0.007711943819581679,0.015555714741105273,0.0020144641935453565,0.007984205998370382
2003-11-20,-0.010720723193194056,,,-0.008787915008355596,-0.01407442478732603,-0.01435957674492317,-0.008467811760956592
2003-11-21,0.017804680502582215,,,-0.0006460090759180178,0.005064176482154629,0.004245034485468803,0.0015756987213178188
2003-11-24,-0.031065588663551195,,,0.0,0.010261076655984126,0.020460093420244248,0.0160971654518563
2003-11-25,0.033415773309080146,,,0.0032262035749760724,-0.005221733051838222,-0.028455554533008097,0.0017189789642211857
2003-11-26,0.054808025402268666,,,0.0073084747136886695,0.004387895267804201,0.010533730566397408,0.004317433443866976
2003-11-27,-0.00892828051505902,,,,,,
2003-11-28,0.02217384816222439,,,,,,
2003-12-01,0.03871455357605258,,,0.011120491423073043,0.012186408557059054,0.026014702269345456,0.01120148181010298
2003-12-02,0.014659920612967725,,,-0.00021186111459363887,-0.011771279005162043,0.02152026234665637,-0.0032760215526968814
2003-12-03,-0.005211145502969711,,,0.008261206739667152,-0.009181872667538058,0.0012796650526429012,-0.001773538053813163
2003-12-04,-0.02218798330686293,,,-0.0050758355865872015,0.00939001331891979,0.02197859884482184,0.004675677049765602
2003-12-05,-0.019417851564336144,,,-0.005741601235291655,0.007242353168973445,-0.013541251829011421,-0.007713902437453731
2003-12-08,0.008676649304621198,,,0.01817462878739048,-0.00496062254426951,0.010565669135649536,0.007321272282934284
2003-12-09,0.008602302488623346,,,0.0002088920864175677,-0.017980842852022026,0.0001568096582082019,-0.008565518753596266
2003-12-10,0.030576922399028948,,,0.008963491367616289,-0.007223296945157956,0.0015670429053493836,-0.00106642972705257
2003-12-11,0.003110361645178,,,0.004141494465278281,-0.00042690564159941167,0.035383009687700466,0.011416488246889036
2003-12-12,0.01846218820222766,,,0.020049770696927073,0.0,-0.004848672028098551,0.0027315408358722653
2003-12-15,0.016129158190769308,,,0.008471283327753293,0.010397842822272092,0.0027305158083177853,-0.005695125452045471
2003-12-16,-0.006017886979199768,,,0.01771730373050304,0.0006336690933300831,0.005136454549538855,0.006616359448140288
2003-12-17,-0.028573459413796957,,,-0.010114226743541448,-0.005288514405852452,-0.0214766324483112,0.0012548517363960925
2003-12-18,0.036589423062299266,,,-0.004595140724817491,-0.0002118380834811041,0.044418456876536096,0.011728728082732768
2003-12-19,-0.0039998140488751695,,,0.003198947875453107,0.0006363762091366906,0.0020595695963280727,-0.0004775553026361695
2003-12-22,-0.02024394323202685,,,0.0011970374736737638,-0.003823576582911008,0.013285800457253994,0.0039236457326914925
2003-12-23,-0.013380980405511387,,,0.00019915537569073982,-0.010912478146860999,0.0014495405564094333,0.0028141950631692908
2003-12-24,-0.00937049702675039,,,-0.005395897188529641,-0.006259067734156059,-0.002174869945894315,-0.0018081522471757342
2003-12-25,0.0,,,,,,
2003-12-26,-0.004192890772285405,,,,,,
2003-12-29,0.06440428108705444,,,0.003995434896378178,0.0062206198057686846,0.01255982902608218,0.012324587594046723
2003-12-30,0.015968491222052166,,,0.007151621559146096,-0.0029975796945589323,0.011388921336617548,0.0001442321103112789
2003-12-31,0.0,,,0.004541690439222416,0.0,-0.0018892762444472917,0.0020526387198917238
2004-01-01,0.0,,,,,,
2004-01-02,0.053963033226920074,,,,,,
2004-01-05,0.003745063954298846,,,0.0011909486199153546,0.016860946709271307,0.04715920641029133,0.012319150312860782
2004-01-06,0.011152687052242094,,,-0.00417442833365359,0.006329059731796353,-0.02110924306958843,0.0012913129621023804
2004-01-07,-0.03959041962234661,,,-0.0063949034913058644,-0.012911788484345042,-0.01609346489138364,0.0023643674208910182
2004-01-08,-0.005785856598964861,,,0.004799409265085362,-0.02001098597766214,-0.012279143648025088,0.004950824141421063
2004-01-09,-0.009718480481053572,,,-0.010630516299406914,-0.005230019787891659,0.008827198489394958,-0.008927335654944548
2004-01-12,0.013579350150179527,,,0.008433558542714886,0.001309854565751555,0.0010081854296798986,0.0047752694673973495
2004-01-13,0.005763879604856844,,,-0.006016940936058718,-0.004154313783171121,-0.013913685781378282,-0.005345926491083229
2004-01-14,0.026466496818569146,,,0.001809278000435393,0.0021891646638934957,0.014201422106167948,0.008260369092161452
2004-01-15,-0.02838435575721129,,,-0.0014065732025912538,-0.0052615284919365676,-0.010850307691813294,0.0013524704065486423
2004-01-16,0.0057418175779196485,,,0.0030117846298213288,-0.002420571397946584,0.002905031742139327,0.00684889837587539
2004-01-19,0.020774881255809067,,,,,,
2004-01-20,0.0,,,,,,
2004-01-21,0.0,,,-0.003008989581928937,0.0030358035943803528,-0.012409940910589735,0.00774147868719624
2004-01-22,0.0,,,-0.009081145516096593,0.007549082073821043,0.012696917982928144,-0.0032118355848943492
2004-01-23,0.0,,,0.014290308336275618,0.00021480185272093765,-0.014149974161199418,-0.002091361991880664
2004-01-26,0.0,,,0.002993454059436397,0.005142610076448558,0.0015982089932046837,0.012033603951130558
2004-01-27,-0.018868561088309553,,,-0.003992891860572598,-0.007292863414972912,-0.026778140177097377,-0.009845993791705419
2004-01-28,0.015123497134010667,,,-0.01207508355971523,-0.004315209168320093,0.008020411934169443,-0.013703063806122504
2004-01-29,-0.04019700569582407,,,0.004041225183494773,0.016511223911323793,-0.01190481843303584,0.004976612278462383
2004-01-30,-0.029734518753148104,,,-0.0070830881051009,0.005091567428863727,-0.0060059812638749875,-0.0026310520745323326
2004-02-02,-0.008080695243420392,,,0.007486313840853766,0.014285842752731617,0.020126887287604242,0.003644570817602933
2004-02-03,-0.06494423241219513,,,0.004424634738289627,-0.006067491331767698,-0.001772514438910733,0.0006780459980963216
2004-02-04,-0.008695826140053172,,,-0.0016067486282457942,-0.001050185473371803,-0.045063424270547804,-0.008406502013905583
2004-02-05,-0.002185859640503698,,,0.012583992806771572,0.019761528318324135,0.04358361279650977,0.0018357835172879294
2004-02-06,0.022716073300264424,,,0.012035004246488916,0.03362030882974415,0.017177157892185765,0.012477361864295754
2004-02-09,0.04496291259005896,,,0.02727716452230151,-0.005391686350035473,-0.028944869758946962,-0.0025847643015682784
2004-02-10,-0.02904774714962791,,,-0.00439908172391522,0.01687697080087305,0.0128039501890164,0.005014542394726692
2004-02-11,0.0,,,-0.007117504197448218,0.006084618535801735,0.005899680832367633,0.010610936569044466
2004-02-12,0.003153293898098126,,,-0.005031798988097873,-0.0035282136564538705,-0.021554008279459923,-0.004892081107810367
2004-02-13,-0.016931641703349914,,,-0.007791601181215178,-0.007886427629119336,0.02155400827946004,-0.005483169493580089
2004-02-16,0.03048029200486389,,,,,,
2004-02-17,0.030583542553139585,,,,,,
2004-02-18,0.0,,,0.0019538002764975773,0.005280416259796797,-0.0025995267941596504,-0.004478543257261682
2004-02-19,-0.0202849537838895,,,-0.004694329952074792,0.0011698445649687408,-0.004203158231024411,-0.004141055198369875
2004-02-20,-0.009263895987190516,,,-0.0011775303942733702,0.00814857969780146,0.0029004898661184305,-0.002575168857733746
2004-02-23,0.023506820391538855,,,-0.011848626975015491,0.006548682441638367,0.005199337714952007,-0.0027307313371936915
2004-02-24,-0.01732138677480948,,,-0.01118646692863848,0.00019198712704073364,-0.017730434304370164,-0.0016666300221781004
2004-02-25,-0.018672693500773198,,,-0.002614792641759691,0.0,-0.008688734857064387,0.004012760212374236
2004-02-26,0.013521020288845383,,,0.0036185197586243167,-0.006933815542633274,0.008688734857064373,0.0010836329194389108
2004-02-27,0.03252309957073009,,,0.0026055103704577683,0.003088097309739774,0.013544205969667112,2.6121559825353168e-05
2004-03-01,0.0,,,-0.006828555434894098,0.004997352860252952,0.022456827804113354,0.009587610302174582
2004-03-02,0.0019979308730747004,,,-0.006875581431744437,0.0026797655230090048,0.005922906431326261,-0.005960786977165637
2004-03-03,-0.013059082073465761,,,-0.002845637606992322,0.0024822060236036605,-0.007338235449412009,0.0016782131095406613
2004-03-04,0.009059154115046085,,,-0.006327992602226842,-0.002673597209932346,-0.01153965672633099,0.0033305601537497926
2004-03-05,0.017875498292600576,,,0.02567616449856216,-0.001339241585038398,0.010689658262176393,0.0017216463364896296
2004-03-08,0.001966367640703699,,,-0.004802154752067166,0.0011479520892428636,-0.007113546587530444,-0.00838527733463617
2004-03-09,-0.025871750492141053,,,0.00639806075903234,0.00895018695171357,0.002566537035963338,-0.005787281873593576
2004-03-10,0.021934879218428013,,,-0.005595610346130374,-0.006677757417273561,-0.015789393253614274,-0.014740971479313582
2004-03-11,-0.011905066701171283,,,-0.030054559587627778,-0.010390431937040298,-0.004930847630325643,-0.015340969821738987
2004-03-12,-0.02526632239755978,,,0.00558824051914665,-0.0029056616772955095,0.018438778665787303,0.012382511360705699
2004-03-15,0.010183087835500652,,,-0.015391213960420203,-0.0038873723454945926,-0.010906728236492353,-0.014453755361638922
2004-03-16,-0.0020284601021504913,,,0.009387457860814782,-0.0029253553103428904,0.006615790764009123,0.005606722104589951
2004-03-17,0.054334497362575215,,,0.014839786550779275,0.004287770927854762,0.01958901224105226,0.011680903574334843
2004-03-18,-0.005785856598964861,,,0.003267901105141525,0.0,-0.006345601947290113,-0.0012733832323760096
2004-03-19,0.022945554559566303,,,-0.005316024065177821,-0.009574988176982525,-0.004395101226275424,-0.011236099690318035
2004-03-22,-0.021013320489940857,,,-0.01092451533784049,-0.0027526755940558718,-0.024305554869546726,-0.013042208225709503
2004-03-23,0.013422794011134406,,,-0.0024902032350637006,0.003341267166931991,0.02046168823414066,-0.0013246611737711353
2004-03-24,-0.01923131284122423,,,0.00745162185362075,-0.0033412671669320526,-0.0052912876680713036,-0.0023978588407626692
2004-03-25,-0.013685091004755377,,,0.005553151795398885,0.008430374019571934,0.01875035103278587,0.0162328707457067
2004-03-26,0.01949360983484517,,,0.0004099449238842763,-0.003128550691036152,0.03236347809727798,-0.0010191750233869933
2004-03-29,0.0019286355995006093,,,0.01263010140727595,0.022273001369996364,0.01697624634123726,0.012920796755779217
2004-03-30,-0.009680526418133004,,,0.0166624226973727,0.020286642466221624,0.002151873639577196,0.004027646938784567
2004-03-31,0.01926836466226726,,,0.0013924291901253483,0.010641118565751551,0.0010743718156687046,-0.0007012565260869786
2004-04-01,-0.007662851314295346,,,0.005551440834423202,0.0055560104503935975,-0.019791793093969896,0.005278205467613143
2004-04-02,-0.0019249869298389414,,,0.006895179686328806,-0.005556010450393611,0.009809405021142343,0.008478589928296738
2004-04-05,0.0,,,-0.006895179686328788,0.011631608846457893,0.015337169001936915,0.0076426511446187045
2004-04-06,0.026617655545644492,,,0.005716516155628286,0.004212678324631085,-0.011548624000567916,-0.002096734294798575
2004-04-07,0.02957699432574848,,,0.004119769662792401,0.0023736924770664794,-0.004602686018556864,-0.006667598441336015
2004-04-08,0.010869701311644943,,,0.0031272284139701387,-0.0018250978352139613,0.0040623918741861794,-0.0010615462722597378
2004-04-09,-0.023702288346468425,,,,,,
2004-04-12,-0.001846656284384051,,,,,,
2004-04-13,-0.01865720562999976,,,0.0007864830869930208,-0.004738113016131039,-0.022576949463267014,-0.013857368818181141
2004-04-14,-0.0018850719932921756,,,0.005877532218838089,0.0029182661529879687,-0.011064716794470256,-0.0011249928934669387
2004-04-15,0.0,,,0.00019555464658463953,-0.0018224412594738542,-0.011892531235777373,0.0005936366181585412
2004-04-16,0.003766846645049949,,,0.014157022596220972,-0.0003648345098917416,0.024606718814195738,0.0050984401286411525
2004-04-19,-0.02281498864410452,,,0.020395024739129745,0.005097377723674876,-0.0006869488764743366,0.0010658431120759565
2004-04-20,-0.00385362252933955,,,-0.01367756581352528,-0.015739754620806498,0.007393505316061654,-0.015679254026921736
2004-04-21,-0.007751890818632332,,,-0.002873928880156062,0.008449647065619393,0.006119485337655818,0.005298233308886093
2004-04-22,-0.0019472853930148477,,,-0.012935812205548295,0.004016098197965221,0.034118393329407845,0.013993115096298265
2004-04-23,-0.033699816474635366,,,-0.007999015462530502,0.0010925716364281347,-0.007496637458079998,0.0005875142056134136
2004-04-26,-0.06024697530810205,,,-0.007076839000484765,-0.004742902778305596,-0.010617250881878407,-0.004454890241813623
2004-04-27,0.014878233102893232,,,0.0003944866062504395,-0.0009147345865040908,0.0006666391840598105,0.002269450876466077
2004-04-28,-0.021322777615251066,,,-0.009908931285351134,-0.013821784766679442,-0.016671144173509227,-0.013890789272212253
2004-04-29,-0.030637246911228152,,,0.0049666281176298475,0.004074510720170892,-0.016265167970287354,-0.007619783185308593
2004-04-30,-0.005570919004385577,,,0.0021779919754707313,0.0069984360553860874,0.008780677326403804,-0.005933742694365864
2004-05-03,0.015521625088940625,,,0.0009879683280081205,0.006949469643223143,-0.010021267885047482,0.00916042636230619
2004-05-04,0.02176350798314408,,,-0.006938070148762985,-0.008785970021359692,0.017641085659437148,0.0018417722884787337
2004-05-05,0.0,,,0.01618046050163154,0.002386383500494665,0.00392351047189707,0.0017669881618619047
2004-05-06,-0.009734932276237273,,,-0.0003921358276761349,0.00603475669035051,-0.03447901489230013,-0.0067456945933644565
2004-05-07,0.04464051039994915,,,-0.006482693841273609,-0.008973000632162276,-0.026196445891265782,-0.01382053775480007
2004-05-10,-0.06661979219141087,,,-0.016092541329742183,-0.010355259529446425,-0.04384547948537432,-0.010595625144377709
2004-05-11,-0.008928606938372961,,,0.0024003891886894384,-0.000372154048726094,0.02457954516261326,0.007633200039920291
2004-05-12,0.023270231532016,,,-0.0026004703196785602,-0.0026064769099402516,0.021558971288347245,0.0016692238134482153
2004-05-13,-0.04824316101437588,,,-0.006229444769400249,-0.009177290603782539,-0.011951864449141284,-0.0007659026155671762
2004-05-14,-0.018561734732545798,,,0.007830316343478746,0.011225980845515234,-0.013857563498930737,-0.0006751305105917335
2004-05-17,-0.09063733427553393,,,-0.003806506222302154,-0.0042885508779557276,-0.009297169616977186,-0.01064325670081422
2004-05-18,0.0402062247621072,,,0.005804631089425906,-0.005057445362273507,0.02271971536634298,0.006793599149768806
2004-05-19,0.03509142407845789,,,-0.014880456757277099,-0.006594376911404248,-0.0007244462498560048,-0.002577723776329879
2004-05-20,-0.01316588208366933,,,0.005455163502661118,0.016870313868567032,-0.0055267367747970555,0.00046824439086983155
2004-05-21,0.03550643373049585,,,-0.005050125115715351,-0.006339867782837305,0.010301100944655521,0.004004235965336309
2004-05-24,0.04212362352163234,,,0.009072166975651184,-0.000749048142205542,-0.0010105790792339293,0.0016902707190889865
2004-05-25,-0.030562755000944068,,,0.011175197054294773,0.007460596620771099,0.008488473441345344,0.01597528516923898
2004-05-26,0.0,,,-0.0033799143452330994,-0.009709151973595523,0.0018603412878962255,0.001696500468750559
2004-05-27,0.011428891711008188,,,0.021667848534629233,0.004305876983926909,0.01659277293955691,0.005670376762131064
2004-05-28,0.015784045508849574,,,0.0005843377250358844,-0.002993881139893235,0.017428430783410043,-0.0005352241592591362
2004-05-31,-0.02721293721985776,,,,,,
2004-06-01,0.009153584401213995,,,,,,
2004-06-02,-0.023042581883080206,,,0.0168917169399078,0.01485330128951013,0.0015102332954116898,0.0033746412887397125
2004-06-03,-0.02120230598481639,,,-0.0032776617987451268,-0.005358542304438512,0.003971501601510165,-0.0074499486423339895
2004-06-04,0.017699568783733726,,,0.009611556337148983,0.00683231421266899,0.018818623667946507,0.005234151229250962
2004-06-07,0.06234315104347012,,,0.008382228139925936,0.0060542204555352475,0.02842799229625973,0.0158383135087139
2004-06-08,0.01418470483274628,,,-0.0018986660701623254,0.005108669834393341,-0.00916744286245154,0.0015421099089783664
2004-06-09,-0.04770722948225907,,,-0.01628830362257774,-0.0021954114701365733,-0.013376773171449913,-0.009544871132276814
2004-06-10,-0.007986138624596878,,,-0.0025149543252947198,0.006389771715827082,0.018232875321367695,0.004533048431152937
2004-06-11,-0.03853405655309404,,,,,,
2004-06-14,-0.038839644814103305,,,,,,
2004-06-15,0.0073982862937629935,,,-0.002923997618425734,0.009468629830445153,0.03807131749267965,0.00595400736258297
2004-06-16,-0.017348754299848286,,,-0.0007808840399312248,0.0007244060670167281,0.008182185402805015,0.0013683523556658156
2004-06-17,0.04401692629583539,,,-0.001954845746287502,-0.005083661439527893,-0.004978071590263133,-0.001332983097370596
2004-06-18,-0.026668171995986988,,,0.0058545542822999955,0.001091254011924543,0.014608116155775244,0.002620097582006364
2004-06-21,0.0049017944007730746,,,-0.004290488115060281,-0.0018199419333794478,0.01414935811337375,-0.004167161717527548
2004-06-22,0.002442078051736314,,,-0.0029360882417907145,0.011770521587342535,-0.006235849117513951,0.0036295947057094955
2004-06-23,-0.02219591886383581,,,0.005473140772216749,-0.0010805727957374461,0.015763602590942498,0.008470668230836184
2004-06-24,0.034317406147165455,,,-0.0050807034708906075,-0.006509049324818654,-0.005185728083911917,-0.0029850935899674007
2004-06-25,0.034343008147069636,,,-0.018589165353989016,-0.0207096368955184,-0.01270735331293983,-0.005467927269987727
2004-06-28,-0.02236700936256827,,,0.0057722807538706815,0.003142879291261805,0.003004108853902156,-0.0009525423036741003
2004-06-29,0.017699568783733726,,,0.002972079797654578,-0.008714311327350456,0.02139499972389079,0.002511490979224847
2004-06-30,0.03899588810373878,,,-0.0011878162421588025,0.0033466493630376136,-0.0013468979693182371,0.004075485050745605
2004-07-01,-0.02160415342078964,,,-0.002380020967270198,-0.006143546324750997,0.006107203651770095,-0.010485715738500614
2004-07-02,-0.0232566432109153,,,0.00336965981666495,-0.0058060161254425355,-0.006965083628504615,-0.0031583267392923933
2004-07-05,-0.01183466025576743,,,,,,
2004-07-06,-0.009569425189607714,,,,,,
2004-07-07,-0.012091770588744171,,,-0.004748600728979281,-0.002620323669908306,-0.011134809807754869,0.001897478525346468
2004-07-08,-0.012240345000937932,,,0.002773062513156048,-0.003378442720483658,-0.019530535020827373,-0.008278583129612459
2004-07-09,0.017094709001026793,,,0.009056570838852413,-0.0024472961799074894,0.02486038440416919,0.003330521881276837
2004-07-12,0.03800913776307964,,,-0.0037305630997510686,0.00037643926386662723,0.009823911456253543,0.0013828527936485448
2004-07-13,0.011587735996217787,,,-0.0033504695232781405,0.0020708569160408636,0.03811566473224843,0.0007087173291011381
2004-07-14,-0.030412004767216626,,,0.009821601265424182,0.004315358656053049,-0.039997374086255685,-0.00329653355821438
2004-07-15,0.014151531520319317,,,-0.006274707860531125,-0.028293559534490694,-0.00025135204610384827,-0.0043099117155617275
2004-07-16,0.007000866211857629,,,-0.0051264247471661615,0.007291795672076783,-0.002515257855244259,-0.004800493678889253
2004-07-19,0.02298976023169642,,,-0.004757009626133858,-0.0030641538975502798,-0.004416464707914195,-0.0004449824807533974
2004-07-20,0.010175261709781464,,,-0.005178215609808769,-0.009248159598417746,-0.003928629420642623,0.007033089079845094
2004-07-21,-0.003380237982163714,,,-0.0177278930613006,-0.010507588798511566,-0.0072632256134513625,-0.013430125117174374
2004-07-22,-0.001129564818032043,,,-0.004686159672501295,-0.011608747181146285,0.0005114290004796776,0.002702273935774714
2004-07-23,-0.011363425730487688,,,-0.08077401220119723,0.006705591403357481,-0.013124132697780545,-0.009747965503679163
2004-07-26,-0.017291793410794513,,,-0.01944914928293129,0.013278891272832844,0.006841011577575925,-0.00196289463278793
2004-07-27,0.004640597823954051,,,-0.012492706517960203,-0.01072607559389583,0.007177472879582965,0.00987663290261116
2004-07-28,0.027398972112319456,,,-0.0016017989473142821,0.0037184861357229984,0.003824028019844956,0.0005388315533862543
2004-07-29,-0.032039569936273514,,,-0.01429514222801876,-0.025523229655981056,0.004190303385281932,0.004563169830570782
2004-07-30,0.009259607035039712,,,0.0184080836986731,0.0020021176318583776,0.01346437180227885,0.001171507050304058
2004-08-02,-0.023311010351517093,,,0.007948135832581258,0.021370156342231616,-0.0025028232043155627,0.004437751914570244
2004-08-03,0.030199727328739833,,,-0.0022645051379117376,0.002346172273004211,-0.0050249138876839895,-0.006282051661861334
2004-08-04,0.024859964613816905,,,0.002038117343888758,0.01473434103208774,-0.01471788360040762,-0.0009643151419913359
2004-08-05,0.041535907738928006,,,-0.007949773329116215,-0.008697827897695135,-0.026156922970911163,-0.016455019335206773
2004-08-06,-0.03708179142358611,,,-0.00801407611598793,-0.012895965911947797,-0.026455074060975612,-0.015601766647242776
2004-08-09,0.02306532048469458,,,-0.006457620725789227,-0.000983824609810335,0.015638886428647393,0.001174155597206105
2004-08-10,-0.006535735691772811,,,0.0055379088088930335,0.005692320428406951,-0.0037205844408254463,0.012890470057401045
2004-08-11,0.008704999979612776,,,0.02252384699013391,0.013222293274740714,0.015585867754642083,-0.0030164814361450395
2004-08-12,0.02037608991150128,,,-0.013818474813045302,-0.012439215111180445,-0.012794132471266099,-0.011743885362887091
2004-08-13,-0.002125181532942176,,,0.012016734548861636,-0.004705506869391146,-0.0002657350468435887,0.0014756076020082515
2004-08-16,0.03347582925988019,,,0.003375479411482827,-0.00019654705132286172,-0.004258371004909572,0.013562677597921216
2004-08-17,-0.026056668812509676,,,-0.004277233542383548,-0.011066538274175234,-0.0041422299631207185,0.0021933746536734913
2004-08-18,-0.0021142998318320724,,,0.005399782863211381,-0.0009948341964220514,0.01949276866960465,0.012366556279305562
2004-08-19,0.008430091550133084,,,-0.01241680260457742,-0.0017915253763425714,-0.011358056980108852,-0.003604159986895392
2004-08-20,0.0,,,0.004306616302339733,-0.0037938311371227547,0.012670479574066631,0.006503548950728367
2004-08-23,0.0,,,0.0029367132246095736,-0.002202718327916827,-0.005523637982391474,-0.0024338073383411685
2004-08-24,0.02076877670030268,,,-0.0072433295269493485,-0.010277050273152203,0.015441469173451235,0.0004652536013960276
2004-08-25,0.009207574393481093,,,0.007243329526949339,-0.0075233367867546,0.022850755970886105,0.007968622154363251
2004-08-26,0.0020343130397011866,,,0.0027017150351098143,0.008333031360283696,0.014865648863863799,0.00011764881995504913
2004-08-27,0.002030721420473338,,,0.00583128423161277,-0.002837313957533216,0.00025009469181219967,0.002422254493345389
2004-08-30,0.005057997721998291,,,-0.008307828344850941,0.0020276193840042755,-0.006270495878376336,-0.007811827145077261
2004-08-31,0.007038822697803388,,,0.00808460355564943,0.012680101686008352,-0.0037810512600448642,0.00462013065367888
2004-09-01,0.007983854250419573,,,-0.0015670458360496694,-0.0052138813478934355,0.007046195856299149,0.001511249684150345
2004-09-02,0.04090172772066122,,,0.016661661179373757,0.017537440098684923,0.0037551030386753976,0.011150113177674371
2004-09-03,-0.003823958639277504,,,0.002200470828321301,0.004336050575946158,-0.03573410115615419,-0.00419371527634213
2004-09-06,-0.007692515204357479,,,,,,
2004-09-07,-0.02541674208177481,,,,,,
2004-09-08,-0.003968511795251392,,,-0.04939259584917675,-0.02228463950817832,-0.005002733991659577,-0.004495982352485438
2004-09-09,0.005946877368276265,,,0.0013806343381241278,0.011999797773939723,-0.006839164857938233,0.0018884263357168455
2004-09-10,0.03113089171310735,,,-0.012722094292487178,0.0005965461088669854,-0.0005182974266044468,0.00494139964737017
2004-09-13,0.030190885324068214,,,0.002105203174475191,0.006929916781221454,0.005941669296651252,0.00168899766519991
2004-09-14,0.005560641623260417,,,0.0016344938166783442,-0.0029642272748850768,0.004369141738718868,0.0022270132083050268
2004-09-15,0.045174736076314205,,,-0.04070587566320321,-0.02059458874862195,-0.012775213739870991,-0.007079640999058967
2004-09-16,-0.016029092546031326,,,-0.02758784370304684,-0.01076501587599634,-0.002470490992272789,0.0027898291075066114
2004-09-17,0.005371945462089583,,,0.006472533526599788,0.014797571235475402,-0.0026072311403278884,0.0044848535186295104
2004-09-20,0.01242254340561639,,,0.0034679563915271886,-0.01092469304535604,0.0,-0.0056426653382146965
2004-09-21,-0.030441238505494423,,,0.00714561084599922,-0.004485485852697239,0.00026106207560369074,0.006307014161339301
2004-09-22,-0.027651580944736468,,,-0.007640154046442334,-0.005121301511028855,-0.010362883716391533,-0.014035871953932211
2004-09-23,-0.00938959057104973,,,-0.009945616026626719,-0.003497718419674236,0.0021074224109453085,-0.004680710946743261
2004-09-24,0.001885071993292167,,,-0.0007496956614556177,-0.0041303131472070626,-0.012578485534021477,0.00157766423354196
2004-09-27,0.0,,,-0.009043441910961346,-0.006020171136476075,-0.007265143549895968,-0.005954007917978772
2004-09-28,0.0,,,0.009043441910961266,0.0014568277106692886,-0.003787661465670404,0.005909032301847805
2004-09-29,0.0,,,0.0005003205614330502,0.0,0.0017600270097760764,0.004260939723815225
2004-09-30,0.0,,,0.0009986933587011445,0.011369071890559272,0.03287294377612972,-0.00019744751784841094
2004-10-01,0.05138754849096574,,,0.006471197630514603,0.02897026181320502,0.014815067716607828,0.015066573183751385
2004-10-04,0.05566649905675433,,,0.010855853263352377,-0.006812475350588187,-0.0007744328405525869,0.0032382720742670868
2004-10-05,0.025063733536769068,,,-0.002703184548744857,-0.007871410876867583,-0.0032325724383572355,-0.0006080792108058927
2004-10-06,-0.025063733536769002,,,0.00637791201001542,-0.0010142476239871454,0.007355297463746621,0.0066505569123938985
2004-10-07,0.013445431686533177,,,-0.019255610823672716,-0.005899494368468991,-0.019211382678193258,-0.010032225687499832
2004-10-08,0.0,,,-0.0029951282182889795,-0.004294106712047487,0.01586309049335623,-0.007555120625710654
2004-10-11,-0.01344543168653319,,,0.0002502673281229415,-0.0014354763364150533,0.0068139123357308495,0.0020030898523294783
2004-10-12,-0.037935822447638566,,,-0.005765470411745929,-0.009069999811627089,-0.020843683134185578,-0.002270515437695603
2004-10-13,0.022590240039900608,,,-0.009852136681661558,-0.0049821466147906895,-0.015291707767873796,-0.0073272330308141185
2004-10-14,0.011955758375488283,,,-0.006111338677199117,-0.00417109569929195,-0.006664196744393624,-0.0093462705073405
2004-10-15,-0.015398321561451102,,,0.0012763419070349336,0.009360136830362312,0.009582495229495246,0.004440372959780712
2004-10-18,0.0017230485353241455,,,0.0010192250257962017,0.014184925737239928,0.003965687555619572,0.005238078807163645
2004-10-19,0.023810465949463542,,,0.0035620330428204265,0.004277486294204743,0.0003955236479677111,-0.009732889155441314
2004-10-20,-0.046439910050974614,,,0.0017754749214727184,-0.007548587361112717,-0.0010552978138160737,0.00038973733491613603
2004-10-21,-0.026763157977370954,,,0.0007600473294584006,0.0006140601975586209,0.00013164282166732756,0.0025608737597132545
2004-10-22,-0.03683689378700259,,,-0.01479966695146236,-0.0078075463759564815,-0.006754351784281552,-0.009762908943220157
2004-10-25,-0.04019700569582407,,,-0.006447376096166486,-0.005170611269196083,0.0018587108881702658,-0.0008581824090642295
2004-10-26,0.03455247907907308,,,0.016677882032480617,0.004550851395425584,-0.002257283665304942,0.014769741930593296
2004-10-27,-0.005676631202075089,,,0.02834709536938618,0.024466806243257023,0.01974511990163989,0.01279706499569654
2004-10-28,0.02065826720210658,,,0.0014830770041453151,-0.0022186351753119573,-0.00039093438913420035,0.001810974219785502
2004-10-29,0.009250672545527154,,,0.00418987394822125,0.0008073919376586674,0.011666572982989436,0.0024450410800191053
2004-11-01,-0.005539980769006963,,,-0.003201921396855514,-0.005663958911488296,-0.008282267742600047,0.00027430196801133506
2004-11-02,0.023789092627201927,,,0.0029555645617549467,0.006873429899944425,0.0018176851169543803,4.4270037300915227e-05
2004-11-03,0.021467662085307374,,,0.004908237013848525,0.010022035533804154,0.007881757018531835,0.011118167905890102
2004-11-04,-0.014261161335486145,,,0.012407602672152537,0.021115773273342964,0.012025007460901845,0.01602735788842387
2004-11-05,0.010714951518481829,,,0.0009664681958881999,-0.00019534598547434238,-0.00038146755660918894,0.003866249772795957
2004-11-08,-0.025181351729557214,,,-0.002902836848880528,-0.0064664438965376485,-0.012416016762762333,-0.0010982380490906095
2004-11-09,-0.0036495680445621384,,,-0.0009694580373462339,0.0029445155581126385,0.002701223106869051,-0.0006956368150782177
2004-11-10,-0.011029675274645413,,,-0.0016988835737759013,0.005862590476854394,-0.011367968354636819,-0.001005523855696226
2004-11-11,0.005530257748395384,,,-0.005113496524825789,0.004277983738599868,-0.0022113026425396353,0.009048162623096715
2004-11-12,0.025409282243536845,,,-0.004159031619025354,0.013107099205375401,0.01857585481569602,0.009068467860586732
2004-11-15,-0.01081088766610957,,,-0.00516189156321849,-0.005568345509102735,0.01181679215438283,-0.0003040442391805766
2004-11-16,-0.02012865232582286,,,-0.008165319533929967,-0.013181120753039366,-0.00646248619277762,-0.007104016316032263
2004-11-17,0.0,,,0.0007451295849091432,0.0007800447518468336,0.005198724869905489,0.005523022908414389
2004-11-18,-0.02811811356370561,,,0.0,-0.0011705395731627715,-0.01876636903432928,0.0013613312059484544
2004-11-19,0.01134268258546353,,,-0.013748137935205103,-0.007445148527621443,-0.0063344070365749065,-0.01122416222607588
2004-11-22,-0.024739975573943425,,,0.0035176217720951234,0.007249878805203834,-0.011477776386184663,0.00587843175777874
2004-11-23,0.02473997557394348,,,-0.004021747992644644,0.002729546958022802,-0.004997593722329673,-0.00025490730399743494
2004-11-24,0.02230568872663761,,,0.0022642520925946117,-0.002143782414289006,0.0031592189093871494,0.004087060812071601
2004-11-25,-0.005530257748395507,,,,,,
2004-11-26,-0.030021248140551647,,,,,,
2004-11-29,-0.028986942058553188,,,0.002521368904526362,-0.016122885414764462,-0.005639128264096472,-0.0034559102806413825
2004-11-30,0.011695746246388942,,,-0.010123845318018425,-0.010761198299482215,-0.017645697445215887,-0.004038451679006934
2004-12-01,-0.011695746246389088,,,0.011634100105836622,0.018068632184115387,0.011313487321163322,0.014840559419618787
2004-12-02,0.003913433496739848,,,0.016211706235699005,0.012320237263189366,0.00013205660967278185,-0.0008733586513248539
2004-12-03,0.011650714550678747,,,0.00714893819077375,-0.0070215484620673825,0.004489058059065558,0.0007055115897298418
2004-12-06,0.003853622529339646,,,-0.007891365060607369,-0.006283443545965528,-0.013928490794804987,-0.0007726851828824213
2004-12-07,-0.029270364611114475,,,-0.005710660401806136,-0.005530269603814199,-0.00845141329717788,-0.011135114976819826
2004-12-08,0.017664851263142562,,,0.005710660401806133,0.01637916344878689,0.01058603248093212,0.004864758897237687
2004-12-09,-0.017664851263142524,,,0.010344958295438734,0.009739447420902532,-0.005613741720932652,0.005421426409419166
2004-12-10,-0.005958160510788654,,,-0.006884131336948175,-0.007197987758264754,0.004280274501156711,-0.00104321848187489
2004-12-13,0.019724188041884753,,,0.008108360084217262,0.009521482249490565,0.0010668158872476211,0.008949775217871275
2004-12-14,0.02125697346527976,,,0.010710707072645754,0.0011593479578555592,0.01783990682021279,0.0039132719874020675
2004-12-15,0.017062352258843217,,,0.004107970051070298,0.018562674050779656,0.006007181073458542,0.0019426064338470413
2004-12-16,0.0,,,-0.008232706896316718,-0.00799458344832409,0.00013007056855707193,-0.0020839216956993764
2004-12-17,0.009354328984947358,,,-0.004385644811520796,-0.005942793515975583,0.0037678700559194795,-0.00751648864084824
2004-12-20,0.0018604603700342836,,,0.0,-0.005591349948435127,0.006978537904129894,0.00037681164753962013
2004-12-21,-0.007462699951331181,,,0.001220224854723351,0.007320532022884768,0.005394477355691145,0.008999624816466411
2004-12-22,-0.009407380087153597,,,0.014047172675674218,0.0013427112689753434,0.010068112604937174,0.003411979436247485
2004-12-23,0.0018884440384532995,,,-0.0016849121878106002,-0.0044187384031294,0.002912022004566269,0.0004629157457973036
2004-12-24,0.009389590571049726,,,,,,
2004-12-27,-0.020774881255809074,,,,,,
2004-12-28,-0.007662851314295346,,,0.004790129047456307,0.009571105582915934,0.002492245769458111,0.0071285291665349896
2004-12-29,0.054532949065083554,,,-0.006953875006043475,-0.004582631661654098,-0.00649266266652934,-7.423837018602848e-05
2004-12-30,0.03297004438549923,,,0.002163745958587324,0.0,0.010219268565043167,8.248673778874002e-05
2004-12-31,0.0,,,-0.00024022427503023931,-0.0009571055561209384,0.015013801363711533,-0.0013440735740731075
2005-01-03,0.0,,,-0.0024046277798170064,-0.004993673590492701,-0.006003191075295237,-0.008152562047846815
2005-01-04,-0.012693129130257056,,,-0.014060528026513806,-0.007148620585692475,-0.016228164538356103,-0.011740004384716105
2005-01-05,-0.0018262063480064753,,,-0.004649594624692784,0.001162975487948118,-0.002500502193204382,-0.0036344391932794083
2005-01-06,-0.02031466060667304,,,0.008304563347885801,0.0071399992846088445,0.005617947104539385,0.003499726889387917
2005-01-07,0.020314660606673106,,,0.0012156571813230275,0.008616526784893157,-0.011016214817493182,-0.0014321956835941646
2005-01-10,0.005469352212024934,,,0.005572571007152255,0.02466937999400942,0.0065239623633923036,0.0034169283837069677
2005-01-11,-0.0018196774701861036,,,-0.005572571007152163,-0.005408382487364606,0.010698214914759403,-0.0061182454723810965
2005-01-12,-0.016529284221305285,,,0.0,0.0026148197100220763,0.0034582994585286263,0.003973499066449697
2005-01-13,0.009216565804755586,,,-0.01025654148542301,-0.012954369852053145,-0.011034709315533733,-0.008667580994090578
2005-01-14,0.02357298954446919,,,0.005630216917886617,-0.0017019615616227842,0.015955063479376107,0.005986604031937076
2005-01-17,0.03866918486926466,,,,,,
2005-01-18,-0.0051853827185142235,,,,,,
2005-01-19,0.005185382718514298,,,-0.0036432526972371543,0.010044674876375783,-0.013972090012590066,-0.009535422983762518
2005-01-20,0.01029178799030135,,,0.005580859782344084,-0.008923486304480959,-0.016338708812435827,-0.007813441684863667
2005-01-21,0.005106499358638765,,,-0.010214132074286227,0.0003734060794603074,0.006364426748529692,-0.006435479320456572
2005-01-24,-0.001699197155200248,,,0.0012212378305417532,-0.004865121967573241,-0.0027954001133127975,-0.0035340230516199287
2005-01-25,0.010152032581922137,,,0.006812377629243487,0.0014994370502877156,-0.010746166319798042,0.003996329851615026
2005-01-26,0.0050380075790194484,,,0.010612977414752355,0.0003746580889097982,0.012779973668453374,0.004832419632938723
2005-01-27,-0.022016405096039988,,,0.0019174613780413173,0.0009357653972998792,-0.014582134687021549,0.00040883799571498974
2005-01-28,-0.013793011934825313,,,-0.006486376506178016,-0.004499761596638578,-0.007241217380689187,-0.002719682678708843
2005-01-31,0.010362776582670154,,,0.0,0.008978836043136519,0.014686695743905914,0.008424693022826934
2005-02-01,-0.03319063204648834,,,-0.001688481404059206,0.0033464201089536687,0.005865991657472929,0.006867267158630261
2005-02-02,-0.010715074393157178,,,0.011999135612700556,0.004813843229542665,0.0008892532854622273,0.0031729290996995304
2005-02-03,0.007155970452067824,,,-0.004303518035819214,0.0035032770545454857,-0.015489822619263252,-0.002769465505019701
2005-02-04,0.019418221548155565,,,0.017338430811019875,0.017877285341673994,0.014346226621578091,0.01098252050319909
2005-02-07,0.013889024532936035,,,0.0004707457903945116,-0.011090066714418388,-0.011512092624081618,-0.0010895591835757032
2005-02-08,0.0,,,0.0037586115486386426,0.01451891502410281,-0.004513235576445769,0.00048259010452929307
2005-02-09,0.0,,,0.0025757623684720065,-0.009231177947607042,0.00528505973010121,-0.008612258457473676
2005-02-10,0.0,,,-0.006098782201896394,0.0030861933407346828,0.010485781464481807,0.004202617764653276
2005-02-11,-0.026202005065217766,,,0.006098782201896377,-0.001087735900695521,0.0062139905635386385,0.006901750205170698
2005-02-14,0.0,,,0.002335586647393309,-0.005460003595165066,0.007556809269847746,0.0006966508245472663
2005-02-15,0.010563238345928892,,,-0.004911349015865437,-0.002923404238738193,0.004381988432686726,0.003294334262127831
2005-02-16,-0.00702986083092288,,,0.015125478088849075,-0.0018320641280668807,-0.009918326746010673,0.00018175942364727842
2005-02-17,-0.017794588982947612,,,-0.0069527630625439854,-0.014963054914180896,-0.01666562171757853,-0.007954922070865405
2005-02-18,0.019556778326604147,,,-0.0009305389634589322,0.008709440424980477,0.01552974251452528,0.0006992897479059688
2005-02-21,0.015721055488041195,,,,,,
2005-02-22,0.0,,,,,,
2005-02-23,-0.0316930993583767,,,-0.004919317136356666,0.004689046345768777,-0.0032123797067766598,0.005591699832857658
2005-02-24,0.021239715357601902,,,0.00187671239238073,0.004109606429836783,-0.007752239979759405,0.007862777725995748
2005-02-25,-0.0035089241273947728,,,0.008403638031025666,0.005946890086289458,0.006464231843859835,0.009263777602271862
2005-02-28,0.017422327869135515,,,-0.00512734999879551,-0.0020405417978267342,0.002316915863559709,-0.006434901002669486
2005-03-01,0.0,,,0.010921630037518528,0.003706583680912486,0.004489756011183904,0.005642127938093621
2005-03-02,-0.0017285695386221962,,,-0.005329380875001643,-0.0009253093080889962,0.0006399228148402473,-0.0002727366181043891
2005-03-03,0.008613456136713231,,,0.0032470679410534385,0.0003702923142185342,-0.002817877903454636,0.00032225292897391546
2005-03-04,-0.01207981029672657,,,0.010596397884335185,-0.0012963926862841156,0.010463035693218808,0.009578361866919956
2005-03-07,0.005194923698635733,,,0.0018325124469058098,0.004622014618211981,-0.004197797350033255,0.0026068694206831493
2005-03-08,-0.0017285695386221962,,,-0.006886245423947742,-0.006847857112372534,0.0019103251174204827,-0.004810340527826947
2005-03-09,-0.013937529509717769,,,-0.004848191821528793,-0.01200975206203579,0.0003817547994012707,-0.01023734532231883
2005-03-10,-0.003514976180667009,,,-0.0032449802895054445,0.003391919670790374,0.006717806830548087,0.0018540975449818477
2005-03-11,0.007017413673619347,,,-0.007271195592268368,-0.008502712787491864,-0.003923906015179563,-0.007612148101110925
2005-03-14,0.017331514439422033,,,-0.003300673843869067,0.0005690082188676132,-0.005978774747493045,0.005608866091690017
2005-03-15,-0.02083395193237438,,,-0.0023648664034296683,-0.004181097126819476,-0.010774553269825547,-0.007552253930440114
2005-03-16,-0.001756228820795421,,,-0.007127906882801301,-0.0068794454786110714,-0.006079765848517042,-0.00811470022614856
2005-03-17,-0.0303324012784195,,,0.0014301720262248632,0.0028729569083770414,-0.009517160127967668,0.0017996327677856619
2005-03-18,-0.020128730707629803,,,-0.012941040977741965,0.006099457936191675,0.003008249047951539,-0.0004705625853757874
2005-03-21,0.0036900777564127987,,,0.0033710529955221424,-0.001141125593341708,-0.00026084415592229535,-0.004946433602739591
2005-03-22,0.010989289079135836,,,-0.004819250908884398,-0.008790552054315712,-0.005896425900794737,-0.010248546209256063
2005-03-23,0.00906627468091711,,,-0.00532775060963399,-0.0017284641019868706,-0.0011832383642781856,0.0006996454255908223
2005-03-24,-0.007246597210730964,,,0.00048551560105578327,-0.0017323437755848163,-0.015913138320477936,-0.0009471067214324451
2005-03-25,0.021583667818223396,,,,,,
2005-03-28,0.02112763855666269,,,,,,
2005-03-29,-0.012270155398099806,,,0.006544733104052831,-0.0011471499115112513,-0.016611155595115872,-0.007625179181011431
2005-03-30,-0.025000963210525907,,,0.013439183933769527,0.020256458573485334,0.013550738489253863,0.01367862973137081
2005-03-31,-0.005440187766260412,,,-0.00669723418309895,-0.006203363841517547,-0.008834111355523137,-0.0006943847521812366
2005-04-01,0.019802532445906636,,,-0.006983431768518102,-0.005104124952379907,-0.0014801784034711833,-0.006517880949263398
2005-04-04,-0.008952526183146778,,,0.0021723834438870295,-0.00037966897941418614,-0.0012122525657899841,0.002724477316724463
2005-04-05,0.0,,,0.009360521855064809,0.00491760473799131,0.017637791952111025,0.00447084278556942
2005-04-06,0.023112081417554654,,,-0.003589476350063741,-0.0018882320542221646,0.00422941930125575,0.0022658872536414033
2005-04-07,0.010489936508246431,,,0.009781556159890879,0.009781612960239527,0.009582406320531959,0.005953233066958344
2005-04-08,0.005203821822266724,,,-0.0004755139389321805,-0.006384277096362541,-0.010373722617336672,-0.008380014491591885
2005-04-11,-0.001731450202343763,,,-0.005477852513870977,0.0003760364983859292,-0.005692057186164979,8.474198803386038e-06
2005-04-12,-0.006956729381683102,,,0.010926205719699293,0.010117994735078132,0.0014592826559986381,0.005529884802782768
2005-04-13,0.0017436399480853816,,,-0.005448353205828279,-0.00018623989694140146,-0.011733909207990187,-0.01183132550562878
2005-04-14,-0.02469262389550255,,,-0.0007126562904317337,0.02776653886322364,-0.010922944101821768,-0.010052134263021657
2005-04-15,-0.0035780888216500224,,,-0.018714016055444385,-0.005637499000874955,-0.014752034504972433,-0.01686186196276537
2005-04-18,-0.018083739521752074,,,-0.007779974570912561,-0.006220886784673432,-0.007181491032432574,0.002936282269934283
2005-04-19,0.0072728322659135905,,,0.0343077342687749,0.00018382082954961692,0.006905928629086764,0.005916292813629376
2005-04-20,-0.007272832265913584,,,-0.012339674734816515,-0.0062582819926568,-0.010376989803673995,-0.013343570060666856
2005-04-21,0.0036431458640184865,,,0.002384562845202217,0.01010380672938268,0.012302284326696899,0.019543986803022037
2005-04-22,-0.01096872317954266,,,0.0035666919956686264,-0.004395853054116916,-0.004682014237320522,-0.0067731393687058975
2005-04-25,0.0091490457093566,,,0.01297021319612495,0.012224893273390006,0.015476732861172036,0.008624972960833317
2005-04-26,-0.010989289079135947,,,0.0065393498457166,0.0010878897650801226,-0.010382667814018594,-0.008876748450908203
2005-04-27,0.0,,,-0.0032639893275791467,0.0007244105260413015,0.002468405095868865,0.003942496392166546
2005-04-28,-0.020465425801321966,,,-0.003041147588333976,-0.002537253895093257,-0.013931983943372106,-0.011445623573942097
2005-04-29,0.013071843950983634,,,0.017415977330371625,0.009752578637561491,0.009951838095774337,0.011851956462206029
2005-05-02,-0.009319762497787282,,,0.0029881348313976655,0.0048403772132923125,-0.0035823242954243343,0.004579598925333747
2005-05-03,-0.015094775003123107,,,0.004351761494627877,0.00017946923337041338,0.008931735548463255,-0.0008522166554060164
2005-05-04,0.007575807541854694,,,0.0038770302042713386,0.012439433445749451,0.018836401839704423,0.01239305156034736
2005-05-05,0.0,,,0.00499564722895687,-0.003184089362459119,-0.0061942840466047665,-0.0025721133412976343
2005-05-06,0.0,,,0.000905436983408453,-0.007112502097665855,0.004044219604870027,-0.0010921846046322305
2005-05-09,-0.009478900207139524,,,0.00856235645872396,0.005871840574834737,-0.0030990959955564815,0.006373966172402125
2005-05-10,-0.003816588898248893,,,-0.007657409177796879,0.0,-0.009491336213408127,-0.01076315086971956
2005-05-11,-0.009606254381234648,,,0.0009039645545093553,0.0098853832877738,-0.0002728214040018489,0.004184280247109813
2005-05-12,-0.009699177311377418,,,-0.0022610743484483883,-0.004401351634481126,-0.02107113046685587,-0.010083888412137035
2005-05-13,0.009699177311377406,,,-0.0013599448480829427,-0.004420181487797679,-0.0046032977400331234,-0.004590579075786052
2005-05-16,-0.003868389378090182,,,0.003394919508150157,0.004067400108645392,0.007105590479831193,0.010035599091202397
2005-05-17,0.00772199675782761,,,0.0031583742636122213,-0.006551207310347082,0.005952146541212857,0.006933254635373273
2005-05-18,0.02469267042047099,,,0.011643540640898824,0.007080457686560533,0.0009654204227675881,0.009968895481321639
2005-05-19,0.02957706657494451,,,0.007319719525626407,0.00597950413621517,0.0022037069379345644,0.004645135445231884
2005-05-20,0.01086966073642454,,,-0.004429571480438316,0.0015770584782031413,-0.00455006546928429,-0.0015123150380106515
2005-05-23,0.0,,,-0.0017774829202343058,-0.0066749341604346694,0.01072186311853105,0.0038436362656395443
2005-05-24,0.0035965787276001446,,,0.0011107812925438027,0.0005281300188850035,0.0025942769371254857,0.00017585184159638718
2005-05-25,-0.016289707857857206,,,-0.0026693135858270162,0.004043713473044896,-0.003415025484916127,-0.0034058760803961736
2005-05-26,0.010889743074749594,,,-0.000222521361001533,0.00017572689649764155,-0.009486701564076765,0.00637453131772754
2005-05-27,0.00539996478310774,,,0.000891004406231941,-0.007217916196594853,0.0,0.0009681474365535906
2005-05-30,0.023071754507271117,,,,,,
2005-05-31,-0.005277165524323527,,,,,,
2005-06-01,0.0017621893436565313,,,-0.0008969961030988392,0.009904929279372759,0.00514641211624711,0.008956805725932198
2005-06-02,0.0035149761806670347,,,0.004252018030584792,0.0014065347427820044,0.006775400020091141,0.001720390824511472
2005-06-03,0.006992989873776266,,,-0.012358268023666963,-0.015765096222067683,-0.009971477445138684,-0.006890819980251237
2005-06-06,0.0,,,-0.005895399372245339,-0.00429442950655351,0.0034738186893330685,0.001245015026845047
2005-06-07,-0.010507966054443273,,,0.0031783447302232014,0.002328958431750043,0.0022169207724522617,-0.00020878831693162237
2005-06-08,0.0035149761806670347,,,-0.004772267405664365,-0.002880287266979067,-0.005273125885454639,-0.002165587433034947
2005-06-09,0.005249349925691049,,,-0.005710538027892921,0.0003607678536139112,-0.0071203846265973526,0.005226267957247287
2005-06-10,-0.005249349925690932,,,0.006849455468143384,0.00036063774710658094,-0.0028061428358317703,-0.0023509984096796743
2005-06-13,0.008733707687451069,,,-0.0018337997757884848,0.0008994396088729791,0.002946012708307073,0.0022593090815211927
2005-06-14,-0.008733707687451,,,0.003206387534110363,-0.0003596153011754058,0.0004206239165769759,0.0025700096198286804
2005-06-15,0.02083395193237442,,,-0.0020602936422903944,0.004490250988811739,0.004331669381789021,0.0022152533117078253
2005-06-16,0.010256600287253857,,,0.00320321664951511,0.004291581076682089,0.0030628393609553285,0.003623526250350597
2005-06-17,-0.0034073022034386336,,,0.0061486884461351985,-0.0050086702324866,0.012158144699012868,0.004942512444624592
2005-06-20,0.006802814139896083,,,-0.0031839622807206774,0.004294841902993343,-0.011185404113990141,-0.0007069167302181835
2005-06-21,-0.008510717869324218,,,-0.005251879947684868,-0.002324130058772285,0.005953449272140528,-0.002049620033747776
2005-06-22,0.0034130060439834468,,,-0.005739375760890638,-0.011701924200342575,0.0009659439906629227,0.0002224680912793435
2005-06-23,0.005097711825340775,,,-0.00832377023223728,-0.00635886071257117,-0.010536949518844894,-0.010892156085218305
2005-06-24,-0.020548534646367897,,,-0.0204063631010699,-0.010995016084630004,-0.0006968899586385803,-0.007657968670771707
2005-06-27,-0.006944539635941583,,,0.003075214634214647,0.00018383736979594341,-0.009106755481636707,-0.0007387984219396944
2005-06-28,0.00867310917456386,,,0.012676604653879613,0.010082123948735252,0.004913880135795062,0.009096068495660192
2005-06-29,-0.0034600197409659513,,,-0.003973061051605789,-0.007322004163663219,0.0020987655153162617,-0.0014324616711678033
2005-06-30,-0.0034723716199230466,,,-0.02249955632669237,-0.009228808325110768,-0.0008391689964657459,-0.007126235441053447
2005-07-01,0.017241638599310362,,,0.010957537419915736,-0.007818503305878771,0.009189855193718736,0.0026071140527265412
2005-07-04,0.02030524609380818,,,,,,
2005-07-05,0.013311260196783449,,,,,,
2005-07-06,0.027711540727710128,,,-0.010669874493347666,-0.018279540017471514,0.007106898685232846,-0.008375334165637524
2005-07-07,0.023829645868854724,,,-0.004539820167039983,0.003796504252388823,-0.0032737863662531787,0.0024490496555651634
2005-07-08,0.004698415250147108,,,0.022962774090310504,0.014109391644705295,0.005450005426364154,0.01161138179782478
2005-07-11,0.0015616505482469833,,,0.0009350546603843185,0.005959914844873834,0.003391568188941293,0.0062353315852996275
2005-07-12,-0.01572385043431655,,,0.0011689846006959748,0.01383207595898173,0.010240061686353665,0.0022689745298750826
2005-07-13,0.023493520095024135,,,0.0025655498792912794,0.0049325959744046435,-0.00699496253967539,0.0008833189083851104
2005-07-14,0.027482722545045784,,,0.005806195787937946,0.01033477244740475,0.008334713007258177,0.002620602356418461
2005-07-15,-0.012121086416939238,,,-0.0023178800404353977,0.00017983086281802202,0.0038744853010368274,0.0011571320950246463
2005-07-18,-0.01072812680598193,,,-0.003488315747502647,-0.014714881001815455,-0.0032057399447594603,-0.005545053245331578
2005-07-19,0.033336449771902324,,,0.009274267838066294,0.016336920144766783,-0.0030817402005850567,0.006708890992640744
2005-07-20,0.013323551263573043,,,0.0,-0.01706923842757868,0.0045521716076561995,0.004747306199091748
2005-07-21,-0.004421520888177049,,,0.014207538616463324,0.0014636493146052351,0.010497955456049656,-0.006628063888680194
2005-07-22,-0.03456391969633334,,,0.0018186279701706246,0.002739891893700243,-0.0015875603104915004,0.005396819235282299
2005-07-25,0.009132474543053031,,,-0.008667988490718108,-0.004753600491125462,-0.014939712032323436,-0.003776351891558406
2005-07-26,0.004535052840995418,,,0.0009158527429980288,-0.0018337989576714907,0.000537434181947903,0.001731577935090858
2005-07-27,0.01050277756455035,,,0.007297521491589235,0.005127307034357856,0.011352659425447286,0.004562502872513562
2005-07-28,0.0029808506692468534,,,0.008597309014578261,0.003282182995023195,0.006881609447371762,0.00558752002041879
2005-07-29,0.05641384318279825,,,-0.01429393837243978,-0.007308626127956047,0.000527606248320303,-0.007700039576876157
2005-08-01,0.0,,,0.0025105917493280436,0.001465849805889016,0.005652239071464929,0.0009474855123392279
2005-08-02,-0.005641728148248405,,,0.009302282675890073,0.004202838541823982,0.008614052825050594,0.007074137786163408
2005-08-03,0.011251896437979553,,,0.008769134222979341,-0.002738747503310298,-0.007696832948309855,0.0007392405265853752
2005-08-04,-0.01266720094558722,,,-0.006963639189334864,0.0001826834999270822,-0.00301666535417536,-0.007400617130228752
2005-08-05,-0.014265623908307625,,,-0.006786166678405436,-0.0056833673619898425,-0.013887897082488632,-0.007667679991179147
2005-08-08,0.035289321386681005,,,-0.008890833569813286,-0.009049774822168271,-0.0018665164375890428,-0.002686241126164497
2005-08-09,0.012405475023634694,,,0.00979816781821586,0.006472795988769626,0.009297444130069261,0.006722344610712961
2005-08-10,-0.0027434239164315683,,,-0.004545585741474348,0.0023932540243794547,0.03609376089173893,-0.0018288896352600188
2005-08-11,0.01364264547682243,,,0.004772208687238023,0.006049420085205455,0.015688819986833615,0.007037130459696324
2005-08-12,-0.0013559018686983208,,,-0.012088083451608491,-0.0018291024526374358,0.004258757737729852,-0.006012532273180849
2005-08-15,0.0,,,-0.0009179162659043636,0.006206706547870501,-0.004887051269431424,0.002824363312543445
2005-08-16,-0.02333668873946952,,,-0.00552760238410268,-0.002915414432443872,-0.013149616991373023,-0.011845866793172682
2005-08-17,0.006920466464072111,,,0.00023114367838472796,-0.0010964095508020396,0.013526531203588201,0.0007378519836267019
2005-08-18,-0.02090657388296733,,,0.005066785576618164,-0.0027440014841059275,-0.00025097408716958974,-0.0010002794289758986
2005-08-19,-0.015614149611200386,,,0.019563451244429087,0.006573780649237533,-0.0052894538921090225,0.0005658202672560684
2005-08-22,0.03514049217904513,,,-0.002706980204524741,0.002000352372981978,0.022473307590176843,0.0016547775416798668
2005-08-23,-0.005540235148949446,,,-0.0018087603250965174,-0.0025463004999031966,0.0006168245531545226,-0.0033944039442890712
2005-08-24,-0.0339014273625386,,,-0.008180029599174295,-0.010803128006749603,0.0012331216713827033,-0.0065920361862354246
2005-08-25,0.014265623908307646,,,-0.0004560285198428734,0.00349144276277367,0.01928279144667456,0.0022956866031227587
2005-08-26,-0.008535264066783992,,,-0.0054935255817351245,-0.0036753394324481772,-0.008862655374208737,-0.006014586766805522
2005-08-29,-0.021661291753906332,,,0.009820795053654201,0.009163948384219018,-0.008327511431121294,0.005940377442203705
2005-08-30,0.02166129175390647,,,-0.013960397340098442,-0.00018244552449848402,0.0022110607125211245,-0.0031974340479844683
2005-08-31,0.00995056857439176,,,0.013960397340098475,0.0009122163369064773,0.005872321587028049,0.009815803774647127
2005-09-01,0.02651938369498237,,,-0.002731089004439608,0.0018212984248327107,-0.007222948582854741,0.001031982962391605
2005-09-02,0.015037803991110356,,,0.00045563109610443064,-0.0054739414823150095,0.00819827444865512,-0.0029266553741290357
2005-09-05,-0.00954331969169232,,,,,,
2005-09-06,0.012253199638501643,,,,,,
2005-09-07,0.06673530394819871,,,0.002915842520960406,0.009421881451234064,-0.0008349571774122493,0.0024050791657059738
2005-09-08,-0.0012667603718208304,,,-0.00832160209021077,-0.006150412687956842,-0.002151046738342798,-0.003800559147012175
2005-09-09,-0.012755318895542826,,,-0.005207223135305854,0.0021752390349667554,0.01837076939255397,0.007933192791395705
2005-09-12,0.0012830945604745533,,,0.004529402972700631,0.003614958708821271,-0.00046937281249405876,-0.0007412627537386357
2005-09-13,-0.009015085162479872,,,-0.007075102374478626,0.0005409381335592279,0.002932885029262713,-0.007573673921888471
2005-09-14,0.016677867093034548,,,-0.0032116734035519253,-0.001985696196290723,-0.0038735349040085764,-0.003286679455365361
2005-09-15,0.021398008292005798,,,0.002524207743579109,0.006123888925765181,0.011343378413881142,0.00046433550660279635
2005-09-16,-0.0024940342315921717,,,-0.005285363549513798,0.005551181203274612,0.008683008214806656,0.008257581395948801
2005-09-19,0.0,,,-0.0009216950738931393,-0.010230312066308391,-0.01194459537748837,-0.005581391440806683
2005-09-20,0.007462795589054243,,,-0.010665658784989505,-0.011430832981081562,0.02078116120763859,-0.007894521231179437
2005-09-21,0.019632725471037275,,,-0.015268153016852698,-0.014336108769744822,-0.007224235217574257,-0.009162993799830817
2005-09-22,-0.010995822760234,,,-0.0007099056654924536,0.002403853082094904,0.0006904183033279869,0.0036456717931691233
2005-09-23,-0.031194229955757415,,,0.003074209702982817,0.006625922080938421,-0.0035715139626779436,0.0005514969302322027
2005-09-26,0.013845502534902165,,,0.00047258115542212067,-0.0029393852765484496,0.03169461949056799,0.0002797013611169057
2005-09-27,-0.007528258861018426,,,-0.000944876049806616,0.013886354120553617,-0.004463111941967532,2.4702356686383468e-05
2005-09-28,0.022416696739192294,,,0.012676159793532434,-0.0009078382426639217,0.033078545290173844,0.0010112684622163178
2005-09-29,0.004913904722597655,,,0.005350783019856808,0.025817515620878605,0.0289374129142942,0.008827817434815387
2005-09-30,0.0,,,0.0020861315373743245,0.0037097800426386138,-0.017067040130928406,0.0009200158851510246
2005-10-03,-0.0012259754402899744,,,0.00046231012209622897,-0.0035326014794397555,0.006474547183095547,-0.00171867183020373
2005-10-04,0.0024509262642207074,,,-0.0039413948983358146,0.00035320770106682744,-0.0036634733398141386,-0.01001985374354899
2005-10-05,-0.007371033889033819,,,-0.009805973572713237,0.012656634561753283,-0.017753795932418933,-0.014999041934534425
2005-10-06,-0.01365625953566857,,,0.0021089269621374284,0.012324820269739096,-0.021436798908717532,-0.004104085030942367
2005-10-07,-0.015113704924946817,,,-0.012012692390642624,-0.008489332494961144,0.016810843725961786,0.0036944438643394337
2005-10-10,0.0025349627618652787,,,-0.0052267104882641946,-0.00296254622817408,-0.010431938138836435,-0.007192008635452506
2005-10-11,0.002528307169847437,,,-0.007651746474245144,-0.002971287570226342,0.02457313092021952,-0.0020739919651937395
2005-10-12,-0.002528307169847372,,,0.0014387168715374742,0.010101137655478312,-0.008087823535983085,-0.006086612731748998
2005-10-13,-0.021754069869369036,,,0.0,-0.0041673038570778495,0.0013160564755637304,-0.000713595908554969
2005-10-14,-0.010403149139132652,,,0.008354073860540946,0.0006954119967467817,0.00938045410881737,0.008233895771379748
2005-10-17,-0.003928933828807934,,,0.0004756403609410884,0.004337392303044369,-0.002717351173433322,0.0029705697541051387
2005-10-18,0.005235663859946166,,,-0.008110614476454168,0.00964944882763702,-0.00589613489588817,-0.010100380589756442
2005-10-19,-0.030486637073543325,,,0.0011965774032841978,-0.003263635684384319,-0.016673614295867115,0.014845038560093757
2005-10-20,-0.00539817789729199,,,0.0071519432708257455,-0.007945044714671997,-0.02582923911880844,-0.015133641676906876
2005-10-21,0.008086378404994573,,,-0.004046634401860048,-0.0013878718637983175,-0.002631251884060002,0.0015185585117699072
2005-10-24,-0.009440356483105435,,,0.01114677267747833,0.00640363163038762,0.018501222752480406,0.016637869183025955
2005-10-25,0.004056797135743328,,,0.0014144724648008549,0.0006907454639252667,0.002246688359001802,-0.002370669386532537
2005-10-26,0.01473588719151422,,,-0.0028304389171261188,-0.007789127478121034,0.01481350876401439,-0.004321788096966069
2005-10-27,0.015831193691051796,,,-0.004497280649589388,0.01243309343998428,-0.0019918764175515485,-0.010530482171556279
2005-10-28,-0.021164678563963937,,,0.01600320270157237,0.009564259337963862,0.010797593801294475,0.016413885701011693
2005-10-31,0.02377959359460061,,,-0.0011675329420781095,0.004241169712476317,0.016951568957913728,0.0071505284498289785
2005-11-01,0.040925995006125045,,,-0.0030433464091713606,-0.008841129104425409,0.004943917116477003,-0.003527311213989366
2005-11-02,0.013690334183535305,,,-0.0023473154843784874,0.006977096821101149,-0.003974839408780739,0.009927610493678475
2005-11-03,0.002469161486453167,,,0.0007046551331780314,0.001355712607513394,0.0025801329076875976,0.004255094722214066
2005-11-04,0.009816126262638633,,,-0.006597758446953839,-0.007649677974066917,-0.00960154991033913,0.00016398908743909277
2005-11-07,-0.014760561088255027,,,0.002596916048494404,-0.0006831314545475805,-0.004345406822904523,0.0021859186053234682
2005-11-08,-0.0024812543029737073,,,-0.006386359230603865,-0.004449358272866514,-0.008089458223702613,-0.003457112258799154
2005-11-09,0.01111815701377696,,,0.0009487931362867284,0.0,-0.006275323206328806,0.0016890991389006485
2005-11-10,0.015844207273397543,,,0.008028263056232884,0.010069021209290013,0.003967812545521964,0.008410797282881279
2005-11-11,0.014405842914415599,,,0.005628689798736687,-0.0032316384399044473,0.0013193165369962821,0.003049878965987544
2005-11-14,-0.002386659910886747,,,-0.004218544362193093,-0.001704893041971275,-0.008163186261916842,-0.0007777749817605604
2005-11-15,-0.009603699134398578,,,-0.0028219434324071144,0.0017048930419712234,-0.0018847074907496239,-0.0038574498246252645
2005-11-16,0.007211484876641031,,,-0.007565258196656081,-0.0003407461548579226,0.02075753020466776,0.0017884187466490665
2005-11-17,-0.0011984510841711222,,,-0.006427922400743651,-0.00752618273745491,0.037965461087332654,0.009369543885684766
2005-11-18,0.0059773252528152986,,,0.00785068952881451,0.004795545810545709,0.03192513657211999,0.004391670522724698
2005-11-21,-0.003581935271750429,,,-0.0011852284981304488,-0.0020525816678592843,0.007473025931138667,0.0052574157240390905
2005-11-22,-0.018105486141466624,,,0.004497280649589455,0.016473294958288986,-0.0006041082646918679,0.005071395717316795
2005-11-23,0.022878734584829117,,,0.007295042700733507,0.0038667748061601073,0.014590292516901818,0.003466788026831465
2005-11-24,-0.016806893107939855,,,,,,
2005-11-25,0.007237347012718212,,,,,,
2005-11-28,0.009569546095221584,,,-0.00046715996212289083,-0.0046850391200651135,0.02144120214238499,-0.008544215188562845
2005-11-29,0.008298846228895942,,,0.012858122238527185,0.0025123075836389554,-0.0060935713812447214,1.592048455771274e-05
2005-11-30,0.014068062689415798,,,-0.008397549872699578,-0.00958228829859975,-0.031037659868693127,-0.006382253629954912
2005-12-01,0.01272437892671994,,,0.0035074071559345233,0.01108671915502575,0.020561723771061212,0.012083804199621732
2005-12-02,0.03390144973889226,,,-0.0004665881597615532,0.000668300680000239,-0.009563309267470822,0.0003240732190632353
2005-12-05,0.021979336193639627,,,-0.003978080524104263,-0.0006683006800001972,0.0,-0.0023662766825763436
2005-12-06,0.05600996762526743,,,-0.002582322890822815,-0.0025091137826983153,-0.004200192396400067,0.0012748372766701306
2005-12-07,0.007168991575183193,,,-0.008025155556917823,-0.003875805182910865,-0.008039225811780813,-0.005021653100799182
2005-12-08,-0.027937836016406207,,,-0.007611257986379675,-0.0025362071533161236,-0.0012431206978310442,-0.0012175898629097086
2005-12-09,-0.004206214321157141,,,-0.008874192792075453,-0.0011858945645496818,0.004548856816951372,0.0028069478647455917
2005-12-12,-0.003166294973265052,,,-0.008710627957014902,0.005240720651565001,0.0016491918153208917,0.0008413831540164259
2005-12-13,0.01260526491248747,,,-0.004627892154303593,-0.005749290442405249,0.016037538455481646,0.005538295312984911
2005-12-14,0.012448147439422057,,,0.0031687878791295705,0.004736858926229878,-0.004570047024741853,0.004180778582455104
2005-12-15,0.016360510668368414,,,0.0017022405907333945,0.0058898696453081245,-0.01105588783473491,-0.0014153110273098539
2005-12-16,-0.021528095381062852,,,0.0012140154509367158,0.003684466116622148,0.011564501281697531,-0.002852345883930445
2005-12-19,-0.002074844211398135,,,0.005083073087820417,-0.004691734380105476,-0.0002036025869016157,-0.005856130419099415
2005-12-20,-0.004162445193944326,,,-0.0048405507573287656,-0.00623375223395104,0.017153058096192355,-0.00023817746484796877
2005-12-21,0.012435047274139497,,,-0.00024252233049178068,0.001182607454131844,0.02918204225808983,0.0025135053946885194
2005-12-22,-0.0166150267615374,,,0.0016972013164460893,-0.0003376440195293504,-0.0014587013935366444,0.004211895217280327
2005-12-23,-0.003145962588841945,,,-0.0031543530829422064,-0.0001689827853989472,0.008816092472668418,0.00042576736210566876
2005-12-26,-0.00315630118436794,,,,,,
2005-12-27,0.031122879471957434,,,,,,
2005-12-28,0.007729911863916558,,,-0.004648795766358685,0.002362902497997779,0.005572352762350326,0.001296376168455956
2005-12-29,0.0,,,-0.004423225662558169,0.003532920347226958,0.010377872214070598,-0.0029849698145842487
2005-12-30,,,,-0.007168570505348684,-0.007755139609795666,0.009411193000774521,-0.004898703356058071
2006-01-03,-0.017374351287065857,,,,,,
2006-01-04,-0.014538082315521606,,,-0.001957910545687901,-0.0005023341685082009,-0.0024360477606588885,0.0036659643862557716
2006-01-05,0.002090178711937787,,,0.004887781601590029,-0.005876776270360675,-0.0047962707128833704,1.5720458048537734e-05
2006-01-06,0.0,,,0.009462947022471068,0.003697738594890118,0.011248949453225155,0.00935551838421723
2006-01-09,-0.012605621741030961,,,0.00481779166129331,-0.005045810960470954,0.008539233335422542,0.003649695996218134
2006-01-10,-0.01705795290397961,,,0.000960676321311769,-0.003378389566960951,-0.024796467835765664,-0.0003566756223530049
2006-01-11,0.009631038093302267,,,0.00048046381330960915,-0.00406938119495858,0.010367123052459985,0.0034754974769433383
2006-01-12,-0.01718607262860249,,,-0.005534880811309618,-0.0003399429491399545,-0.011315429109244816,-0.006294004875159206
2006-01-13,0.031985485691840676,,,-0.00314206818297495,-0.0023823657077591946,-0.011157416231280462,0.0012044488366576883
2006-01-16,0.0010488581285399805,,,,,,
2006-01-17,-0.011597306067743653,,,,,,
2006-01-18,-0.016034904530618566,,,-0.005131340071259859,-0.000684947614171869,-0.011120584969788188,-0.0039049429830878084
2006-01-19,-0.008658047735869697,,,0.0026913362071103366,-0.001028152143807248,0.028487018862010254,0.0055482532633199955
2006-01-20,-0.014230974252598644,,,-0.020736411855298155,-0.01816494509208095,-0.013654300117406329,-0.018496322409992532
2006-01-23,-0.027950437672541385,,,0.010175225500742327,0.003833471549962175,0.008253426868833546,0.001845283766660529
2006-01-24,0.004524849673614174,,,0.009827760693133387,0.009347335405236239,0.006170457232828284,0.002402548411444657
2006-01-25,0.005627816727157393,,,0.005850922533158612,-0.00691591805800115,-0.023729941780388446,-0.001722218211682101
2006-01-26,-0.01812079305080565,,,0.008230906264703727,-0.004172188007097559,0.011643154828554,0.007208907535489939
2006-01-27,-0.011494634196187377,,,0.011743355359878868,0.01384132835094124,-0.0035080583162354724,0.007734014372505559
2006-01-30,,,,-0.005255509921469165,-0.009669140343843715,0.005451934487466177,0.001144431617966672
2006-01-31,,,,-0.008901777097753225,-0.008012290301909744,0.006869358895020133,-0.003983980099300531
2006-02-01,-0.03259897563827482,,,0.0028954169577716272,0.001572755899415289,0.0008673901562470731,0.0018575363851853091
2006-02-02,0.022235885135530965,,,-0.0065273188088982945,0.0031376239900091033,-0.016513167833973247,-0.009102005775588267
2006-02-03,-0.038942935135244605,,,-0.008524720415625209,-0.0019159892175504654,0.005275064869842794,-0.005373019460362076
2006-02-06,-0.007246026988654547,,,0.0014667683002441035,-0.009990751945411797,0.0026272839189827243,0.000782894973074496
2006-02-07,-0.009744584309260654,,,0.002195386353561071,0.001584044403303,0.013321239592487818,-0.008127666010110246
2006-02-08,-0.017284289122903817,,,0.004862565761820299,0.007359718274947308,-0.0037475221025370198,0.008625561733288215
2006-02-09,0.0012447420788821025,,,-0.0055938548629801245,0.007478808024580273,-0.013468304557580503,-0.0014785903687121538
2006-02-10,0.0318261146187226,,,0.0038949401993934388,0.0038053851425702387,0.007580257255981037,0.002536747815164882
2006-02-13,-0.0012052633602982483,,,-0.01025665496268848,-0.005712672691393239,0.006465887285432607,-0.003265022504588939
2006-02-14,0.0,,,0.01462061052829985,0.0060578340351339025,0.02751310451118639,0.009982823043985454
2006-02-15,-0.03311172697230896,,,0.0,-0.001208948464162056,-0.006666535819586699,0.0034982764518372493
2006-02-16,-0.0012477684003897474,,,0.006028760237426099,0.01406753958443112,0.013567683661994836,0.007301408539075194
2006-02-17,-0.0012490069570834242,,,0.004797761534529942,0.00374144468655902,0.008698244171809371,-0.001661102641883317
2006-02-20,0.009950073174351851,,,,,,
2006-02-21,0.013522246344746955,,,,,,
2006-02-22,0.0012200489290561966,,,0.005480720536509638,0.0027153658908326246,-0.011644022485363344,0.007485389902519992
2006-02-23,0.024097700389561365,,,-0.001188646002356251,0.011124647724767288,0.00960445467963028,-0.003782279549742235
2006-02-24,0.01183464247836776,,,0.0047474836728231265,-0.002013757207552836,0.008685158011643965,0.0012727006703122869
2006-02-27,-0.01302570149707151,,,0.0070782233205260075,-0.0005037213089700407,-0.006923712306731745,0.0036306217950358086
2006-02-28,-0.010785244128932366,,,-0.013254494466706608,-0.006744031952136445,-0.01005503216791637,-0.010455326977436476
2006-03-01,,,,0.008068363808586367,0.0023651518792816243,0.0015894865279907431,0.008227392693299463
2006-03-02,,,,-0.009498854678267561,0.0005066385736247721,-0.0019636471091032414,-0.0016276486762224268
2006-03-03,0.0,,,-0.002628576868241441,0.0033681488482610435,-0.010444971994198011,-0.0014827330959771123
2006-03-06,-0.014563298703955183,,,0.003582379620629866,0.003356491236562025,-0.004835485434484323,-0.0069928218699272775
2006-03-07,-0.021001460029041685,,,-0.0035823796206298987,0.0013399628308391296,0.0,-0.001863645342863235
2006-03-08,-0.0012490069570834242,,,0.010235338884103254,0.005363717076863732,0.007008649949844357,0.002027887120114596
2006-03-09,0.014888464565222671,,,0.004016974078128068,0.0030044741293880715,0.00047185337371798977,-0.004892776729698087
2006-03-10,0.0,,,0.008688476002421829,0.00565010653494252,0.0063953147763206155,0.0071976214935601844
2006-03-13,0.02433201759196308,,,0.0007062944115072836,0.0024833761095534664,0.00205950153659989,0.0021125777270365994
2006-03-14,0.005991915676566737,,,0.007035807929356733,-0.0009921499915322785,0.010607894199532274,0.010342456576622458
2006-03-15,0.0011938268635813027,,,-0.0014035887408762075,-0.006142423095334915,0.0032340360615793445,0.0042607555805967414
2006-03-16,-0.005984591386949835,,,-0.0009359907449629253,-0.0026672570276380595,-0.004252790839989846,0.0017711864963935063
2006-03-17,0.0035952042124676666,,,0.0023395794858390604,0.0026672570276379862,0.002498729655393519,0.0014698453814146074
2006-03-20,-0.005999028109556953,,,0.0023341186272960277,-0.0033356783298856773,0.008375050832589973,-0.0016613861808918453
2006-03-21,-0.010889331992629932,,,-0.003269376647431624,-0.005527821171736306,-9.177637359339408e-05,-0.006033101043218729
2006-03-22,-0.018416742720984227,,,0.0004678627289367423,0.00486011581460541,-0.0011921624964961923,0.006002514715950028
2006-03-23,0.002475224551387301,,,-0.008453113467587824,-0.011601978293532881,-0.01637663501369657,-0.002585632377503073
2006-03-24,0.006161428222918359,,,0.005877862034335186,0.003545282300231284,0.00910041794767112,0.000982797745531337
2006-03-27,-0.026137007111695622,,,-0.0063492790417637324,-0.005915530745067685,0.009842222670644182,-0.0010289384550091379
2006-03-28,0.024907880857892545,,,-0.005440609826313454,-0.009367798289400283,-0.007292862833290127,-0.00645899872572224
2006-03-29,0.0,,,0.0,-0.0005133540331751106,0.01605344204840837,0.007441935488966642
2006-03-30,0.007353058298915965,,,-0.0009488192945252711,-0.0051492242996742,0.008112969533676193,-0.0020283315831609943
2006-03-31,0.0012200489290561966,,,-0.005952933887936658,-0.00552181265489356,-0.011413026442347178,-0.0041462534298418036
2006-04-03,0.004866686468669131,,,0.0,0.0010375109694090643,0.013227007899446877,0.002267973429724808
2006-04-04,0.03224085902381842,,,0.005002454960955061,-0.0006916947672121528,0.0004531201040167055,0.006237198100456351
2006-04-05,0.03123479241649423,,,-0.003093471784159407,0.0013830316039602085,0.020086683380090623,0.004301841324002346
2006-04-06,-0.003422563683177016,,,-0.006217587573529976,0.002242935049613603,0.02030019127429916,-0.0019232391163138288
2006-04-07,-0.017291360045237954,,,-0.008189284717315505,-0.0037994014605446805,-0.007421487747840456,-0.010397352959045201
2006-04-10,0.0,,,0.0031390607479810087,0.005005221033572745,0.007160572254207778,0.0008641538115478599
2006-04-11,-0.012873109404759569,,,-0.004590963513737446,-0.004831786226601821,-0.0035742505786663823,-0.007781154126378512
2006-04-12,0.0011770380921222944,,,-0.0033967117392591597,0.0012103774235137038,-0.00868306733102699,0.0012040665483370268
2006-04-13,0.01285813752379088,,,0.0026699690823402712,-0.00017262388406097547,-0.0035297873678948196,0.0007760240055048999
2006-04-14,0.017271377307625558,,,,,,
2006-04-17,0.004555844458676673,,,,,,
2006-04-18,0.0,,,0.006315496542380047,0.011951466086068348,0.018815524762372672,0.016933204646026205
2006-04-19,0.0022701987178163235,,,0.009398828260001456,0.0,-0.010771135571986544,0.0020250765018054962
2006-04-20,0.016863961036251898,,,0.0028740687709997957,-0.013520714936171614,0.007630750224032853,0.0011672489722763188
2006-04-21,-0.01913415975406826,,,0.0009562749772785464,-0.0017466042353802772,0.026385235817211517,-0.00013720890486834967
2006-04-24,-0.03351015666553477,,,-0.006953822783492588,0.0012232165394144626,-0.009404851067646925,-0.0024204455810256276
2006-04-25,0.003519294315502649,,,-0.0050658056821012,0.004007954825653913,-0.0037005359665557985,-0.004881512597334564
2006-04-26,0.018562206691246603,,,0.00890827915616255,0.006241580582381377,0.0027549259114610265,0.002815370297147241
2006-04-27,-0.030340790339224946,,,0.007878802155914995,0.003794567224102195,0.0014604863586207164,0.0032961576805392323
2006-04-28,-0.017932122278384692,,,-0.0021425922779985326,0.00275126126403133,0.005651012807225692,0.0006793149699389326
2006-05-01,,,,0.00023857430542816136,-0.001202532473242003,0.0021319364273792484,-0.004144087356689018
2006-05-02,,,,0.0064122766821132675,-0.0037894042151068023,0.030622163398595092,0.006125912703046048
2006-05-03,-0.012376352227707351,,,-0.0076047025735939775,0.00859135798767553,0.0002478461936179291,-0.0038835036433497857
2006-05-04,0.025816145924348766,,,0.0038097066269780827,0.0049491014978719034,0.004697343366990246,0.0031522329368364158
2006-05-05,,,,0.01486035921050832,0.007462674969811249,0.015014534523879158,0.01024266612268579
2006-05-08,,,,0.01533545304504241,-0.004742698784662921,-0.01723688936475117,-0.000830038734127436
2006-05-09,-0.003535959419228951,,,0.0068926412973825575,-0.003230826008900896,0.0037010852945963827,0.0003622767493055886
2006-05-10,-0.004733842162504708,,,-0.0020628655512044286,0.0022116426074895623,-0.007912490865198402,-0.0017296437236281451
2006-05-11,-0.00594868503701683,,,-0.0045995292170308314,-0.008362461882218862,-0.0352005928246407,-0.01288067467835875
2006-05-12,-0.021713856249178605,,,-0.004621111211319223,0.004957622759518832,-0.04353266642673564,-0.011304817461096427
2006-05-15,-0.009803903882932324,,,0.017447338086293118,0.018082522167634077,0.009710718597956573,0.002521530784402824
2006-05-16,0.001230796654960105,,,-0.0022777122291508557,-0.0008375275767734486,-0.0012418216264390503,-0.0018712312726290408
2006-05-17,0.021898548193111593,,,-0.006637608301895658,-0.0001678229915722302,-0.025625277015235627,-0.01698449398254566
2006-05-18,-0.02312934484807172,,,0.0,-0.016225200356334787,0.007259803431230959,-0.006721550408601831
2006-05-19,0.001230796654960105,,,0.0022937574354951356,-0.0015340474942338088,-0.006258242581980553,0.0041283576149624395
2006-05-22,0.0,,,-0.0011460176981034436,0.011368526394752634,-0.020962473115949266,-0.0039224146258121
2006-05-23,-0.056941422570946094,,,-0.000459116864288235,0.007730886746834958,0.004172236930916972,-0.004359477610648544
2006-05-24,-0.006531343494700559,,,0.010272679530488207,0.010492224492410501,0.011590474247377322,0.001582403218007078
2006-05-25,-0.023874082371782117,,,0.007692576463953818,0.003308091101175507,-0.003389404173816683,0.01130594031131146
2006-05-26,0.017298954668887773,,,0.0027007068469603267,0.0016499507805246682,0.01131467030796074,0.005703043365720523
2006-05-29,0.01830140304080348,,,,,,
2006-05-30,-0.04639666301484288,,,,,,
2006-05-31,0.046396663014842875,,,0.008209813979283895,0.0006622279336258545,-0.004089186445700554,0.008079200028414162
2006-06-01,-0.0837196127151247,,,-0.0025013032674786172,0.010529717533552073,0.011665931403536322,0.012223327369858277
2006-06-02,0.015374149103580191,,,-0.0006833710489972825,-0.007062290352984953,0.008341329536575516,0.0019503332475381977
2006-06-05,0.06575162069650232,,,-0.010536034733607374,-0.015280709080182678,-0.027203793016906366,-0.017960022017338574
2006-06-06,,,,0.0016106742038895457,0.012804940068397466,-0.009424077574081613,-0.0011387773107430577
2006-06-07,,,,-0.002762173901325229,0.0013280305974296238,-0.011906936930795482,-0.006111091377008479
2006-06-08,-0.00792632463643415,,,0.00022994832149735484,-0.0028240610584357824,-0.02788592592892485,0.0014160484463521573
2006-06-09,0.013175292155496055,,,0.003680958022429963,-0.0033309554042054773,-0.009304959971491186,-0.004485655970165158
2006-06-12,-0.011849966394287979,,,-0.0055258754870375825,-0.0035107376471670425,-0.00859014515507792,-0.011937217492592567
2006-06-13,-0.046078505222944856,,,-0.0020954561663930967,-0.012298656632721179,-0.04283419536226565,-0.01117384593032396
2006-06-14,0.012405230836502548,,,-0.0023333364458267493,-0.002206238076266673,0.02736783714338608,0.00517588478216243
2006-06-15,0.009543569760199148,,,0.0053587534247810705,0.003730805317917532,0.026440210344925174,0.021012754739616786
2006-06-16,0.05156449928825556,,,0.003941613451657333,0.010439255369037673,-0.0011913253852527403,-0.0036846514409677685
2006-06-19,0.010256563347272346,,,-0.006501130593764854,-0.0065541071585544335,-0.0006955350316391949,-0.00915860746773235
2006-06-20,-0.04968317413168405,,,-0.0030328531983904073,-0.00033784959407002547,0.0003974817943798823,-8.071577965939769e-06
2006-06-21,0.0026770080939696535,,,0.004894858020129263,0.005383117889123683,0.006240598482661268,0.009693820144398816
2006-06-22,0.019855491079120283,,,-0.0032605202958055452,0.0068550827462173685,-0.0040568136998407915,-0.0052846433977929725
2006-06-23,0.009132432422867022,,,-0.002802994561894198,-0.008869950337021123,-0.011668258286354278,-0.0008834791118988757
2006-06-26,-0.0039037990654491824,,,0.0018697549750794327,0.0003358994320535767,0.007993055806444329,0.004857655020670141
2006-06-27,0.015524336176168317,,,-0.00749934229083504,-0.006744204768913102,-0.022543133722872477,-0.009125527128600108
2006-06-28,0.007672349457363605,,,-0.0021195522167584313,-0.003389118528160539,0.004265714028020441,0.005472449647681757
2006-06-29,0.01265843434012161,,,0.014974659463044425,0.009965329510121823,0.035444385964698066,0.021335769185163972
2006-06-30,0.011257402585750236,,,-0.0009297742970998876,0.00903463247353738,0.022822300148101618,-0.0020998596049774925
2006-07-03,-0.013776270709067423,,,0.00810337920408927,0.0038240665125569137,0.004293597619461661,0.007834128700747955
2006-07-04,-0.01396830092338154,,,,,,
2006-07-05,-0.0077024726730506796,,,,,,
2006-07-06,-0.014276503224198406,,,0.007180253942655264,0.0014915245563611218,0.008851008748828148,0.002491108826707996
2006-07-07,-0.002617608387123391,,,-0.0034678002203115486,0.001656031268579473,0.010691245278582819,-0.006772833620935191
2006-07-10,0.010429987156087856,,,0.010367773041797984,0.008071295627682907,0.010577802942073888,0.001468707389671119
2006-07-11,-0.011741743618472905,,,0.004116860309636543,0.01044547996551497,0.0020834880833657437,0.004008311513638601
2006-07-12,-0.022562325909397163,,,-0.005493002870323395,-0.00798754323618618,-0.0305440872654389,-0.010928527604668774
2006-07-13,-0.02997495982648036,,,-0.010845562679301604,0.015750863775874757,-0.03402619905893968,-0.013051548192745042
2006-07-14,-0.03232897141866263,,,-0.010496346574083822,-0.0043589944160204045,-0.011569987802515025,-0.0049063057756867905
2006-07-17,,,,0.0011718902985593449,0.007736371470779448,-0.008303082857863466,-0.0013841973303625145
2006-07-18,,,,0.01971056019949423,0.014822346829108076,-0.013680129383677568,0.001917976706762714
2006-07-19,0.008534818449893075,,,0.006180612934438332,-0.008579262819681863,0.02890090308244668,0.01838506433120477
2006-07-20,0.023794152968769716,,,0.0004570300094562526,-0.0030365032379603574,0.0020253735999038493,-0.008513649549338661
2006-07-21,0.012370950447378492,,,0.0013671110481488285,0.004471722106796863,-0.0006069277607311695,-0.007102058166951474
2006-07-24,-0.010988661261769306,,,0.002275306910110794,0.009357075016790582,0.017760096806859617,0.016488454880015904
2006-07-25,0.019152154051511033,,,0.005665959074798417,-0.009994842947824737,0.020182400339502315,0.006300915845493745
2006-07-26,0.005405797378484687,,,0.004509100535279319,0.014404634575203279,-0.008220804410283488,-0.00037834253131966203
2006-07-27,0.0026917642788823895,,,-0.0031542501265281794,-0.01807838528557529,0.013082588837663332,-0.004108137624991621
2006-07-28,-0.013532216908602835,,,0.004728205667944851,0.01018947599949479,0.02395859656231972,0.012078516199717922
2006-07-31,0.0013615878017762125,,,-0.0004494940656950216,0.003952616276004367,-0.0036049252600805146,-0.0014793421532656962
2006-08-01,0.006779489107657004,,,-0.004278711602250012,-0.003319208223634343,-0.016481498081121756,-0.004506237112435881
2006-08-02,0.03844070270248063,,,0.0,0.0004745190434335533,0.01543561971046195,0.005093535034171588
2006-08-03,0.0025974617565522645,,,-0.006566128718133231,-0.005712338694135661,0.017541089423750062,0.0022363911697382798
2006-08-04,0.0,,,-0.0038700672578824325,0.005237819650702219,0.010878233139619213,-0.0007110670028835725
2006-08-07,-0.005201353798670165,,,-0.005487738376075383,-0.00015836920739501642,-0.02320060371878183,-0.0028100082388708768
2006-08-08,0.012953419468314202,,,0.004575525592042437,0.00725686384177273,0.0136300885159501,-0.0033683722592652552
2006-08-09,-0.0012879412144102395,,,-0.0013703239785543314,-0.012336314285079832,0.016573988210136423,-0.0043587710409504835
2006-08-10,-0.011665478253904099,,,0.0034226163449426693,0.005712338694135597,0.004306453522009753,0.004618338861988249
2006-08-11,-0.015769316408108216,,,-0.0031942326806407057,0.002055545966035554,-0.0175247575919236,-0.003994465346949095
2006-08-14,0.006600998875226268,,,0.005242401811504179,0.009741871889880372,0.0053819886140600345,0.0011597632270497372
2006-08-15,,,,0.00747376268626638,-0.005645154351289339,0.016885868807647298,0.013603517555473534
2006-08-16,,,,0.00022560558313815962,-0.0047290714552137535,0.015082862498769311,0.007632783631721066
2006-08-17,0.0063733217522388965,,,-0.003389678806069225,-0.010004038669642673,0.007234239905052708,0.0015811787974745859
2006-08-18,-0.00509591098796339,,,0.002938257799461523,0.005570174701416253,-0.005532647639483006,0.003708062857582507
2006-08-21,-0.002557193634929706,,,-0.0027120170154276676,0.00459179855170023,-0.014512105720035699,-0.0036772042352294725
2006-08-22,0.00383387354487591,,,0.004966452702631317,0.00692736671492229,0.002810808431492323,0.0010013533539877052
2006-08-23,-0.0038338735448758482,,,-0.002028620263733901,0.005163835156616544,-0.0021754438594434804,-0.004498760349021232
2006-08-24,0.006381783475207221,,,0.004277272925050015,0.001091573010078827,-0.017390248129927226,0.002371580108853858
2006-08-25,0.0076044425498800975,,,0.00022511731942539108,0.0006234371787953232,-0.020426647382081196,-0.0007487739494986201
2006-08-28,0.0012618577689482743,,,0.004258886657977863,0.012695761494396156,0.009565806259975924,0.005152416785938775
2006-08-29,0.006285193389497595,,,0.009571002854121,0.01238449996250643,0.008272613118757582,0.0019186056427523657
2006-08-30,-0.010075796898076634,,,-0.0039957895113268225,-0.0025865711342469926,-0.004453191929458568,0.0008353349096587734
2006-08-31,0.02500154047666949,,,-0.003341318084322989,-0.00549941171404706,0.0073187079628667,-0.0011881457810914624
2006-09-01,0.014706160090283945,,,0.005785255395786373,0.001989797834292555,0.001291417408398816,0.005499463994837353
2006-09-04,0.013293155889719268,,,,,,
2006-09-05,0.014303226102624331,,,,,,
2006-09-06,-0.016707049999713605,,,-0.006244897440108326,0.0004620831070683444,-0.0166300595081742,-0.00994072887125942
2006-09-07,-0.007246026988654547,,,-0.004709122931973454,-0.010994615634323343,-0.011054064117707806,-0.004810584977398314
2006-09-08,-0.008521315438514783,,,0.0024697233665520435,0.007910020738486897,0.0018819808985708095,0.003779516785635686
2006-09-11,-0.01602001919897638,,,-0.001121543667347757,-0.00015501215215587023,-0.016112281976086926,0.0004772019651234773
2006-09-12,0.004956511463918798,,,0.005149362384210266,0.007389408735709098,0.013476538927331493,0.010304209566623772
2006-09-13,0.0037015053141550716,,,0.0031435354710164557,-0.008626427377400887,0.0015070716420868154,0.003853909373543101
2006-09-14,0.015883317859417174,,,-0.0006727665463804579,-0.0013931172203085493,0.0038516002690673202,-0.001358906207768862
2006-09-15,0.01801828641307658,,,0.0004480909042336801,0.007408479657527557,-0.004604909760969333,0.002564555076311261
2006-09-18,0.016529139418428634,,,-0.0035938239677750046,-0.008493358638440062,0.0022581132864347092,0.0011511637573800798
2006-09-19,-0.0011715973127995266,,,-0.0013507450106232046,0.004487069279274445,-0.00037613238786405776,-0.002683048555375884
2006-09-20,-0.015357542105629183,,,0.0015756001243926517,0.005389660035248426,0.008706042681808105,0.005706071034442844
2006-09-21,-0.009569586680530767,,,-0.005639924417214863,-0.007862783257810849,0.0068736433435821085,-0.005410119989902893
2006-09-22,-0.029270408982833937,,,-0.0047623795568655395,-0.00512074458903324,-0.009486509225334836,-0.00246884627333857
2006-09-25,0.006169188045831118,,,0.009276813667065441,0.012215307222095515,0.013643442667141799,0.008776510314245868
2006-09-26,-0.011131610148825183,,,0.0053913707070332734,0.005517071105948657,-0.0025846177192201444,0.007496114733216495
2006-09-27,0.009900813493865087,,,0.0015668213472775682,0.007309516673708208,0.01167016678439235,0.00017957024121812985
2006-09-28,0.0024599229087630464,,,0.005353619876634764,-0.009297986904177533,0.0047767848350310305,0.0017118783965645722
2006-09-29,-0.0049260701436050856,,,-0.006024959502087828,-0.0006130881848288638,-0.0020181805471155847,-0.002265672135253866
2006-10-02,-0.004950218041507476,,,-0.004036822805542331,-0.014352947122424346,0.01458557880320424,-0.003396884177235413
2006-10-03,,,,0.0013477329634272433,0.005116879590863936,0.00478485319564856,0.0020935009758710986
2006-10-04,,,,0.005371514234557113,0.0038586363630795277,0.023147005479793648,0.01198830157743166
2006-10-05,,,,0.000668761822716618,-0.002004947524913279,0.015196722269690505,0.0022342224846966835
2006-10-06,,,,-0.001562546727605124,-0.005572583611293132,-0.01010544497676298,-0.002686098653359275
2006-10-09,,,,-0.007624954846880864,-0.010925753339943684,-0.007117507210976171,0.000792569884558926
2006-10-10,0.007691942222915929,,,-0.008137475341163856,-0.004877254119360461,0.014010718097809944,0.0020413675958842036
2006-10-11,-0.006405740010698804,,,0.0013607866712782915,0.007071997006895897,0.006673076798040577,-0.002567236216697791
2006-10-12,0.008957063953000432,,,-0.0015877116683023068,-0.015942259753185813,0.009970368743742075,0.009495869261272884
2006-10-13,0.007614499351219141,,,-0.0006812429949984657,-0.006384753943316807,-0.006262482443908968,0.0020451465739917867
2006-10-16,-0.012723016928450383,,,0.005211410065517017,0.003676256878142163,-0.0014644674527741547,0.002515881363474249
2006-10-17,-0.006422689802396573,,,-0.010449801855514385,-0.004958047802210631,-0.020021149527295678,-0.003666164318479104
2006-10-18,-0.005167836273412801,,,0.0038743528537933253,0.013061957132422612,0.0036860877976060153,0.0012821218580672926
2006-10-19,-0.009108666950785532,,,0.021380389658004137,-0.005873120590205757,0.0057649448644486205,0.0008488942862782346
2006-10-20,0.0,,,0.040153966443767036,-0.00015895770294065866,0.006857730628091746,0.0011990341158502982
2006-10-23,0.016850646650825862,,,0.01127269115865731,0.00587372430184763,0.015621183980446712,0.006133456455451609
2006-10-24,0.007682419920644863,,,-0.005301666683270432,0.0003159196770242231,0.006959393501237609,0.0002613893046917648
2006-10-25,0.0012746440323553247,,,0.0033969106889360935,0.006937878262263815,0.008337500987746538,0.003507733603266655
2006-10-26,-0.007672349457363549,,,-0.0010601796729628468,0.0028250260329574614,0.006604141813433433,0.004950744808794787
2006-10-27,-0.023377784510984233,,,-0.005744324787550936,-0.00439707269192908,-0.008282698136357054,-0.008487547836851525
2006-10-30,-0.01456021733043664,,,-0.002349759732134861,-0.00015759014869674482,-0.004040866186783333,0.00042833398938320956
2006-10-31,0.021109088994323722,,,-0.0008558560900745964,-0.0014173662159831346,-0.004650123586334415,7.175734218364178e-06
2006-11-01,-0.0013064482993653706,,,-0.0017136128966110248,-0.0014201394210132997,-0.003820721256466551,-0.00737862425334979
2006-11-02,-0.021137235255940398,,,0.0014990852096280357,-0.002212431841581787,0.0059371787033926145,-0.00034374185976655965
2006-11-03,-0.01615076080811679,,,-0.004505367865189162,0.0004748705870728988,-0.005001939823710361,-0.0022257092668210425
2006-11-06,-0.02194880059670149,,,0.006644841521455354,0.0006321205337401812,0.017440045372382713,0.011282575026932747
2006-11-07,0.005532374547240251,,,0.002346730235545853,0.0018946198100129581,0.012285297772469858,0.0022152433415975263
2006-11-08,0.015058796674801074,,,-0.0008527126144315129,0.0020483265477520187,0.018392815630671234,0.002080508269778957
2006-11-09,0.01750839018277712,,,-0.004917876911909868,-0.013309879517076463,-0.0087046832098093,-0.005347249472951695
2006-11-10,-0.01344093236239713,,,-0.003866470666306928,-0.002235969387678493,-0.004667952221421864,0.0018628886470654841
2006-11-13,0.004051757648556443,,,-0.0012923788727409596,-0.01839350610884441,-0.007746262578590899,0.0025458329201797896
2006-11-14,0.008053310503537234,,,0.0030121053072476047,0.00859338136552605,0.03207445084540895,0.006336282710039514
2006-11-15,0.009314808028429841,,,0.0021467442318002885,-0.011366040259168143,-0.007801713075754548,0.0024015981817582426
2006-11-16,-0.009314808028429815,,,0.010448853931272433,0.009103076766094061,-0.010307434503240087,0.0022816083299046206
2006-11-17,-0.001337565370581625,,,0.0025420275332908183,0.007736984006051734,0.0024443757858698873,0.001028177162961429
2006-11-20,-0.023020900987430988,,,-0.0046662108046761075,0.0035266376944316567,-0.034861559921432306,-0.0004996617758049194
2006-11-21,-0.037687313771986794,,,-0.00106333960578379,0.0009596356501604457,-0.0037148873540661597,0.0016480939092360738
2006-11-22,0.009907933831903977,,,0.00233856912821938,-0.0003198129666743087,0.0122732250201902,0.002335368784049262
2006-11-23,-0.024235143362113243,,,,,,
2006-11-24,0.0057557232503471995,,,,,,
2006-11-27,-0.0028734440565874662,,,-0.00791733375814159,-0.013565900235745004,-0.0099131295544811,-0.013647789970175506
2006-11-28,0.0028734440565875165,,,0.002789143254858037,0.005189648176773084,0.0,0.0034384721766224924
2006-11-29,0.015658481323181414,,,0.005806143498684388,0.010459149861992074,0.016635168098966546,0.00915949981987441
2006-11-30,-0.005665863494012219,,,0.004065214836776878,-0.008036114308024268,0.0053453258288470714,0.0008214137907016746
2006-12-01,0.008486802282596718,,,-0.005567387791595839,-0.00016158302018918344,-0.0004164088170091145,-0.0028026958176261096
2006-12-04,-0.014184676239709561,,,0.005567387791595897,0.014739657591223055,0.009785244421724274,0.008845949539756107
2006-12-05,-0.01438887274025823,,,0.02467718811842825,0.02030753171549556,-0.0014864282428485407,0.003994519694966535
2006-12-06,-0.02494597409896992,,,0.00788562539246576,-0.002508224702976285,0.002475954372423947,-0.0013155652358048573
2006-12-07,-0.022540412785984603,,,0.007003012411196232,-0.004562146564245823,0.002881567859681786,-0.003978450122078702
2006-12-08,-0.01840563793688717,,,0.0038919252979785508,-0.0023677624781224304,0.002791172450116194,0.0018103015833673987
2006-12-11,0.0015468250517889724,,,-0.0020465758680683504,-0.008093767766272497,0.0055586856689019545,0.0022672409790369433
2006-12-12,0.003086490552753856,,,0.001842447618566853,0.0014331125435454724,0.007633659815580382,-0.0010479222212118867
2006-12-13,0.015290861686256478,,,-0.0012274233135468665,-0.001433112543545469,0.005164072356419324,0.0011681676879644158
2006-12-14,0.028423710423590706,,,0.003270094013312905,-0.004151140733379915,0.01160224728550404,0.008651922436740064
2006-12-15,0.0,,,-0.0014295590388522922,0.005902528860984675,0.00047738368031625044,0.0011217745187634652
2006-12-18,-0.001476047687219683,,,-0.0006131116609136687,0.0031760005387742977,0.002699884096820842,-0.003235568496471714
2006-12-19,0.0029497311705725983,,,-0.0026622379355725418,0.0033238769888204412,0.004746813992337535,0.002155924984594354
2006-12-20,0.010256540602445172,,,-0.000409897936595149,0.00031611325527135475,0.011925842213058337,-0.0014180155098076032
2006-12-21,-0.0014585413427321925,,,-0.0018481218131079006,0.0014204628587966865,0.014325163271842712,-0.0036807171642770386
2006-12-22,0.0014585413427321786,,,-0.005770551774397672,-0.0045849055238399725,0.014046907026662803,-0.005330432553268684
2006-12-26,-0.0029194004544537207,,,0.003507421830408861,-0.00412883577125523,-0.00227666887455914,0.004342830626287104
2006-12-27,0.0014825560944669192,,,0.0028797641506307214,0.0007953529118474687,0.019935142472797776,0.0069907810992623325
2006-12-28,-0.0014825560944670135,,,-0.0030856208200922266,0.005707400724102234,0.0,-0.0014798765426649958
2006-12-29,,,,-0.005993031710215282,-0.011128426605026838,0.0003721894423080989,-0.004523302629615828
2007-01-03,0.0014782668024676123,,,,,,
2007-01-04,-0.014881178627094507,,,0.00041147495262169794,0.006832454883644909,0.018091351161751115,0.0012275324972152997
2007-01-05,-0.02121276909598143,,,-0.007021084334425838,-0.0031722979337998882,-0.029837904677654025,-0.006103167832470129
2007-01-08,-0.0061448972692080064,,,0.0064033077862324355,0.0022216212861409465,0.001867971554680352,0.0022178570774974288
2007-01-09,-0.006182009784397154,,,0.0008230932656724319,0.004113051188931462,-0.013602720451592365,-0.0005168094993646467
2007-01-10,-0.015625464323172633,,,0.0014391774803150217,0.012548720174029821,-0.02087320381019577,0.001938471807337008
2007-01-11,0.0062794553292694335,,,0.0012316696062017927,0.012393727365661375,-0.005034765720005969,0.006319861629223327
2007-01-12,0.0015638945486370238,,,-0.003905669635276151,-0.0038563198016811633,0.016252066253959356,0.004841427093058067
2007-01-15,0.00156125563894982,,,,,,
2007-01-16,0.013943073538207097,,,,,,
2007-01-17,0.0030719559455340494,,,0.002059786161432048,0.002310353519639568,-0.0008388015201488259,-0.0008943374184001605
2007-01-18,0.0052010534392238714,,,-0.005157370574686227,-0.0012313129618138107,0.007447243112411676,-0.002975161375757787
2007-01-19,-0.02377733856191498,,,-0.001863713759739579,-0.0015417524810508205,0.0018910520024564474,0.002891281554245473
2007-01-22,0.009331081299726752,,,-0.004776430855292159,-0.0001542848982695321,-0.008499493594719307,-0.005291886366783456
2007-01-23,0.0030914362634014503,,,0.001871473651762648,0.00046320641657023807,0.006608441592262869,0.0035357071117870357
2007-01-24,0.03338696252599731,,,0.00020815850031284642,0.005536335516986503,0.025932783045947008,0.00846553642839807
2007-01-25,-0.0074906469348442395,,,-0.003955629162515815,-0.012034976329294109,-0.0288138385235703,-0.01133378773070705
2007-01-26,0.0,,,-0.00229715851350348,0.00046526493717304464,-0.0012157480378726653,-0.0012086595354295969
2007-01-29,0.003002957440571541,,,-0.0025123219706507578,0.002324781891726343,0.0012157480378727468,-0.0010975508115664014
2007-01-30,0.0014979148178078665,,,0.002093567472590548,0.007556286868449572,0.007639375262595457,0.005755498607645567
2007-01-31,0.004481081455034213,,,0.0014638222844995789,0.002301739708304935,-0.007032239125270575,0.006571245841597129
2007-02-01,0.013323637678973307,,,0.004583836499293613,0.002143618815768326,0.011318512658018651,0.005339451523831852
2007-02-02,0.02612662112821661,,,0.0029065953938718714,-0.005213713633205154,-0.015196155948990825,0.0016930162521957197
2007-02-05,0.0,,,-0.007072652380812969,-0.0032337866059969846,-0.006189638702227271,-0.0009670748024880951
2007-02-06,-0.011527958938228916,,,0.0031262771725213186,-0.006810206081403468,0.024531861558557702,0.0006977639370160676
2007-02-07,-0.0043569613921846445,,,-0.00041596894736922946,0.0017070905644592182,-0.005700591076016529,0.0013940689469243953
2007-02-08,-0.014663156122523823,,,-0.0035458967092491635,-0.018622202283630596,-0.006338664336587677,-0.0011799630061502266
2007-02-09,0.0044214553247207975,,,-0.0020920309851508077,0.009432847667469003,-0.00030264887782626343,-0.007102376113371196
2007-02-12,0.007326293518919395,,,0.00334457214289574,-0.0029775655762975394,-0.002047027729139159,-0.0032667120978962082
2007-02-13,0.002915407278883675,,,0.0060335274806613175,0.0014115366809784367,0.02302769748140405,0.0075687747329175785
2007-02-14,0.018745926255918963,,,-0.006868259666661592,-0.0072347750677501,0.012087380406290305,0.0076150120631249705
2007-02-15,0.002853203610784742,,,-0.0006270693047370743,0.011457148625319899,0.0019761086688778605,0.001037055499453231
2007-02-16,0.019746890786994792,,,0.00041789639346982894,0.008391529136682549,0.0027747581124650702,-0.0008721613605295131
2007-02-20,0.013869799531140939,,,-0.0018819832727861082,-0.00015465627673390647,-0.0035059681956656746,0.002840277783407165
2007-02-21,0.005494258226854689,,,-0.004404508873486633,0.006325700570963846,-0.007933706055411792,-0.0014054379715543585
2007-02-22,-0.006872944292675235,,,-0.00569260311292101,-0.0055524461155493435,0.0004421235810984879,-0.0008579243533695572
2007-02-23,-0.009701756319910696,,,-0.0008455316283044365,-0.0012378978717251428,-0.001106391725038968,-0.0035700389567874836
2007-02-26,-0.012614283458141619,,,0.009686357198951117,-0.0013941634876718134,0.011228203752546715,-0.0012548932397342684
2007-02-27,-0.011347458631834695,,,-0.028267121887857516,-0.027192493856245226,-0.0300760073860844,-0.035342660843100726
2007-02-28,-0.00859599391726272,,,0.006232275628714513,0.0061949047336867635,0.004726636254916686,0.005545484952734019
2007-03-01,-0.007220680399684242,,,-0.0034334944198115037,0.004424183472926253,-0.017517814763261412,-0.0025978059773005212
2007-03-02,,,,-0.013635001813514234,-0.007914243596440622,-0.016822893950259,-0.011468261829749615
2007-03-05,,,,0.008678350022772984,-0.0025455205634109966,-0.009182702352252067,-0.009452209514841423
2007-03-06,0.008746549476845718,,,0.01373145891062859,0.007775836814683137,0.036990219388923044,0.015374780717887004
2007-03-07,-0.005822248039749439,,,-0.003842751199014169,-0.0033409206484107316,0.001430249653596248,-0.002468314486799026
2007-03-08,-0.00879784791843174,,,0.008519309672914855,0.004769318506294508,0.011370570392403493,0.0071013477307829646
2007-03-09,-0.0029499009252083553,,,0.008868752627440675,-0.00269967935222153,-0.009716794109594765,0.0006773922729208479
2007-03-12,0.01902011751470852,,,0.007956695734617557,0.004600969487757573,0.0019508358755003815,0.0026766986224967043
2007-03-13,-0.005813970665601656,,,-0.011619974266929947,-0.016117358317870933,-0.020064870019384656,-0.02057857550740609
2007-03-14,-0.010256245923898505,,,-0.00042493540935915924,0.008489976098855406,-0.0059063721210170445,0.0066688801649587605
2007-03-15,0.00733658156194784,,,0.0008502763727096949,0.004773981337083028,0.005829751807747285,0.0036769799595125943
2007-03-16,-0.0014630350806121948,,,0.0027570642868203917,-0.006689951835966521,-0.0064455783063854825,-0.003835655701215665
2007-03-19,0.005839708715979765,,,0.0025388417658592883,0.004306135910136426,0.01262218622278591,0.01083556904272735
2007-03-20,-0.008772123296053832,,,0.006108347806592209,0.008871803317835911,0.003793636737454588,0.0063134819115044745
2007-03-21,-0.0073692996289375,,,0.013349861424150358,0.012227649391666047,0.011145374548924331,0.016936643202980273
2007-03-22,-0.004447582251027976,,,-0.00020669750001778197,-0.0010908884766537873,-0.005481905094058643,-0.00034848304730820604
2007-03-23,-0.008955329573599097,,,-0.00415364216193363,-0.0003126619043854865,0.0028572257037455997,0.0010937916027600407
2007-03-26,-0.006015150229182369,,,0.0020790851143143974,-0.0031252763999658952,-0.00361057742808087,0.000967434525865559
2007-03-27,0.0,,,-0.0027039561423660994,-0.01482205449287621,-0.010910707521479983,-0.006203560368758968
2007-03-28,-0.013667421223378197,,,-0.002293316437143993,-0.0009531898404709137,-0.010406830437955242,-0.007997684815493823
2007-03-29,0.001527570587413713,,,0.004166400910835226,0.011068563568163513,0.008423324714245428,0.0037327485166896573
2007-03-30,0.009118557121916403,,,-0.0022895229295570394,-0.0004717921230156261,-0.013870288783738294,-0.0011746852375143864
2007-04-02,0.032741069776868865,,,0.010774774742832548,-0.0026783115224155796,-0.00972271982447943,0.002593696866817386
2007-04-03,-0.0044019920818231095,,,0.009640763846961978,0.00015796179995376607,0.00047298689923419346,0.009237307072510437
2007-04-04,-0.011834175833062338,,,0.009548009009847397,0.005191828381331829,0.005967143019675715,0.0011121987409165861
2007-04-05,-0.008968620051770244,,,0.0012122330734827096,-0.0007853226406308272,-0.009833784746830615,0.00304531397039247
2007-04-06,-0.010566348043951158,,,,,,
2007-04-09,-0.0015187708843897255,,,,,,
2007-04-10,-0.0015208888930428718,,,0.009026388262688851,0.006645385987586134,0.0015821175790775143,0.0026132260269691302
2007-04-11,0.00909101952521849,,,-0.008824534325665859,-0.003158736213148837,-0.015536201358506863,-0.006594524912466886
2007-04-12,-0.009091019525218609,,,0.0006035121197982623,0.01491772998043486,-0.0011246912054648278,0.0061871166861128075
2007-04-13,-0.0076393357177608505,,,0.004218980653521542,0.0037334752694374545,-0.023423545871620998,0.0034819311653259176
2007-04-16,-0.006153767559562847,,,0.007788366039373294,0.0024811563984120043,0.009908233282259453,0.010598542873156813
2007-04-17,0.003081811614028742,,,0.025531971944799624,0.019025033035857408,-0.003591368068331679,0.0021430131114731073
2007-04-18,-0.003081811614028783,,,0.0017436553703592851,0.0018221080793695216,0.011140153918990002,0.0006929527910064429
2007-04-19,-0.010861261924178339,,,0.0017404870372136714,0.0016675609125748874,0.004116000071003756,-0.0012027736577713097
2007-04-20,-0.014139935465313449,,,0.006548793695031561,0.009345658062912317,0.014074287937940968,0.009218086660297053
2007-04-23,-0.001583706203752848,,,-0.00848284046831151,-0.0009008655147435909,-0.008452786170943144,-0.002306644470370378
2007-04-24,-0.01758640773757186,,,0.0011607968343583341,-0.0027066538496509536,-0.007878961357659555,-0.0003512055496236482
2007-04-25,-0.024490939228144208,,,0.0005799601724998186,0.008546398359576494,-0.007779060281861603,0.010088033702708324
2007-04-26,-0.006633732351317829,,,0.006550254163909637,-0.008546398359576506,-0.004729137491861501,-0.0007827245066179984
2007-04-27,-0.03556647822041408,,,-0.0003848952476392548,-0.0018085487978071607,-0.0028651373508364096,-0.00012050497563288578
2007-04-30,0.022165942328680698,,,0.0024944501522330595,-0.003021604449381723,-0.004765472780395494,-0.007861748709062836
2007-05-01,,,,0.008395569798634624,0.004679659949613244,0.0009055160586711591,0.0026476879873137942
2007-05-02,,,,0.0015188994083941275,0.009293722845716343,-0.010005862338505487,0.006451588538502732
2007-05-03,0.004858334149699298,,,0.003787250895783845,0.004318282180924799,0.000664512290641473,0.0043157516194131645
2007-05-04,0.004834844812061534,,,0.005653890908697712,0.0016323422339579632,0.004392171117907329,0.0021475870756333293
2007-05-07,0.01277962451275388,,,0.007489436828054466,0.0008895777602399279,0.004949178929956775,0.002560437459192035
2007-05-08,-0.014388812965538764,,,-0.0101238723859741,-0.0049022964445905376,-0.008428166396999724,-0.0011666511956337745
2007-05-09,-0.004842445843371105,,,0.0007534414367342438,0.0002981111736875102,-0.010342920602863933,0.0032182165109129485
2007-05-10,-0.008123494526901236,,,-0.011933643880146927,-0.012282957673463749,-0.020926707049587618,-0.014054581884656235
2007-05-11,0.022581751692690586,,,0.003993725751509083,0.006759850187502367,0.026528450921217618,0.009595315462487675
2007-05-14,0.02985258708049104,,,-0.0017094754769569512,-0.00015022771790959804,0.018258249319984206,-0.001794584178452379
2007-05-15,0.0061732478774302645,,,-0.0026649624238285104,0.009832628106446067,-0.0028698358297859447,-0.001304834544834399
2007-05-16,-0.00617324787743027,,,0.005322710906699355,0.017489160197743277,0.005812774257602562,0.008589542804573146
2007-05-17,0.0015469615373645729,,,-0.010291480608581259,-0.0021874803696277758,-0.008278569208359635,-0.0009184441716888588
2007-05-18,-0.010878042837091224,,,0.008204078639615251,0.014351175250751684,0.0027126032462104757,0.006588724214163112
2007-05-21,0.042819705412660725,,,-0.013775586183925725,-0.006497669112453591,-0.011973615205115336,0.001542054937372437
2007-05-22,0.01780471913400738,,,-0.008317011366525844,-0.005229341890528402,-0.008928013177133438,-0.0006427745534309215
2007-05-23,-0.002945370569740986,,,-0.0029181884236132807,0.0002914141867967579,0.008928013177133393,-0.0012079608910859567
2007-05-24,,,,-0.0017549421081482003,-0.0034999948124655005,-0.0004981257908082161,-0.00974994065295623
2007-05-25,,,,0.01260491607773198,0.005391227160383152,-0.0026632758035627945,0.005437868634530783
2007-05-28,0.0,,,,,,
2007-05-29,-0.014948099103644403,,,,,,
2007-05-30,-0.010598345152032557,,,0.016535637393427487,0.0013132344532183454,-0.0014151342790794492,0.0079519076731304
2007-05-31,0.0,,,-0.00113178450518617,-0.003506031337370942,0.005896659674563881,0.00025484074924219383
2007-06-01,-0.0030488311107458037,,,-0.003592403905634602,0.005400471215356521,0.01789175050702949,0.0037300632600247886
2007-06-04,0.033036179492241316,,,-0.002465072860390119,-0.005693121162699599,0.010598818362848384,0.0018468998282521766
2007-06-05,0.01902011751470852,,,-0.006667528158827309,-0.010152107365320523,0.006338230363691603,-0.005361416122665549
2007-06-06,,,,-0.006134625910806223,-0.0027553569423891884,-0.013526807184515146,-0.00890325924236722
2007-06-07,,,,-0.011994590351700527,-0.010643721050515214,-0.001866435452980488,-0.017725961545529238
2007-06-08,0.014025872234832712,,,0.00562827988070399,0.00391063616608213,0.01066376217499502,0.011306236827796717
2007-06-11,0.015204006779416393,,,-0.0007747147191166458,-0.008594010430651632,-0.0037033804375890406,0.0009612543562845576
2007-06-12,-0.0013727486378035047,,,-0.009535678991840378,-0.00015121687206133834,-0.01339695491135928,-0.010739177694170063
2007-06-13,-0.009661931958335788,,,0.010963646935128342,0.005437223775724371,0.011944326360005565,0.01507009586153037
2007-06-14,0.026011153859567357,,,-0.0009742977130198898,0.007502830892347554,-0.0007273008255681465,0.004804742099217193
2007-06-15,0.008075539562925164,,,0.0052482658945762276,-0.003144266083273761,0.013886355846382922,0.00650555553085301
2007-06-18,0.004012981793360278,,,0.0034835816765967764,-0.001350429330160863,-0.0036736135958667054,-0.0012141056212539509
2007-06-19,-0.02981246575612677,,,-0.00717351988010876,-0.01193441908418605,0.0016788005984083832,0.0017292784103802355
2007-06-20,0.0027474711364130423,,,0.0019440185047410509,-0.004264773093163578,-0.012053075018368255,-0.013694428381801144
2007-06-21,0.014976473263428138,,,0.011585081114634568,0.005479225147932492,0.010374274419959991,0.006161392441565994
2007-06-22,0.008075539562925164,,,-0.009064535818489849,-0.015603673937635995,-0.015886938779422894,-0.012979689827432707
2007-06-25,0.03166482343049751,,,0.0029026072981001173,-0.0032431504915947573,0.0007314378906486135,-0.0032130603124341612
2007-06-26,-0.04924503944680594,,,0.003470817423150372,0.00015507441686955892,0.003163104240921665,-0.0032434502628662445
2007-06-27,0.02025721322445783,,,0.009387766245533499,0.007856243869133504,0.0028298036602217675,0.008968996323785084
2007-06-28,-0.009402204391849257,,,0.0036167753775601615,0.0012269138050451992,0.006599241628647916,-0.00041832300746611764
2007-06-29,-0.014956111809483667,,,-0.006098642293374633,-0.006149154450677317,0.009658322734875506,-0.0015685867913800638
2007-07-02,0.009543464702593632,,,0.004767602332943941,0.0069149779620514655,0.017638832401156997,0.01063936485774943
2007-07-03,0.013477586709432714,,,0.006447816161956341,0.00443126219777058,-0.0011716504801211653,0.0035738574444796065
2007-07-04,0.027724104355996516,,,,,,
2007-07-05,0.0,,,,,,
2007-07-06,0.0026009866556582547,,,-0.0013300285709589407,0.004691973262395735,-0.0075764634853552676,0.0032985507214163294
2007-07-09,-0.02365431190890438,,,0.0018990818247211197,-0.002570188354902091,0.005529921231204473,0.0009209018855550246
2007-07-10,0.009265390293802826,,,-0.011449888893333683,-0.0027289105910072065,-0.009657853659218093,-0.0142870247254699
2007-07-11,-0.005284111647482729,,,-0.0001922272019641692,0.0036369293087153594,-0.0003184537360874698,0.00570510424265772
2007-07-12,-0.005311845649803833,,,0.01031343052585421,0.012476469717838787,0.005000832623937478,0.018875707510562435
2007-07-13,0.009277419831240115,,,0.00907888454663552,-0.001345485285667432,-0.002536825511863999,0.003096608437751028
2007-07-16,0.0026353386801055705,,,0.013836727227230224,0.002092184350068367,-0.00111201948845805,-0.0019213166689402512
2007-07-17,,,,-0.012707785373027095,-0.008846491517070973,-0.014971514536565138,-9.682461363302838e-05
2007-07-18,,,,0.0048783047451531865,-0.004074529658683454,-0.011031085999189682,-0.00206745981076958
2007-07-19,0.007772017373347982,,,0.005040228350396374,-0.010030589724148086,0.008931622820003335,0.004459094012305411
2007-07-20,0.01154596876362993,,,-0.009166290704452618,-0.012294228646212647,-0.006487634460641037,-0.012296153790126368
2007-07-23,0.007623804027485787,,,0.008048497179025386,0.029257086543013625,0.0022754384153891934,0.004857468831634159
2007-07-24,0.011327980103501813,,,-0.007860508871602034,-0.00496832819965269,-0.0056987756116279095,-0.020003161459610796
2007-07-25,0.004993768082097523,,,0.015474707987347657,0.030616472703599025,-0.0016337266068884118,0.004654761912206715
2007-07-26,0.02094960665825851,,,-0.019994787283785204,-0.021901265017677772,-0.025592820632102765,-0.023615148318427953
2007-07-27,-0.01226997569120716,,,-0.013300637686743558,-0.01781135988968086,0.010680844287376801,-0.016120829482687424
2007-07-30,0.002466053336370974,,,0.002101661792779287,0.003648436874154189,0.010814857771285989,0.010201791310726158
2007-07-31,0.0,,,-0.005358409443422957,-0.004257771439080562,-0.009570612667753772,-0.012727292908787834
2007-08-01,-0.05440922265348536,,,0.022015911745603422,0.012267846993695113,-0.012176839174354984,0.0072165668337128945
2007-08-02,0.010349216050420836,,,0.007294862293699301,0.00570425510995467,-0.0048788159855830725,0.00434981680259466
2007-08-03,0.0038535893144304102,,,-0.007107278507037673,-0.005102245741269611,0.0026107172919284482,-0.02694578841666203
2007-08-06,-0.01941802238166217,,,0.017673645386313455,0.030229046308811264,0.018746830900469538,0.02386408016486739
2007-08-07,-0.01448356836424845,,,0.004231944252893518,0.00944305590274083,0.01034639442546677,0.006140474654544519
2007-08-08,0.013175379297602678,,,0.025382651266440997,0.011214934353635547,0.006595286224447476,0.013973752789070894
2007-08-09,0.0013081890666458175,,,-0.00017947105157427862,-0.020804151268300562,-0.028231190360352647,-0.030098066707580952
2007-08-10,-0.05370434514619221,,,-0.015700139298852844,-0.008061244223263413,-0.0038473223650744614,0.00037846572498061995
2007-08-13,0.01641640899526889,,,-0.008401062893411436,0.0019111872416182657,0.0005861943736773357,-0.0004954108659971804
2007-08-14,-0.008174388031189108,,,-0.0069950877777018505,-0.01360554278367634,-0.011879096708336279,-0.018323395498988107
2007-08-15,,,,-0.0057423775105677945,0.0026764634857016057,-0.023409560261190707,-0.014005458249531031
2007-08-16,,,,-0.00465441302256073,0.015179479438902885,-0.011781882775512426,0.0032435209838830546
2007-08-17,-0.014084423670995851,,,0.016106318408967618,0.014664399222876264,0.005253490410501925,0.024269566522519798
2007-08-20,0.018271559094776006,,,0.0012855599018628326,-0.011159728064657646,-0.007538475075674091,-0.00026968281529931475
2007-08-21,-0.002789357145409641,,,-0.009029254396508186,-0.0023351482757319785,0.0073639497701387625,0.0010854652755820737
2007-08-22,0.009728986299972065,,,-0.0014810504431714202,0.00510007399682672,0.007136625227800138,0.011644820880578098
2007-08-23,0.0013824096103480692,,,0.0005558731350674566,-0.013019877521265592,0.0,-0.001072891793787412
2007-08-24,-0.033711490308099466,,,0.00037026246510869,0.004553806421558104,0.01103949212845558,0.011469018050261516
2007-08-27,-0.02458563497189878,,,0.0001854287105353168,-0.001760121361259729,-0.0120805602311148,-0.008539951913098606
2007-08-28,-0.014749296460039429,,,-0.01398402990044329,-0.008701768405110173,-0.01910665865807017,-0.023752942896165807
2007-08-29,0.016212331540651714,,,0.004683275796071983,0.010022871517966214,0.015802058475716738,0.02168505098090459
2007-08-30,0.013072333267230932,,,-0.002058204029306695,-0.0048514675426152435,-0.013327531205229072,-0.004189774778312817
2007-08-31,0.004319683132089018,,,0.007091235129265606,0.00250192005556818,0.020876864916233764,0.01115430329085347
2007-09-03,0.01568075719896455,,,,,,
2007-09-04,0.002824994378049383,,,,,,
2007-09-05,0.007027501648997574,,,-0.012586179358395467,-0.004332777060653813,-0.014469534909449676,-0.01156777363141079
2007-09-06,0.00558678180914411,,,0.01790602828441689,0.009083974400050104,0.001820547765034699,0.004242872517797467
2007-09-07,-0.002789357145409641,,,-0.0012811361396162806,-0.008495180939220791,-0.019058006039845546,-0.017053037079487448
2007-09-10,-0.044261427932581913,,,-0.0003668876559921637,0.00703585139128543,-0.007352685920241396,-0.0012736238921536895
2007-09-11,0.0,,,0.019777409941678658,0.020386495654969024,0.006911070113287177,0.013540236395020916
2007-09-12,-0.00879784791843174,,,0.009355820265261017,-0.004159079871761203,-0.0009719653355368823,4.761615210455319e-05
2007-09-13,0.0014715543995123773,,,0.0005375018619940605,0.00430265475123489,-0.006739659355139916,0.00838431615381002
2007-09-14,0.013148541558668864,,,0.009441593466091762,-0.004589995947104348,0.007093374889571096,0.00020217561760197238
2007-09-17,0.0,,,-0.020058100052503375,0.0034446882046378904,-0.0045161488052449334,-0.0051335689917121445
2007-09-18,-0.014620095958181166,,,0.020235218434691296,0.0153539687539406,0.009363786727497766,0.028789581640806357
2007-09-19,0.04464394854051171,,,0.0037164072382757066,0.0032393845858145493,0.015097070340669955,0.006067959764234633
2007-09-20,0.002812719100823931,,,-0.005490516070662159,-0.001125581581785505,-0.0013869093372223475,-0.006745938475255174
2007-09-21,-0.008462539797641666,,,0.004253548718686515,0.005756098719985544,-0.002083611320447329,0.004598464335745744
2007-09-24,,,,0.0026481384318820995,-0.0026634848423768066,-0.0035696993494227437,-0.005270307770366357
2007-09-25,,,,0.005628019166714918,-0.00042117454677467454,0.005653310669870021,-0.0003426885186387916
2007-09-26,,,,0.005770618072946726,0.01408152749668295,0.006873836959589119,0.005396714632315107
2007-09-27,,,,-0.0003488168913573527,0.005385133488825631,0.008579910310883808,0.0038994820691835783
2007-09-28,0.016371615314739088,,,0.0024392854551658935,0.00877422131974564,0.008421242402988145,-0.003027999733853695
2007-10-01,-0.008152347368281129,,,0.007454329414403583,0.010185899170351112,0.01604421905488426,0.013202159881824788
2007-10-02,-0.010974047269550492,,,0.0003453834399044362,-0.0033836016846683463,-0.004388778790268066,-0.0002650794533767373
2007-10-03,,,,-0.006061322926706023,-0.003940036502113002,-0.01792170528441928,-0.004562248537264931
2007-10-04,,,,0.005197581716340342,0.0054298480699171425,0.0013771537104363626,0.0021087267359828203
2007-10-05,-0.03116376587152149,,,0.0034501457294614755,-0.0017612329777540428,0.011796821670395696,0.009514881229474793
2007-10-08,-0.004325911473124583,,,-0.00466061459477163,0.0023030473051216522,-0.002638112152864284,-0.00322169799390635
2007-10-09,0.002885594779897709,,,0.001383088548277416,-0.009516741875895577,-0.01338151402974843,0.008063646659190855
2007-10-10,0.014306621759525635,,,-0.00017261968296722926,0.00531342198952255,-0.014613769595348828,-0.0017137979492955384
2007-10-11,-0.024443946858167566,,,-0.011820149986575762,-0.025178592842925198,-0.003863304881120962,-0.005171809293999426
2007-10-12,-0.02954433474961831,,,0.010609681121265603,0.00013911581715199766,-0.009279203190457972,0.004742959110705808
2007-10-15,-0.019682571452560575,,,-0.0027714565682711713,-0.006008324990865471,-0.04095899706741164,-0.008416732385427676
2007-10-16,-0.03738772327993628,,,0.0020794890387356183,0.0072615638199719605,0.007280945446141034,-0.006594866980535926
2007-10-17,0.020424977470145635,,,0.022764837351077184,0.0033335005348974437,-0.017321184097092737,0.001759846754610529
2007-10-18,0.015432548166369853,,,0.004559100079961331,-0.0031942964980937656,0.018055493726883202,-0.0007529463052930716
2007-10-19,-0.00460469232171447,,,-0.010159258487056769,-0.020804699224675125,-0.02395886633844394,-0.02594931140710293
2007-10-22,-0.015504329177156911,,,0.008304389764511663,0.01087814853211986,0.004314175740908756,0.0037911765191724826
2007-10-23,0.00156125563894982,,,0.00840400904978059,0.005045296544995015,0.013754730317922315,0.008764339431983929
2007-10-24,-0.014139935465313449,,,0.007170440906857576,0.0037674550098007234,-0.021175188274687604,-0.002444407502362128
2007-10-25,0.034217898968655985,,,0.01843993743979132,0.002504024423827279,-0.003021497769226286,-0.0009767946012353228
2007-10-26,0.012158106206715976,,,0.004394982427482958,0.004988569965202882,0.036945068050630324,0.01369345687603249
2007-10-29,0.057242435704594426,,,0.004375530799926433,0.01862618039249066,0.02038635562989313,0.0037057710835717533
2007-10-30,0.005690182995200145,,,-0.0017807463050351004,0.0018973305978935858,-0.006179951765118824,-0.006484372289334848
2007-10-31,0.007066874638864581,,,0.00048639367080996156,-0.001626219862885828,0.027821623412776348,0.011920661356754998
2007-11-01,-0.05055219749707173,,,-0.014023206794525575,-0.01820589046416744,8.728247073401218e-05,-0.026778888689808898
2007-11-02,-0.047014366731985294,,,-0.0064242884243007085,0.00811691305526267,-0.012750286097863436,0.0008018866808870676
2007-11-05,-0.015649325155717448,,,-0.002813512975591816,-0.0030189146181352953,-0.012108393396212294,-0.004967093437071673
2007-11-06,0.05820931941071271,,,0.011042237229769786,0.00998291614071706,0.003129725375684143,0.011977204894451742
2007-11-07,0.0,,,-0.01735982321235864,-0.01577231524117548,-0.002502846985550627,-0.029809726361574727
2007-11-08,-0.018018691670666494,,,0.02487161295669604,0.015908726471365656,-0.024650275152969286,-0.000576178474867469
2007-11-09,0.029852867503728786,,,-0.010466098733200906,-0.0002725654363391083,-0.01042193682729071,-0.014390061812011598
2007-11-12,-0.02230559139238681,,,-0.016074326543664256,-0.01246139900985592,-0.0012063285881507163,-0.010038452592368512
2007-11-13,0.0,,,0.01952054481777126,0.01055467187555701,0.03107271939426164,0.02867778438776126
2007-11-14,0.03690425358237444,,,0.00522851654734445,0.00976908470106097,-8.978302406186851e-05,-0.007094477743350598
2007-11-15,0.05635311701950918,,,0.009569948864883658,-0.006502107761553521,-0.005776200439662303,-0.013300488548972065
2007-11-16,-0.041964152155774946,,,0.010757342917384954,0.007716696862428472,-0.0025377455728978343,0.005216680351984779
2007-11-19,-0.01583908549505306,,,-0.00512347517555278,0.012464312400179357,-0.012785253671010759,-0.017614482080618145
2007-11-20,-0.008746549476845621,,,0.00783392613992505,-0.0032023239421514614,0.011604988031555331,0.004476163998967163
2007-11-21,-0.06972515945466792,,,-0.008637026869104366,0.0026691349865344913,-0.018244929630376924,-0.01605507806431886
2007-11-22,0.05794336401677246,,,,,,
2007-11-23,0.05756974652920292,,,,,,
2007-11-26,-0.0013996463853638652,,,-0.009191865145465413,-0.010918726751693569,-0.008721935098422914,-0.023512966551297514
2007-11-27,0.0013996463853639528,,,0.020047627046376484,0.016333617234707203,0.033191428676068925,0.014819795556490158
2007-11-28,-0.04578795109130756,,,0.005571662594797831,0.016200789963377586,0.0005349901912472247,0.028159623399831912
2007-11-29,0.02029068843501476,,,-0.0031802977536312133,-0.008067322526085507,0.004359163766764804,0.0004763614252619821
2007-11-30,-0.005755320087171522,,,-0.011049772661805707,0.008326627816823926,-0.0018660379674750901,0.00774018490674295
2007-12-03,-0.024837082556854632,,,0.0016090267630104371,-0.007804326173421355,-0.013699481082081136,-0.005904735888843634
2007-12-04,0.046250928489266395,,,0.008803773063847095,0.000913966496416353,-0.0018044705388221155,-0.006561737772241493
2007-12-05,0.016807382828776182,,,0.004770067759642843,-6.56205460014853e-05,0.014436669250868886,0.015075915045568595
2007-12-06,0.026046640363798973,,,0.00031653827904317653,0.00991520209879468,0.009656529852034879,0.014924972509290384
2007-12-07,-0.005427249381970353,,,0.001267833537262462,-0.0003894912774189657,0.006941147395540548,-0.0017795035510103797
2007-12-10,-0.008196894796355603,,,0.0018983668242820839,0.0036300323267405496,0.006371271423725949,0.007481894107170777
2007-12-11,0.014976473263428138,,,-0.004753121586004966,-0.010406104120409784,-0.035150430768506505,-0.025595871370425172
2007-12-12,0.0,,,0.012624561701276607,0.02083236990149917,0.013871128832540628,0.006031879025493236
2007-12-13,-0.0027064894409189358,,,0.005005660693930127,0.007654596635524354,-0.01874900523519856,0.0012235755203020807
2007-12-14,-0.020534361447363172,,,-0.004378554569489314,-0.0029274435821249464,-0.038116540781708314,-0.013841622651711093
2007-12-17,-0.03949736516180143,,,-0.021223402579300707,-0.013989716447950742,-0.010497028996136972,-0.015134854466995853
2007-12-18,0.03811321671445849,,,-0.004009879861338977,-0.004534027930981154,0.010402718241908058,0.006260159463819628
2007-12-19,,,,0.010073871204879306,-0.0029906641743192817,-0.006701985537315055,-0.0013617568126454338
2007-12-20,,,,-0.00911005000275994,-0.00391458927322284,0.0026483080045039474,0.004888236191244567
2007-12-21,0.024966665967673603,,,0.012604714637263323,0.011180489037610236,0.014442637231273368,0.01653242266561838
2007-12-24,0.01225345034515635,,,0.0022171459574579426,0.004643809893584507,-0.0013975352720555813,0.008044560385114575
2007-12-26,-0.017747708572011037,,,-0.0031688889663047,-0.00554871993920941,0.01499205376570381,0.0008083090331470757
2007-12-27,-0.008415459247441047,,,-0.011331867977303574,-0.007533574380419528,-0.012477606907534123,-0.014385263354659774
2007-12-28,0.00841554619828075,,,-0.00048196608291996485,0.004293033331098001,-0.008593513918274242,0.0015026405620078627
2007-12-31,,,,-0.014558576588574337,-0.014778596693094498,-0.004041865093695219,-0.00687516831107418
2008-01-02,,,,-0.004573395981546344,-0.008068791297041788,0.0027275561163672643,-0.014543083003997034
2008-01-03,0.03584582007305618,,,0.010422109803514252,0.00648695365213082,0.0041249933843352325,0.0
2008-01-04,-0.008486438506009372,,,0.001942213261881503,-0.003040119726946862,-0.028080184394759563,-0.02485797022395527
2008-01-07,-0.02735938156704678,,,0.023331059256015835,0.023158386133984223,0.005086164575114317,0.003218075231744636
2008-01-08,0.008720804128330852,,,0.00409857773934223,0.007986566285428265,-0.013782846933188805,-0.018522757462586335
2008-01-09,-0.00435066931737419,,,0.02639069136158763,0.010212165880474926,0.030583482537361713,0.013532109841889144
2008-01-10,-0.01759621755074865,,,0.004433223215339541,0.010485986530306515,-0.017662808120120225,0.007916711897125965
2008-01-11,-0.022439287464028113,,,-0.027682684521674092,-0.02275321191832173,-0.013988545728388856,-0.013688651328566238
2008-01-14,0.013524015077221067,,,0.008277040896089015,-0.011118070236181162,0.011398702727592665,0.010811976648879808
2008-01-15,-0.06155789889915522,,,-0.010789192465573071,-0.02754720081230699,-0.03578808093810864,-0.025240900594804327
2008-01-16,-0.011173251743125888,,,-0.01520743957540737,-0.01738945885734583,-0.011917301280495654,-0.005627885721787485
2008-01-17,0.03315206393809111,,,-0.009784071757110865,-0.019775636184965986,-0.006671379914384887,-0.02952417654491263
2008-01-18,0.021506209334669135,,,-0.02117709039289012,-0.008915919670368436,0.011094328036908015,-0.006063769329588801
2008-01-21,0.024025368817431312,,,,,,
2008-01-22,-0.0029719556772976885,,,,,,
2008-01-23,0.02643317167447939,,,0.001359725805125734,0.015149176091312012,0.02385922805590602,0.02121552966457579
2008-01-24,0.02575250298415661,,,0.0170108315435661,-0.010981360725239152,0.004523768259334712,0.010012438257546078
2008-01-25,0.0168072091808591,,,-0.02485537789050891,-0.011684675583959398,0.02280700226483141,-0.01599923900826646
2008-01-28,-0.0353391487206419,,,0.016975735015508663,0.019398143920529402,0.001958934154525863,0.017396130410481235
2008-01-29,0.049132302655314285,,,-0.014581567386917326,-0.023614852135522415,0.0157268304556415,0.006140880526633927
2008-01-30,-0.0027432303300897257,,,-0.01341135351280447,-0.018232839603182963,0.008631854467070366,-0.004775378708849709
2008-01-31,0.008207726661205521,,,0.021068125895881102,0.009745900909500057,0.03379943154398261,0.016633152629790867
2008-02-01,-0.03043104024636826,,,0.004397093319077075,0.01139727187602032,0.013570917116135131,0.012163219167380696
2008-02-04,0.0014038149787221623,,,-0.010688685667945856,0.005649320949814748,-0.0055712479818580225,-0.01051799001944954
2008-02-05,-0.002809078050566548,,,-0.02120227944187146,-0.018517182851696314,-0.03561134969853134,-0.03251847341534413
2008-02-06,,,,0.0053864070647339675,-0.018117431984325045,0.022613838951202506,-0.007652849389237926
2008-02-07,,,,0.012741273592035736,0.053680721603729144,0.02383703903454033,0.007854842639587953
2008-02-08,,,,0.013593880575968597,-0.008558232809798826,-0.01598134202090971,-0.0042125802217774285
2008-02-11,,,,0.004210574324596431,0.016339515994691748,0.015165890634951535,0.005871726706863654
2008-02-12,0.008733682343156777,,,0.007034231723475834,0.013993893570912528,0.016723767853722368,0.007239627380711977
2008-02-13,-0.02197858992080492,,,-0.008885111162976599,-0.004596854382089385,-0.017358827930679128,0.01351235803840717
2008-02-14,0.0291991533651788,,,-0.01424415671017031,-0.0008376144626959785,-0.006371468214767915,-0.013512358038407142
2008-02-15,-0.005772111634536162,,,0.003580134611984666,0.0022327993991515566,0.013333007478511766,0.0008373973796748068
2008-02-18,-0.00435066931737419,,,,,,
2008-02-19,0.0014520260743764476,,,,,,
2008-02-20,-0.024982980241319324,,,0.0022350208499882355,-0.00028108117074406345,-0.02399221150006314,0.00830627798826117
2008-02-21,-0.001489250218679846,,,-0.004129607691264803,-0.000562399472455817,-0.02178078802624023,-0.01295086452748304
2008-02-22,-0.011993867879631488,,,0.004644538964901184,0.004211435995157432,-0.0007223933038820131,0.007849720529112649
2008-02-25,0.001506924819208263,,,0.008716040663004285,0.0029378254227424238,0.012653312225526087,0.013718145806112506
2008-02-26,-0.0045283575687307615,,,0.01268099305148745,-0.003638595078748182,0.0,0.006894091743071527
2008-02-27,0.022439287464028033,,,0.008865220614117597,-0.0018236610611488012,0.006488604938957536,-0.0009198674497638418
2008-02-28,0.011764752715128265,,,-0.009874099481953922,-0.0019685127533274047,-0.020588055861026088,-0.008982092990434256
2008-02-29,-0.023669564228506905,,,-0.016961112329969153,-0.021334631750856668,-0.0184375956133218,-0.027463395019370087
2008-03-03,-0.0014981744300281736,,,0.009533658909177846,0.008730754818692437,0.0048705768884803125,0.0005334101903081006
2008-03-04,-0.00903630152062132,,,0.005912737492624009,-0.001854603688146809,-0.035647904716947516,-0.0034535854252285467
2008-03-05,-0.003029928177221534,,,0.005207913653679896,0.008789566779113401,0.0032245200564450585,0.005224655309318044
2008-03-06,-0.001518934115078125,,,-0.00976587647153637,-0.002279091263686276,-0.011332745177439004,-0.02225985852476442
2008-03-07,-0.019954570082391248,,,-0.004239132089073442,-0.007587556686675589,-0.010010821140133064,-0.008445928205016419
2008-03-10,-0.006220860778586387,,,-0.003233501629854803,-0.008224357678037494,-0.025176137925822524,-0.015584285792662654
2008-03-11,0.056117976706497555,,,0.013713548624265576,0.013384143610287863,0.05096078364125167,0.03645713261332977
2008-03-12,0.0,,,0.0016913810702153568,-0.005590539971203215,-0.009948487781868963,-0.009036278359461814
2008-03-13,-0.01785761740000646,,,-0.004402664522569687,-0.004610924548434697,-0.00019036275840855177,0.005113823424050402
2008-03-14,0.03974019389450635,,,-0.024044075081748967,-0.011475823858555011,-0.04599450726798641,-0.021002274391494557
2008-03-17,0.017168159146176146,,,0.0027776388924774745,0.010175306408923617,-0.010828036746090182,-0.008999054083631237
2008-03-18,-0.002841087491027088,,,0.029378898933836724,0.012502332514308153,0.03369976321645473,0.0415348964290097
2008-03-19,0.021112632958179417,,,0.009214839491365319,0.0022825335258977422,-0.01730272220020016,-0.024586996626083605
2008-03-20,0.012456608761959016,,,0.017851710284815782,0.014289308685611084,0.02274648764803319,0.023662286124141837
2008-03-21,-0.0027547376341844378,,,,,,
2008-03-24,0.012337249164293839,,,,,,
2008-03-25,0.03480974394008402,,,0.0037528724445460636,0.0012588666863481333,0.008262295421605727,0.002301247732709045
2008-03-26,-0.014579740682869461,,,-0.004243058635435226,-0.00532611234316056,-0.012312338132725632,-0.008804405138629654
2008-03-27,0.02635215547091983,,,0.0026135299984459824,0.0004217278926221686,-0.0188899685917815,-0.011526658548939027
2008-03-28,0.0205925128277493,,,-0.006053565640252663,0.005183813766546328,0.014851067058722429,-0.00798195753141577
2008-03-31,0.005082525966775413,,,-0.0011488710708768659,0.00890399869336354,-0.028338557731625493,0.00567113539282709
2008-04-01,-0.0050825259667754185,,,0.009319967024941405,-0.0009703161724096663,0.023412591668888514,0.035267092136393355
2008-04-02,0.03258465483649261,,,-0.016079187140316163,-0.009891703665165523,-0.013255095833863997,-0.0019359429314110361
2008-04-03,-0.006184195984344791,,,0.0016529758490062268,-0.00028025782218561816,-0.018617997212363444,0.001300791782277431
2008-04-04,-0.030228999590728157,,,-0.0051323401749877725,0.0018190122883928726,-0.020806792033104725,0.0007956797214259201
2008-04-07,-0.0025609004739585973,,,0.0019897699326364496,0.004602758535848905,-0.005218826498091039,0.0015603804918229909
2008-04-08,-0.012903485688910272,,,0.0023164238589541216,-0.00810403173699999,-0.01072716816126173,-0.005113082927238636
2008-04-09,,,,0.004452284591329053,-0.004358827820216037,-0.012837709467528052,-0.008124990899776953
2008-04-10,,,,0.009008397632480286,0.010233842078012654,0.002203751519436931,0.004464073140925598
2008-04-11,0.04599937042477053,,,-0.01710314215544768,-0.004192753345038381,0.006372640178151883,-0.02058459743950069
2008-04-14,-0.0036521262874773387,,,0.011708002002048112,-0.006322841477972411,-0.0029199803028816104,-0.00338952276199069
2008-04-15,-0.01846195249208357,,,-0.0009842803497672299,0.0037985753163808605,0.006143623941511689,0.0045893291868171725
2008-04-16,-0.012500321817180436,,,0.0034400356418067385,-0.0015457393282067816,0.016983668790661783,0.02243764859546432
2008-04-17,0.014981867439720128,,,-0.007715667895742309,-0.00479294475966686,0.0060036493235652395,0.0006227205936699851
2008-04-18,0.0037105411092671677,,,-0.009438143270555805,-0.0024046886970952937,0.02978456888843336,0.017976453606154175
2008-04-21,0.04230219868247658,,,0.003984829374990708,-0.009964514080873099,0.02114321469209181,-0.0015547328014771577
2008-04-22,-0.002369522264091068,,,-0.007651235640362025,-0.011510926628519203,-0.030940383867017057,-0.008849273303171198
2008-04-23,-0.015541221442171762,,,0.0071541947301104105,0.0013014579333146409,-0.0037860749287874007,0.0028957208430831897
2008-04-24,-0.041826752786390774,,,-0.0011614684524808704,-0.017348556485045966,-0.0007986882703439309,0.006421614900284473
2008-04-25,0.041826752786390795,,,-0.015387500101758276,-0.005603766554719593,0.019390912651035375,0.006473736528735971
2008-04-28,0.00600613634794461,,,-0.0059165869711764515,0.007953828100562811,-0.0009800013517899274,-0.0010521548912095745
2008-04-29,0.003586115475271067,,,-0.0044179188487710195,0.0005866779583739802,-0.00157055631740891,-0.0038962732556066196
2008-04-30,0.009501334821341677,,,0.0025513302950426887,0.0048268586289110975,-0.0029514580583626963,-0.0038537184080868875
2008-05-01,0.0,,,0.003729813339390656,-0.00043771082233694995,0.015349503814839472,0.016995468403442283
2008-05-02,0.015249673319303981,,,-0.005430053086843715,0.008721211240940363,0.017980696534168897,0.003230375437438833
2008-05-05,0.0,,,-0.006657657772529357,-0.007699696604938296,0.001713549455088563,-0.004543891610429601
2008-05-06,0.0023256548352121697,,,-0.0018865979409988264,0.0,0.005123879063487202,0.007622805755977705
2008-05-07,0.02749313959975733,,,-0.021509808236914927,-0.008200207667963031,-0.00855447981343074,-0.01827985274237049
2008-05-08,0.006756712353060067,,,-0.013060532338213013,-0.00693522871119469,-0.04091728277849627,0.003662835326675613
2008-05-09,-0.012422343569336951,,,-0.0024900602341291636,-0.00044363331757655725,0.007430303342479886,-0.006748165663026327
2008-05-12,0.0,,,0.004442476894533316,-0.0023732103680196913,0.0029573323534026513,0.01096049229248502
2008-05-13,0.0022697246979542078,,,0.001771384187130147,-0.0014860719630676047,-0.002562330283430505,-0.0003847453519088049
2008-05-14,0.004525317476684414,,,0.0007074141546240269,-0.0022330079710781428,-0.00573912809852309,0.00399758328062347
2008-05-15,0.011223321835301106,,,0.008279007051750735,0.014352488971153134,0.03270341157581791,0.010528841196037529
2008-05-16,-0.006719020200218552,,,0.001051388396048085,-0.002941864746244231,-0.021846632830092715,0.0012496171021445246
2008-05-19,-0.009029619111766961,,,0.007854059732487772,0.00235406588574997,0.03226060235830252,0.0008976426143178004
2008-05-20,-0.012549904026537448,,,-0.007503999617967882,-0.008414042304281064,-0.01919224451350937,-0.009316856535458926
2008-05-21,-0.013872983890109365,,,-0.007736662955302768,-0.002820189116885225,-0.02969750971970302,-0.016183786536071224
2008-05-22,0.003486168246341283,,,0.028195332965953536,0.016365745461813,0.0028905269224752425,0.002613959343079893
2008-05-23,-0.0023225923534498758,,,0.006159167801446928,-0.0017559387242687128,-0.015950755140005702,-0.013298434194715
2008-05-26,-0.021152521336069003,,,,,,
2008-05-27,-0.00954646329592405,,,,,,
2008-05-28,-0.01937114040444941,,,-0.01982308979898692,-0.015773250171364845,-0.014618342474829488,0.003955058916479667
2008-05-29,0.020569425527634248,,,0.007458327245962144,0.013161931892235662,0.014416878224405393,0.005320756886204072
2008-05-30,0.005969981476468654,,,-0.010596384083118639,-0.007729920366890516,0.028223890541311032,0.0015150183743460114
2008-06-02,-0.007168266599653436,,,-0.004551634683646367,-0.01104206367911674,0.00449723836383242,-0.010559822954777745
2008-06-03,-0.050410373134289824,,,-0.010581777728254626,-0.007429002556607756,-0.002148205131479782,-0.005804642134554054
2008-06-04,0.010037648885791698,,,0.005304648160840037,0.0006750687205513313,0.02252290186269756,-0.00032674973242131163
2008-06-05,0.009938125822160167,,,0.008605071072783087,0.00925650514224459,0.02006115383271413,0.019308535254153512
2008-06-06,0.0,,,-0.024605031445834268,-0.02665608077231113,-0.03916859117215708,-0.03137633801853779
2008-06-09,-0.0012366659587617096,,,0.0010748982777777465,-0.002292320546279612,-0.00048699726864869804,0.0007933736546294128
2008-06-10,-0.026334003757940344,,,0.0377662353244603,0.03324897671346006,-0.009795286621852436,-0.0024410485020095888
2008-06-11,0.011370664131889504,,,-0.00853837991782181,-0.0013328867116856485,-0.0012804810777305663,-0.017038681020649288
2008-06-12,-0.01391551209986941,,,0.0,0.006792835625040075,-0.006427115950657297,0.003274332291770189
2008-06-13,0.01391551209986934,,,-0.030564269583069636,-0.00605218922651398,0.01867196498373762,0.014934189182590988
2008-06-16,0.017435297810177046,,,-0.022628336044769194,-0.02245953717766788,0.01055640618920117,8.086652661084205e-05
2008-06-17,0.002466092684504449,,,-0.004068816431826564,-0.002577720980609712,-0.005119260978263877,-0.006794362473468583
2008-06-18,0.0,,,-0.014936644314328059,-0.012373120469005888,-0.007971884435528766,-0.009759291491304709
2008-06-19,-0.022416880652674637,,,0.003754471218983717,0.012676993614234466,-0.0029328200665798007,0.00374530209313213
2008-06-20,-0.015228562680456784,,,0.005606903487765011,-0.012369541887116156,-0.04443824799480679,-0.018716929874510457
2008-06-23,-0.01936797820571922,,,-0.00748256539233901,-0.006938114053123509,0.0014319799476283908,5.3071430313939166e-05
2008-06-24,-0.005229096249154769,,,0.0020635295810081445,-0.009483525610308808,-0.020859950407088296,-0.0028188104950155795
2008-06-25,-0.0013111900160757543,,,0.013585090643414548,0.023160150709576468,0.013577418951051483,0.005826400535617632
2008-06-26,0.005235532778733644,,,-0.0163998460405847,-0.011513181552160929,-0.02755322900743619,-0.029805014810582432
2008-06-27,-0.05501064828938115,,,-0.026272089040528437,-0.013053923203725488,-0.0018007790700727724,-0.003724356139002652
2008-06-30,-0.020906645511947042,,,0.0026969791542804026,-0.005331994112684066,-0.0035043594293755333,0.0012664227601932253
2008-07-01,0.04003299991714058,,,-0.019033541709304626,0.012657028947817391,-0.003623389420172488,0.0038286256531538474
2008-07-02,-0.005427422423076717,,,0.007228834302362647,0.020898140716706728,-0.024426095515227595,-0.0183713449871704
2008-07-03,-0.045937145502147496,,,0.0021391743804611684,0.015242050059051099,0.006543180575345861,0.0010933244042243555
2008-07-04,0.022536342392255916,,,,,,
2008-07-07,-0.00979718302614418,,,,,,
2008-07-08,-0.02998105911259132,,,0.003503610951453793,-0.01192971823852657,-0.0035481933351315647,0.016936119626383927
2008-07-09,-0.001450191433160135,,,-0.011333219732127897,-0.007318247663430385,-0.014757143191915328,-0.023039556424807296
2008-07-10,-0.01609384753593307,,,-0.016843409945528895,0.0036656665612831963,0.012168316331532557,0.006965436311526433
2008-07-11,0.048930361153528924,,,0.004585181231242993,-0.014280032600625903,-0.02271808566300159,-0.011151895352082091
2008-07-14,-0.011299292935882098,,,0.013633161214078,0.003858775620504467,-0.012785707068464101,-0.00906885749704109
2008-07-15,-0.043548245245735355,,,0.01615577579041273,0.010116297467410513,-0.012838281279612316,-0.010961111207184446
2008-07-16,0.0,,,0.010563846695925083,0.007899279887269463,0.02794141500812468,0.02475460487471305
2008-07-17,0.016188863678688444,,,-0.03896083862715204,-0.008509275404656468,-0.0075231844771517595,0.011940981372926736
2008-07-18,-0.004389408033181865,,,-0.00617716307880128,-0.0018327298583436606,-0.008475551329457862,0.0002856861755844398
2008-07-21,0.040235228106237995,,,-0.008632242381801084,-0.014785987318407303,-0.00022389434174929155,-0.0005395795681692814
2008-07-22,0.007017704493724604,,,0.034674424148400294,0.02664008063686032,0.039534964099992874,0.013401856087015563
2008-07-23,0.01112667994648565,,,0.022148112630082234,0.022852578792695078,-0.010281864077662599,0.004055930696717993
2008-07-24,0.013736225512450654,,,-0.012265471015341745,-0.004736849436321634,0.013721732682652425,-0.02339598696581199
2008-07-25,-0.026262616665965313,,,0.0038489846144934016,-0.0026742910871071007,-0.014810347504446283,0.004158848046300204
2008-07-28,-0.007027393132611717,,,-0.017634389668500824,-0.007616062971203597,-0.036375636135534795,-0.01877165431708631
2008-07-29,-0.024269439200466196,,,0.008177946590090395,0.0040392460423165485,0.016799470067984594,0.023087430794461804
2008-07-30,0.018612067963402104,,,-0.005054557356140635,-0.0010455948504246545,-0.011056053724677268,0.016534539279929733
2008-07-31,0.014084475576704631,,,0.003695704525150643,-0.005244835453720631,-0.03426944925910987,-0.013230903287162038
2008-08-01,-0.011252053405532488,,,0.031348569700155565,0.0010515886042522747,-0.011336500891145105,-0.005594012357643428
2008-08-04,-0.024339118842755234,,,0.01420053746657036,0.015487631803873423,-0.029098341781085134,-0.009006523604902408
2008-08-05,0.012959103594898568,,,0.018564766911950543,0.012482834793740337,0.04113190476599371,0.028314087237507637
2008-08-06,0.018427218589537258,,,0.00816201382685628,0.0002918319061194202,0.00394059501297284,0.003348736157926132
2008-08-07,-0.005633819200279046,,,-0.02468828594601075,-0.008645241549361008,-0.00638209929257558,-0.018096496701488593
2008-08-08,0.005633819200279081,,,0.02559113138266442,0.020394194270176115,0.050396236097120545,0.02361186756964235
2008-08-11,0.023596125614876253,,,-0.0010837177301657728,-0.0011547656244192078,0.021897190022353807,0.006918740696878146
2008-08-12,0.005471629907911988,,,-0.0101684236041206,0.005040066602760249,-0.007937007930556664,-0.012123868402247892
2008-08-13,-0.00410121160753601,,,0.007635737380884484,0.0017221889229198757,-0.011748656014639172,-0.0029199218388871536
2008-08-14,-0.005494092431203448,,,-0.003446871256203018,0.0028641516474892112,-0.0104365048808424,0.005506612147370432
2008-08-15,0.0,,,0.0007267793095615879,0.0037105319283363566,0.014514656155326721,0.004067649803148502
2008-08-18,-0.009689045915154291,,,-0.013347126224213189,-0.005571401723986137,-0.0017616889198097813,-0.015212941748937444
2008-08-19,-0.021082698504776627,,,0.0,0.00414546578010061,-0.020370933163635915,-0.00935855756629458
2008-08-20,-0.0014214200679977505,,,0.00036751726142203494,-0.0035722875568567243,-0.008243670691300298,0.006178207156833316
2008-08-21,-0.004276778923253958,,,-0.015575268466120703,-0.006607736658105507,0.0012467270044323952,0.0024918568436600886
2008-08-22,-0.010050292731895198,,,0.015943757447783848,0.007323082810941096,0.0063218512769924505,0.011268937664792816
2008-08-25,0.03543970461332859,,,-0.01482373233524731,-0.012234877444183724,-0.0076818489151554365,-0.019820570527915714
2008-08-26,0.012456608761959016,,,-0.0009334336890849836,-0.005081487117087993,0.013628284891354004,0.0036795944289534067
2008-08-27,0.002747596898617634,,,0.005032061947294217,0.007251387551806447,-0.01567168890714291,0.007950961127648376
2008-08-28,-0.029229944815155458,,,-0.012534085858518495,-0.00014451363510337823,0.007922951758100762,0.014731106544230111
2008-08-29,0.01263196729118361,,,-0.019964137363163943,-0.010314509545706192,0.009983674821244145,-0.013818705278780862
2008-09-01,-0.021142570528860823,,,,,,
2008-09-02,0.007097219096275651,,,,,,
2008-09-03,0.00564194026983604,,,-0.005790038361105812,0.0022432370367242178,0.013529826991345868,-0.0020371521529357994
2008-09-04,0.007007954840252424,,,0.000966895719708857,-0.0116296956828419,-0.023371671363799147,-0.03037885772284698
2008-09-05,-0.009824946044196849,,,0.004245162273742833,0.007719657493045811,0.009729522062972638,0.004420977784567912
2008-09-08,0.04008834542351288,,,0.027540156649498465,0.020394616090513424,0.020614904743061997,0.02030266101316487
2008-09-09,-0.006798335624935908,,,0.009322724389169312,0.009338714698840888,-0.0065285841238223495,-0.03473448601838737
2008-09-10,-0.038947381035641056,,,-0.001299873961107915,0.0116226792984141,0.01334332310153576,0.006130591871801976
2008-09-11,-0.017168159146176136,,,0.013385751033995828,0.010938057052506143,0.007420990171495475,0.013711937637728922
2008-09-12,0.018585284875893053,,,0.006442664054733002,0.007271811084516895,-0.011482517770985627,0.0021192868823826515
2008-09-15,0.001415296441455183,,,0.004576561068229584,-0.010996916479032727,-0.04533694703363333,-0.048282984679058116
2008-09-16,-0.07334666416571836,,,0.0018250421863278614,0.008670274140296433,0.019489107953050654,0.017371525271791654
2008-09-17,0.038810758952247754,,,-0.04074609392857157,-0.01797423105624485,-0.054506465646204726,-0.048288032671884897
2008-09-18,-0.01921692107437685,,,0.01376724653174908,0.021393411232927474,0.032136131658578065,0.04242880631709865
2008-09-19,0.04380253770239432,,,-0.012628496584141943,-0.0005457139685683931,0.052936314730555496,0.039467377977745945
2008-09-22,0.02399564001803829,,,-0.025746257952541818,-0.029253303641837317,-0.031469701346114654,-0.03898680450101769
2008-09-23,0.024794574973286517,,,-0.01371730660504949,-0.004653294214300292,-0.008394598714938153,-0.01575611173219346
2008-09-24,0.004073368083532957,,,-0.009716287776175551,-0.00922998837831909,0.00533988699822716,-0.0019796860163376574
2008-09-25,0.00135405433954372,,,0.024989342965389454,0.016973585137012366,0.03930139667942623,0.019465810036084243
2008-09-26,-0.01499683190210541,,,0.019627961334141696,0.005734112489676532,0.003089667582931848,0.003376721569391682
2008-09-29,-0.0027508621011137903,,,-0.028018615177447474,-0.029003898792851233,-0.08265371702543423,-0.09218959234553593
2008-09-30,0.012320271580142457,,,0.03561190281785757,0.022849494692377396,0.026454132234135477,0.052758158003824995
2008-10-01,0.0013598311588130488,,,0.023916585876693902,0.005177709259925056,-0.02239322214242556,-0.004554344139591543
2008-10-02,-0.009556428608128019,,,-0.010393423223775433,-0.01024201518795439,-0.06385561091489393,-0.04112494871855385
2008-10-03,0.0,,,-0.019403212234941087,-0.02730516666549683,-0.007780406413130575,-0.013598565792345264
2008-10-06,-0.03489541855075836,,,-0.03188958346653883,-0.03480134766235995,-0.06233876409565945,-0.03927926970654148
2008-10-07,0.02386073795297406,,,-0.03233194926594651,-0.023073476775119943,-0.06823377507073351,-0.05910779118196403
2008-10-08,-0.016783699292880778,,,-0.039090758937452924,-0.023460964043992553,-0.01900042943225972,-0.011397406925517297
2008-10-09,0.008427104339640555,,,-0.09068068616977099,-0.06645813257358693,-0.0748516326829738,-0.07922406331313588
2008-10-10,-0.04140514369202736,,,-0.04245901547639179,-0.029323545099409386,-0.018601370896262532,-0.011828976472150513
2008-10-13,-0.0029197108994171916,,,0.12997089881546053,0.0664292789192239,0.1266506686043536,0.10957196759533848
2008-10-14,0.021692785938055344,,,-0.07763069117003428,-0.12705415049013125,0.01753799444956911,-0.005336349813536854
2008-10-15,-0.0014312385488822101,,,0.01091693048102539,-0.05964807344782385,-0.10481111065907545,-0.09469512488423501
2008-10-16,-0.15965773409323017,,,0.03489639403551247,0.03508424213179751,0.053034070777359714,0.041628822290941045
2008-10-17,-0.09514235163173065,,,-0.03512196474387486,0.014959714974654146,-0.0011915277759632305,-0.006232205932727285
2008-10-20,0.1118091974445596,,,0.04986660560059305,0.05207185999516101,0.08221834016479188,0.046582877325231545
2008-10-21,-0.03532742745100816,,,-0.00929843445511628,-0.031498680081102085,-0.01215288043885324,-0.03128399253606999
2008-10-22,-0.1532952721997085,,,-0.014221808875276529,-0.025038036807164415,-0.05747745108940503,-0.06295307968785188
2008-10-23,0.01190496978596851,,,-0.05247666255691697,-0.002987211815262132,0.015334164544659022,0.012554897845818378
2008-10-24,-0.11926319856870958,,,-0.034254325863862685,-0.03269034168140966,-0.04308856435883987,-0.03512077795125528
2008-10-27,0.13685920926080325,,,-0.014525246635695634,-0.005229474990923885,-0.061144955080522534,-0.032279789320129516
2008-10-28,0.11864411877217176,,,0.09838736665511191,0.08092320398837942,0.13252561287281223,0.10245735847393653
2008-10-29,-0.05301617659365828,,,-0.03142808699870305,-0.014978138693619292,0.009673798797556282,-0.011140907177516441
2008-10-30,0.13715467045065577,,,0.01830337884189822,0.03712032838986883,0.041943254484641125,0.025476650236373046
2008-10-31,-0.08070206417461757,,,-0.01352592372874308,-0.0012268353961523567,0.017901432187482004,0.015248545898600415
2008-11-03,-0.01730136191694932,,,0.031060446329641563,0.00803648150092758,0.007463396838820018,-0.002532248295049081
2008-11-04,-0.03733783754703764,,,0.012680862832546304,0.015024934159072321,0.04688715679958381,0.040014478457390035
2008-11-05,-0.007272873759656928,,,-0.02864909599230486,-0.023061415659999793,0.00037351956389078763,-0.05411525893116383
2008-11-06,-0.11186960510133029,,,-0.0053799644703442385,-0.03862407839022863,-0.18060582299261188,-0.05157120827951978
2008-11-07,0.10638062561287077,,,0.038797607221413274,0.00925508807669071,0.02109066430060698,0.028446181972100103
2008-11-10,-0.05856299647304459,,,-0.007596846075869965,-0.013640571756636789,0.0091526659167078,-0.01273389618685711
2008-11-11,-0.03463956893878655,,,-0.03232530483813656,0.00856936225889548,-0.05407536457144852,-0.02228720025294257
2008-11-12,0.0010065112635622845,,,-0.013820890475241565,-0.03660899181446371,-0.036373178318825014,-0.05328886594572081
2008-11-13,-0.03688955865818397,,,0.05439112873820157,0.04582626906070266,0.06984700062262786,0.06692259078968742
2008-11-14,0.0062431299580026885,,,-0.02760310982994421,-0.03794831782581469,-0.061806459289541274,-0.04259349062086726
2008-11-17,0.013395523612990396,,,-0.023599315150687573,-0.010329315069718223,-0.0129601919945706,-0.026149349993598612
2008-11-18,-0.050377797307598796,,,-0.01097676733086931,0.0032035290939522506,0.0061851682197067645,0.00979029048544131
2008-11-19,-0.02727907500145839,,,-0.02845319376436727,-0.01976497116870378,-0.05675859373590482,-0.06310549598420712
2008-11-20,-0.12221785723443425,,,-0.02879979978395817,-0.03535857272936172,0.0005015378646370104,-0.06948184541277702
2008-11-21,0.1375856829588393,,,0.06891189534876688,0.082044908269559,0.06303207964613151,0.06132800111506746
2008-11-24,-0.13758568295883927,,,0.027571205113298844,0.019410655923940152,0.05231366904586779,0.06271423081455647
2008-11-25,-0.07526216105041406,,,-0.0035440343160855797,-0.0302775778185422,-0.020628428166634544,0.0065294136139663166
2008-11-26,0.05505952996573122,,,0.015321715351425244,0.017075409135398165,-0.009016590741717298,0.03471840142238202
2008-11-27,0.044895095625290614,,,,,,
2008-11-28,0.01212158921593705,,,,,,
2008-12-01,-0.01212158921593694,,,-0.05571620149718996,-0.055478839477321226,-0.07466926108013529,-0.09353652163820918
2008-12-02,-0.059024867170270105,,,-0.009063753568517558,0.014987893658355171,0.05627597010909545,0.03916366397642246
2008-12-03,-0.030206128884045554,,,0.0490823928784303,0.001017241866465359,-0.0014537787359047043,0.02550804791981371
2008-12-04,0.002663117861021392,,,-0.030588499652625164,-0.032894216845716556,-0.05755774654364535,-0.02974649977384212
2008-12-05,0.04929662947567371,,,0.027114833232539638,0.019679030694843915,-0.003946437878834449,0.035849090941538375
2008-12-08,0.07437893835960634,,,0.0,0.004299758160698454,0.03397039880257382,0.03766888346678524
2008-12-09,0.012843327784153877,,,-0.025329011657203467,-0.025126204379731565,-0.016080676313648352,-0.023388944476325925
2008-12-10,0.08768805251260706,,,0.010650359599636323,0.014057984460739388,0.06820448187840639,0.011824007505509534
2008-12-11,-0.016069006323027348,,,-0.024350592843245738,-0.005675385011359367,0.017356343031619755,-0.028938762495764388
2008-12-12,-0.09985622257656687,,,0.007883765203453604,-0.012984591749243352,-0.02051577850182021,0.007003831230512167
2008-12-15,0.07137667819593899,,,0.008934624498093726,0.00746744178238934,0.03879457247711784,-0.012766830411484197
2008-12-16,0.05406716665902678,,,0.03259614699183566,0.033577417060677864,0.05967500129574891,0.05008481578859222
2008-12-17,-0.010581979657873754,,,-0.021318830353769514,0.00221110723250545,-0.01837819640043111,-0.009639170015611964
2008-12-18,-0.03243528012001042,,,-0.006618491915426609,0.006970427280341864,-0.04373506130409887,-0.021389823129044905
2008-12-19,0.0,,,-0.01673948597268996,-0.011397662628865688,-0.01785787600168664,0.0029325919817233524
2008-12-22,0.0054794324922008445,,,0.005163132802307933,-0.006306025286786682,-0.05589809819592453,-0.018471576686337164
2008-12-23,-0.10961985860843501,,,-0.015570441336190557,0.007783707549697571,-0.008412379527253242,-0.009764984984231137
2008-12-24,-0.02469246454060801,,,0.002951736160746327,0.006806980345746457,0.01169192222233575,0.005764496357789291
2008-12-25,-0.003756932292647082,,,,,,
2008-12-26,-0.04753620645286807,,,,,,
2008-12-29,0.06133646679126997,,,-0.003821162168687311,-0.009021063096349249,0.005483654693144835,-0.0038801175284807
2008-12-30,0.0,,,0.011641069432085427,0.014869753385754718,0.009021676564325311,0.024114018863220666
2008-12-31,0.0,,,0.007539030170127206,-0.0020067732772127956,0.013228964878579942,0.014059048160206564
2009-01-02,0.05420080146801398,,,0.013820445847771623,0.021673419198765143,0.014111436950623547,0.031118816254462313
2009-01-05,0.07616178083621115,,,-0.010071667240234889,-0.006632250663114271,-0.011364807258971587,-0.004679288447595494
2009-01-06,0.02197815400178226,,,-0.016196458616316967,0.0017970042418954918,0.01196756276701061,0.007786737413759767
2009-01-07,0.08138000214842095,,,0.004908649838653142,-0.033035543194606415,0.001955384348263589,-0.03046912022057231
2009-01-08,-0.04090546523744918,,,0.0068760282688385055,-0.011947375104937824,0.027276743376543996,0.0033913156919744315
2009-01-09,-0.025371253354022887,,,-0.014247736172275371,-0.012852008098826981,-0.027427343146283152,-0.021533214293202936
2009-01-12,-0.03375398829666271,,,-0.019700062769230295,-0.022701827713668358,-0.013772347345535046,-0.02282258762866887
2009-01-13,0.01865070473971386,,,0.006610152129115947,0.01621337927478196,-0.030480925827702277,0.0017565152157664873
2009-01-14,0.042559914880847226,,,-0.03232033795713528,-0.021872643419240174,-0.024009766875504344,-0.0340324644901829
2009-01-15,-0.11000095566572178,,,0.017213788843492613,-0.01121711809798903,0.028242381228883,0.0013282991669522379
2009-01-16,0.002322879938294369,,,0.011009297975016364,0.016487189436021177,0.04062161752753677,0.007533131556373145
2009-01-19,0.02180261790916091,,,,,,
2009-01-20,-0.025288751805010133,,,,,,
2009-01-21,0.012724069037351675,,,0.009516211892042058,0.00019863206189300086,0.024588774606594588,0.04257205806919397
2009-01-22,-0.029156349577337135,,,-0.003934872403244442,-0.0017860544871875822,-0.0762973942377286,-0.015278446440878557
2009-01-23,-0.005935092661997983,,,-0.02156704249840196,0.005347975131432294,0.0003192685733115505,0.005363250283092426
2009-01-26,,,,0.019477679475959034,0.01568032441391726,0.00015991976852829058,0.005537850154850269
2009-01-27,,,,0.006947810653602385,0.004269873221278589,0.05758444368712849,0.010866329534482322
2009-01-28,,,,0.012156975340571342,0.0077159613577234805,0.02148681107412166,0.03300683868264074
2009-01-29,0.03141642919692688,,,-0.007092540497914337,-0.006941604562244053,-0.03975223107208218,-0.03368106446667382
2009-01-30,-0.019781992655071422,,,-0.01924231696232879,-0.028458104757006452,-0.02472704943403449,-0.023052821010677113
2009-02-02,-0.024482243551982422,,,-0.011299954488259382,-0.001993478715026348,0.005808842719900921,-0.0005329099748901644
2009-02-03,0.03494245465067932,,,0.025247117729199593,0.02735023427869737,0.0264169568021833,0.015709938442946172
2009-02-04,0.07707666171132792,,,-0.021466545438075194,-0.0005818003818464277,0.020223927144779573,-0.007517697439794895
2009-02-05,-0.005797231547378363,,,0.006816637146582129,0.016564006913258173,0.02770183786149193,0.016233188600758928
2009-02-06,0.032414754065424066,,,0.01994506201288171,0.02229024799727049,0.008249513997214452,0.026540681935397104
2009-02-09,-0.030478646179311567,,,-0.02888704694084864,-0.040020972801292125,0.025051273808831036,0.0014840917192800343
2009-02-10,-0.0019361078861125864,,,-0.039532010027007014,-0.03764300174582869,-0.05638179142205445,-0.05036866949414839
2009-02-11,0.0,,,0.014645140023262187,0.021570712482214788,0.002377114483416496,0.007923477223390516
2009-02-12,-0.011695734470668554,,,0.07287830386324953,0.027094952098158143,0.0008897164345546878,0.0017376553579209742
2009-02-13,0.0251704251603611,,,-0.012239702058520282,0.010901615324501283,-0.030248322698648245,-0.010048008389114625
2009-02-16,-0.037005053295384595,,,,,,
2009-02-17,-0.029191722467631454,,,,,,
2009-02-18,-0.015440777304346866,,,0.001876561497064374,-0.005612678468746292,0.03985711145347354,-0.000950817478245573
2009-02-19,-0.010427300196399907,,,0.014422034000960572,0.01291868279579983,-0.00015123699396155042,-0.012096896898495146
2009-02-20,-0.021187022696483017,,,-0.010680364481513095,-0.014472001706862882,-0.019578802915458958,-0.011478592263616477
2009-02-23,0.05620633286275478,,,-0.017661791457272806,-0.025392207797994098,-0.04485887348382892,-0.035315317490224964
2009-02-24,-0.03816878885484804,,,0.022784540934121116,0.029852763505495452,0.07408492015245055,0.0393200492217266
2009-02-25,0.032077095584483725,,,-0.01615477420109105,-0.018750740590348668,-0.016944425210029288,-0.010715025437918897
2009-02-26,0.0020347728737222736,,,-0.031162405970325192,-0.025965641231529543,-0.04589542222145759,-0.01590567684576375
2009-02-27,-0.01021458451901667,,,-0.005370831889253091,-0.026241308008896413,0.008589298226516728,-0.023846484170292854
2009-03-02,-0.03553172048104478,,,-0.02880783449367941,-0.02716246235539392,-0.040069832362361175,-0.04774188875107267
2009-03-03,0.04269268403221971,,,-0.02190543240615392,0.03399404701177119,0.005752888960574157,-0.006427378038351219
2009-03-04,0.029133552505391187,,,0.022912902481423792,-0.009304928407027504,-0.0009838240352399378,0.02347535830991525
2009-03-05,-0.013958703655707495,,,-0.04847573553750291,-0.034843975788712386,-0.037784491760948606,-0.04346330218569738
2009-03-06,0.008000036824016952,,,0.03249134010157165,0.02428394127967092,-0.007525282155408331,0.001215314395986425
2009-03-09,0.015810773627913263,,,-0.00899149091627111,-0.027770804243159718,-0.009833244968427352,-0.01007424513030657
2009-03-10,-0.025820737441265944,,,0.010525558263708688,0.017098342726011996,0.04242922415385782,0.0617186323188922
2009-03-11,0.0060178845894287005,,,0.020939895916883788,0.017443429922736852,-0.009348981564477908,0.0024428307358472247
2009-03-12,0.0,,,0.0315907503742588,0.018180407854290686,0.0025125061484263687,0.03992107486845256
2009-03-13,0.03149858732250581,,,0.00926174688571848,0.006810660419895542,0.010319944002093878,0.007709235009042813
2009-03-16,0.026770225485781396,,,0.0012122710591095309,0.002259440638844181,0.001158688237954096,-0.003522120560965446
2009-03-17,0.026072225532802702,,,0.004352031971801622,0.010614843181093387,0.03158304540720935,0.03163425945298957
2009-03-18,-0.005529627397767227,,,0.004813341579144475,0.00445729203084756,0.013845909386327194,0.020643391776914963
2009-03-19,-0.04731282362081686,,,0.012644898668917421,-0.009750563084419924,-0.017056151310293435,-0.013064127999233972
2009-03-20,0.0038687094978432715,,,0.01084682855546175,0.020806959087015228,-0.02606011557708874,-0.01996742895118435
2009-03-23,0.02101294238549725,,,0.034573545039310795,0.03168011885320483,0.07592162539558547,0.06836638735773641
2009-03-24,0.018727241298325464,,,-0.002722641429939685,-0.0019394795168414232,-0.027760195551201575,-0.02062636109659859
2009-03-25,-0.020619388360824928,,,0.016447758761901007,0.018078238715195857,0.03674383634236018,0.009580332245017488
2009-03-26,0.016902141166458957,,,0.0022319306362678817,0.013064356191791955,0.02760276769652652,0.023052602239829925
2009-03-27,0.025736470682771503,,,0.005558454238983526,-0.014590252259951612,-0.02231371892438281,-0.020524717385895695
2009-03-30,-0.03885789118428998,,,-0.026512205761404426,-0.011518764537687961,-0.03191113266149105,-0.035439323427820704
2009-03-31,0.046091300666378766,,,0.0006826654580698645,-0.006003374987975848,-0.0036267218713549633,0.013044168377756998
2009-04-01,0.04578250399478643,,,0.020493707722088146,0.01427189763649794,0.07015071433879164,0.016421043179743085
2009-04-02,0.0437781075552455,,,0.010643345097448206,0.012181451077089244,0.054872888925654895,0.028322225961306003
2009-04-03,0.013093566582915616,,,-0.008193861367587148,-0.0032211727681517453,0.04604490981857175,0.009684722294469393
2009-04-06,0.009708708467369159,,,0.0004447299323755381,-0.00038014109168456057,-0.019358142216569722,-0.008367275616680818
2009-04-07,0.009615549206310945,,,-0.008258013223567687,-0.008006403417531763,-0.005990361733188619,-0.02414366931764816
2009-04-08,-0.04068926528096597,,,0.008258013223567654,0.0005743979790797415,0.032908401131623306,0.011714557086847552
2009-04-09,0.08437783416362137,,,0.0,-0.0034491049833736296,0.04533617552415417,0.037347090620733756
2009-04-10,-0.012288839020148387,,,,,,
2009-04-13,0.02140743733227901,,,,,,
2009-04-14,0.003021240191075833,,,-0.011693452773788051,-0.018226650276365552,-0.037012216648489166,-0.02026851722493524
2009-04-15,-0.006051358867171916,,,0.018378130402871912,0.02885152871554629,0.016474867789041534,0.012470930388817558
2009-04-16,-0.019924202426584055,,,0.0015530412793270244,-0.001538139966797047,-0.005461047322543421,0.015419309485732727
2009-04-17,0.010777618423941277,,,-0.0017751116780025313,0.0032660432109736116,0.00585052932420557,0.004957054226539451
2009-04-20,0.009146584002642802,,,-0.015445397730808543,-0.04452140140110925,-0.017655815055232144,-0.043732209141657034
2009-04-21,-0.021473294027755767,,,-0.028370873139417864,-0.010281279851324007,0.008932045345391992,0.021029384216146016
2009-04-22,0.02298940884923237,,,-0.003719517732344899,-0.028153969814927553,0.023521752062844466,-0.007711320225478271
2009-04-23,0.031322629972408915,,,-0.0002333140180143884,-0.0018770915414616357,0.021606267702106486,0.009873443065781582
2009-04-24,-0.020772334601210272,,,-0.0030332511006076323,0.013069254013704906,0.011434580142509672,0.016657834020331604
2009-04-27,-0.01662933751142376,,,-0.012936973585053042,0.012086620366886573,-0.029216791596978736,-0.010117587499046198
2009-04-28,-0.02625631728811883,,,0.000946631680980557,0.018760181323131727,-0.02134832923926398,-0.0027442976398493147
2009-04-29,0.027779823758942095,,,0.01011877873325647,0.008159783889859818,0.018034846680934337,0.021379853727164114
2009-04-30,0.041734870763202814,,,0.00792942215542541,-0.013770724066492627,0.010540412405200792,-0.0009505192207446081
2009-05-01,,,,-0.01356430014030087,0.0006023497035564741,0.00012640948764877934,0.005381880325807842
2009-05-04,,,,0.01634767347941303,-0.013955201782584062,0.030109170272594347,0.03330724358772585
2009-05-05,,,,-0.0006950796266741236,0.01274902998961471,0.007935015066986998,-0.003798929477293887
2009-05-06,,,,-0.004647010614769943,-0.0002012680546816897,0.01568380434282243,0.01725461832941929
2009-05-07,-0.03545420485297139,,,-0.003265728141306518,-0.00463592217756897,-0.04030337848598922,-0.013290338985760736
2009-05-08,-0.016679676883344083,,,0.002799837159636684,0.005239343939066615,-0.01342461119641453,0.023783902379113705
2009-05-11,-0.009216460358717747,,,-0.003968671027572623,-0.003423014488494203,-0.030522836675722864,-0.02174719020275387
2009-05-12,0.009216460358717761,,,0.037870361822681615,-0.006271816184449308,0.0033802662914716097,-0.0009793349834762966
2009-05-13,-0.0045977058176776804,,,-0.01749438806739859,0.007884517494163863,-0.046625370359171824,-0.02726319853661259
2009-05-14,-0.017041357899155146,,,0.028692593625994876,0.024073203151533457,-0.0002721159955010688,0.01029843199277203
2009-05-15,-0.007843362419981074,,,0.0013353850556060219,-0.010870648306142018,0.011898447631652263,-0.011475676904067545
2009-05-18,0.0109632974816776,,,0.024388732684537544,0.016750994040096223,0.027442461462270126,0.029936594996533384
2009-05-19,0.039699935130942984,,,0.01229695628149571,0.008561786911081308,0.004566595716619047,-0.0017383460198724435
2009-05-20,0.007457241129867189,,,0.007688978485727759,0.008681613128826109,-0.007185590511038626,-0.00514467268804702
2009-05-21,-0.00895536765806613,,,-0.006831683429997907,-0.011009121965643782,-0.005785186451257514,-0.016899558030336284
2009-05-22,-0.036645105117228155,,,0.013194115416654655,0.0015526099354276812,-0.006748303277565258,-0.0014983325081699614
2009-05-25,0.023060093010624505,,,,,,
2009-05-26,-0.019954692113827287,,,,,,
2009-05-27,-0.006220760212319135,,,-0.012361150366318062,-0.025077765417087988,-0.011506497987863767,-0.019153424774368058
2009-05-28,0.056117694613771224,,,0.005772617245166375,0.019995015472548675,0.033377103914496685,0.015301255166552454
2009-05-29,0.021882432223326108,,,0.04706297864243974,0.01998648384466404,0.008016545809025628,0.013483445887850906
2009-06-01,0.03683176590754787,,,-0.002851674488672378,0.020537250658458,0.019399150410036554,0.025489943861423548
2009-06-02,-0.006978304209503279,,,0.012970998065784278,0.04129622766833726,-0.008973354885506239,0.001981336974747815
2009-06-03,0.002797202001832138,,,-0.011544608736150078,-0.011905757418570471,-0.025637703769012105,-0.013834465750709849
2009-06-04,0.017993631863337876,,,0.01355608605448947,0.010083131616735776,0.008828779934757622,0.011418220142166204
2009-06-05,-0.011034921272731212,,,-0.0064512057101645025,0.0010938567659610804,0.0020067483841587647,-0.002517857488816695
2009-06-08,-0.0453978349061227,,,-0.0012142398234618948,-0.013391005204880202,0.00062639145359218,-0.001011065454445827
2009-06-09,-0.013148552996394492,,,-0.005890640520863107,-0.01245025300155873,-0.004140992285155163,0.003497059761173111
2009-06-10,0.06131647090819653,,,-0.013948432141846986,-0.0022459755656149593,-0.006054683938157245,-0.003486401379967999
2009-06-11,-0.008333291036121182,,,0.01201078558915497,-0.007335685880113845,0.000506164647118461,0.006093297249542341
2009-06-12,0.008333291036121147,,,0.006361205208781139,0.012755674767918616,-0.0030397488478780834,0.001396020848219796
2009-06-15,-0.005547691388614791,,,-0.01608279904918488,-0.014456564640324398,-0.027910074632133946,-0.02405559125359691
2009-06-16,-0.023927933195654588,,,-0.005837176978651045,-0.010264268902164943,-0.01246784010602345,-0.012801901027885946
2009-06-17,0.004264395097046063,,,0.0020886773842648935,0.011965158774570802,0.013250224744018355,-0.0013825234667824294
2009-06-18,-0.0028410817011854795,,,0.03324049444149714,0.028290896220556392,-0.0060133836663632655,0.008375815004881833
2009-06-19,0.030814658075821476,,,-0.015046931533078773,-0.01070093962474867,0.0044482259707245035,0.0031093582232429103
2009-06-22,0.017772324337876046,,,-0.01694236656069883,-0.007821132362260931,-0.025649076615627982,-0.03107836433082392
2009-06-23,-0.004073239549588406,,,-0.003967234014883583,-0.009014090919094575,0.006407819285095411,0.0023040684995177824
2009-06-24,-0.0027249611355782055,,,-0.006296025173102541,0.0007542247960675897,0.01203612496858719,0.0065032488243266596
2009-06-25,0.022927733043698825,,,0.00734183452275227,0.017563904133498648,0.020946631525525186,0.021217583998248746
2009-06-26,-0.00803232811177311,,,0.0058345407511132446,0.013065008673422219,-0.017272217783207148,-0.0014789203486033056
2009-06-29,-0.0040405708321235535,,,0.0033183535958826167,0.002555865595198712,-0.011197080329500493,0.009024296841261898
2009-06-30,0.0,,,-0.006231469681762078,0.0021858390986970702,0.0005300372837111401,-0.008567351633166496
2009-07-01,-0.012220104265523578,,,0.024494724299677022,0.027988463508525407,-0.0030493342582328235,0.004352444623651702
2009-07-02,-0.009608853486987987,-0.002600743741832309,,-0.006119274932199496,-0.0030118011982684864,-0.0162000476492973,-0.029577684825958017
2009-07-03,0.004129474525074992,,,,,,
2009-07-06,0.010929311350088237,,,,,,
2009-07-07,0.03340296931143627,-0.015915370555543776,,-0.007374106087347839,-0.019977972239368567,-0.015460795830343026,-0.019879785362884782
2009-07-08,0.027221598995854822,0.0026703359063192256,,-0.002675938853766898,-0.02074924664579336,-0.010667729939209596,-0.0016699311679349972
2009-07-09,-0.012870337109895236,0.0,,0.004114225524653316,-0.0031045822571555957,-0.00013609917025771438,0.003540946062317481
2009-07-10,0.0012945763823999775,0.0053193018589275855,,-0.008246116313121025,0.0005483606490741864,0.0014929684484916363,-0.004029938077684044
2009-07-13,-0.03287628840475297,-0.005319301858927554,,0.015201553763864697,0.017395142875237628,0.011189906805583292,0.024627948777227286
2009-07-14,-0.005361776465570693,0.0340791066989108,,0.004881240753572804,0.007516240304528773,0.011463450007323331,0.005301983236099628
2009-07-15,0.014676864918685301,0.026702328924412766,,0.024845945529900625,0.020993895798273956,0.0021182996784120957,0.02919943487510086
2009-07-16,0.020970605911950307,-0.007556946630021958,,0.005132640306898871,-0.0003489117283113393,-0.0018532192844407998,0.008604634691705462
2009-07-17,0.010322663389718068,-0.01657106344290709,,-0.00929737504948821,-0.010533568469050618,-0.002254666015410374,-0.0003827351332093228
2009-07-20,0.03655075582293757,0.016571063442907062,,0.014011275588491074,-0.010289672270671292,0.01069907031349919,0.011366702462731141
2009-07-21,0.0352622819576794,-0.020434571978966067,,-0.013415131376566157,0.00568976711747126,0.01835627080825137,0.0036207145224277037
2009-07-22,0.005956010856403902,0.020434571978966063,,-0.024528866677390477,-0.009083501481617039,-0.001419763459289375,-0.0005344193762499699
2009-07-23,-0.03014111411909514,0.008810915647635071,,0.0010177752833112337,0.010855454865905933,0.023365059274077324,0.023022599224312996
2009-07-24,0.008531354856464866,0.0,,0.0036532657583408434,-0.0015948221047815067,0.010295220767392942,0.003037543443477206
2009-07-27,0.04855887514936091,-0.007547440563847448,,0.0032356010923603427,-0.0012416067113677235,-0.0022509640419963372,0.0029773891259700837
2009-07-28,-0.011627746666487712,0.006795357716104675,,-0.0026283894348089433,-0.006589135246335543,0.005866738926919223,-0.00260984710734954
2009-07-29,0.018540422345158597,-0.013128201064280582,,-0.0022300606221096306,0.006412012449151482,0.02785960406418469,-0.004573406026934112
2009-07-30,0.010279922758411233,0.011370977803428294,,0.007883192586710887,0.004781802043344788,0.020960196321207616,0.01182538418815696
2009-07-31,0.0011358557711254322,0.008755467973591552,,0.0034167109345095686,0.0026463566950887707,-0.0022545872896640746,0.0007395090837835546
2009-08-03,0.024664838197705357,-0.00900682092308758,,-0.004827049526844723,-0.009739112812499824,0.03513254143242766,0.015225607827281227
2009-08-04,0.033753988296662686,-0.013664257578658346,,-0.002018477724153275,0.049637139043944865,-0.006097539708745655,0.0030075704221065014
2009-08-05,-0.010764356713656333,0.003814316581516388,,-0.006688633058196483,-0.01140904338648222,-0.028797544586571237,-0.0029178446171664904
2009-08-06,0.0,0.0,,0.004464317410083618,-0.009637246029341287,0.021501445751948896,-0.005640532654178876
2009-08-07,-0.017468011945861475,0.0012682125837890936,,-0.0010131843032935178,-0.0015574472115041289,-0.00828720337256318,0.01334970053225195
2009-08-10,0.0022002864674862807,0.017588549336440343,,0.002025081830655052,-0.005731482707229269,-0.006349495650095287,-0.003350556724880266
2009-08-11,0.008752917882748254,0.0062071183476056285,,-0.008123535373608763,-0.008747407506451556,0.004472365517423769,-0.012740935609429686
2009-08-12,-0.015367950579229621,0.015961089143398968,,-0.011897180237443905,-0.004049562536171836,-0.0012925781889655092,0.011459230792872048
2009-08-13,0.027279223836145696,-0.047390200630407546,,-0.007041487902535231,-0.003357748802942287,0.009828138803631365,0.0068564507961441
2009-08-14,0.0,-0.011561146805448447,,0.007247247999915165,0.001238083915182238,-0.0016312298306308554,-0.008567949977279207
2009-08-17,-0.03616836722504018,0.011561146805448385,,0.004734163225088497,-0.006741017414110263,-0.024077693789314347,-0.024559960849173303
2009-08-18,0.023167176471722117,0.025221993139402935,,-0.00184945493811776,0.0010675052881543295,0.025359393510381262,0.010094533393885528
2009-08-19,0.04165034463710575,0.013359928909694195,,0.015311138041789147,0.003727262859459386,0.008928110065383599,0.006837483447019444
2009-08-20,0.04399695730352708,-0.0022146000176872863,,0.0012144469002460725,0.006884558941121456,0.009192607133808836,0.010889227984113237
2009-08-21,0.030559692377708312,0.035091215186962885,,0.009866289048670002,0.011370608467868528,-0.012545561848161366,0.018451479725420602
2009-08-24,0.04276135692314883,-0.0035731164565222934,,-0.017177364869218937,-0.0006952829973683921,-0.006856855072097986,-0.0005459459189837834
2009-08-25,-0.009345970337788901,0.016568377577828267,,-0.006544200314083022,-0.002789684415885381,0.009863728597214787,0.002366663818367554
2009-08-26,-0.028573591103109766,-0.0023502716923773743,,0.008987563476045015,0.010246297565383054,0.003573220225892508,0.00011671995565297763
2009-08-27,-0.019512507447293024,-0.0030637896683274823,,0.005272374943253938,-0.0020756729880964456,-0.0014966802129590155,0.0027779002715912853
2009-08-28,0.02433202628016064,0.007758565791176744,,-0.0077157381052159356,-0.0174649351823554,-0.006010748931088998,-0.001990307732377177
2009-08-31,0.01904818392856149,0.016260728707640417,,-0.005928405852730013,-0.0015862626089103774,-0.012481447852340243,-0.008109198540382183
2009-09-01,0.07275952754704242,-0.04476606660915767,,-0.004933213222459705,-0.007439597836583874,-0.006831998546900313,-0.02237222631680637
2009-09-02,0.008733461767458655,0.006006001941112877,,0.025832378223378655,0.009808812937285112,-0.004975897829318442,-0.003301884345751011
2009-09-03,-0.06280075422396762,-0.004801991380947862,,-0.0044275470412424795,0.0051330468704391,-0.014476829317739942,0.008498582450941842
2009-09-04,-0.0046403764110639015,0.01315015921587736,,0.007434855457201329,0.01576512812073102,0.01102598669426809,0.013032243708161282
2009-09-07,0.04546256028668793,,,,,,
2009-09-08,0.0,,,,,,
2009-09-09,-0.05951441896615754,0.02160433306253823,,0.004354869923650511,-0.0041268962345761655,-0.0067034335760123775,0.007752259025442712
2009-09-10,0.0,0.012297591995253434,,-0.0009885493160591535,-0.0031059736369398513,0.026079846081858402,0.010368292776658143
2009-09-11,-0.028709498243679195,0.009950124867882607,,0.026359109148734388,0.0162857616526361,-0.0177079951202179,-0.0013513389885911676
2009-09-14,0.019230875689494296,0.015717426696823272,,0.012539822517618496,-0.0018725048303111992,-0.010175052815719045,0.00631910740710653
2009-09-15,0.03278980038456476,0.0017313206888588872,,0.00554479460631812,-0.007008916114646941,-0.004703903477241796,0.0031304364906445527
2009-09-16,0.03620324113577761,0.015021640339078492,,0.0041859800737897215,0.000857241812522762,-0.0031481345612140777,0.015207308062442325
2009-09-17,-0.022473057503232006,-0.008556077179042127,,0.014138783371443827,0.00785422458699388,0.0018176806917539845,-0.003064329005571477
2009-09-18,-0.018349126372392107,0.009620632520077171,,0.0063441028422004785,0.017866470222667387,0.011673319290277663,0.0026338675941077866
2009-09-21,-0.013986346748852803,0.014783695571039762,,-0.01423776692401244,-0.014132395116929704,-0.010705585021571953,-0.0034131142078887163
2009-09-22,0.05035396676725451,-0.017980416893585573,,-0.002833966807299514,-0.0074829089050577335,0.0024155571559145873,0.006553348588268071
2009-09-23,0.022076043773908517,-0.020485650133572623,,-0.005121589511700294,-0.0018795364339802688,-0.006900321101417809,-0.0101195584531233
2009-09-24,-0.03555916493594251,-0.006119049451869144,,-0.004575214180705786,0.0011968739935197448,-0.0010939854304154728,-0.009556548191774188
2009-09-25,0.0442547600676729,-0.01546328540917849,,0.011965223993974783,0.0023883707342222064,-0.006807492741542404,-0.006109360827818336
2009-09-28,-0.04425476006767287,0.011289628789394202,,0.0030157943015570827,0.005946521770716426,-0.005812175554143149,0.017652853549567058
2009-09-29,-0.004535372483975631,-0.0033074395929631245,,0.0033819100638614063,-0.008848395932012849,-0.016380683050502144,-0.0022320656428964163
2009-09-30,0.013544107001861243,0.014471212980966012,,0.0072894838258363735,0.0025611829096082333,-0.00950016184173394,-0.003333852135212442
2009-10-01,-0.08416162563239324,-0.01911974341311722,,-0.010859392454998867,-0.0034153871820904063,-0.022264692356874862,-0.026097211493280956
2009-10-02,,-0.0240272882308412,,0.014020202174476231,0.040890051874489415,-0.021706841223091834,-0.004515705309363511
2009-10-05,,0.03132257253588861,,-0.0013007764663722527,-0.000820982106825879,-0.001597098670516872,0.014765453960324762
2009-10-06,-0.00975646171277081,0.027375417745629172,,0.009618774598076595,0.00032853667637279527,0.02888425906687183,0.0136124155690534
2009-10-07,-0.054394148044152255,0.0012851702754835739,,0.008980509885366542,0.004916498769742956,0.0019397349275865736,0.002707936560526622
2009-10-08,0.030583337592221992,0.030978798533464028,,-0.004021922474390266,-0.012833650091567611,0.017794907387531932,0.007442145876693546
2009-10-09,0.0527981478541955,-0.012528809367986454,,0.0010982906640812202,0.0033063109360890208,-0.006492635278142955,0.005624810543572637
2009-10-12,0.0,0.00649281299382217,,0.002558893405531081,0.005431867405617425,0.008013783703852357,0.004376777568566423
2009-10-13,0.014184510895865445,-0.007333551850771829,,0.00018261963829170478,-0.005266617169169574,0.012589705469636982,-0.002791504630813565
2009-10-14,0.0,0.04120043634819171,,0.0007294443283104955,0.01669170598677168,0.005489879566563687,0.017393743058258578
2009-10-15,-0.014184510895865442,0.005233650296893767,,0.001457410975510071,0.017055960793646786,0.0026096260947371264,0.004148850316393222
2009-10-16,-0.049790568067202626,0.007599707318054118,,0.0016375619493295705,-0.006241665935632344,-0.01803203818981003,-0.008131023468328601
2009-10-19,0.010951123868714578,0.01972843743972578,,-0.004007036891441991,-0.0038605031895064578,0.014675754330212596,0.009361366739513969
2009-10-20,-0.016975417566282527,-0.020525606087466067,,-0.013228034296242747,-0.007603282665099758,-0.0192350854293835,-0.0062586491870243255
2009-10-21,0.04142578155752625,0.01209000853625307,,0.0,0.004213189606298721,0.0011419452603888007,-0.00889323391718201
2009-10-22,-0.004841795482250109,0.02988803860004129,,0.001478149966691038,-0.005513023133367923,0.012849373028498399,0.010587374358508142
2009-10-23,0.06119515737012729,-0.034033405620580895,,-0.016947846914045477,-0.007671853202235614,-0.02831029415903943,-0.01225331535289976
2009-10-26,0.04027386842059429,-0.021192223428188495,,-0.00018797115817244475,-0.009218062874648998,0.007568599572682935,-0.011786514446438598
2009-10-27,0.025975363196315448,-0.02227099167110273,,0.004311726223303877,0.00872624796150889,0.011436125061378708,-0.0033233071166753813
2009-10-28,-0.017241901428856805,-0.01898065976027262,,0.000934504618298237,-0.00016374775511617594,-0.01810372466369183,-0.0197343861452413
2009-10-29,0.0,0.029053856337429202,,0.010781505346933357,0.006537095466921268,0.029784656285474862,0.022270124333967762
2009-10-30,-0.04900733018805298,-0.03560290711785225,,-0.01452609694437241,-0.013777108908193912,-0.014971338667318156,-0.028466028015250756
2009-11-02,-0.0709516190828981,0.023668332577176536,,0.007661504999431598,0.0008250478486539006,0.0029111060969375714,0.00643565319102102
2009-11-03,0.028987337402265098,-0.025153150226493278,,-0.011231413628594207,-0.00895091305584386,-0.0006322005467833128,0.002423064313306145
2009-11-04,0.014184510895865445,0.005714880681050054,,0.006940839098526604,0.005314161512662953,0.004920396994200527,0.0010420772415051826
2009-11-05,-0.043171848298130665,0.025217468807628207,,0.016869656361555935,0.013978870755467557,0.01399672502625159,0.019052887220614025
2009-11-06,0.02421406197779501,-0.004537669355037349,,0.0016526135552713257,0.008619023721266035,-0.030492307913627604,0.002500124319576515
2009-11-09,-0.019324259188951434,0.027527133803083297,,0.018005942396161958,0.008384296540764887,0.012207386439958619,0.021995084915274347
2009-11-10,0.02409753461342145,-0.0285615216836027,,0.005930264275184137,-0.003216550240537869,-0.034983059155845556,-6.399214138483759e-05
2009-11-11,0.004750599461957013,0.0066005878716313285,,0.00571738548346118,0.008341464149193867,0.0050917682455911654,0.005019357795690984
2009-11-12,-0.03373793686422224,-0.007635933396583469,,-0.003391394417151081,-0.021474927425992028,0.012038359344832036,-0.010312359059078017
2009-11-13,-0.009852106796222738,0.04059830163105474,,0.009253413577219718,0.01087614957090256,0.006796107452640946,0.005722887256427731
2009-11-16,0.009852106796222832,0.027081750481246305,,0.004947123581125344,0.007879377219415678,0.024614596089352056,0.01436397656849818
2009-11-17,-0.019802852851837246,-0.010901465627246627,,0.0022881352869438794,0.0027194006356737782,0.0013708656375009144,0.0009189839116237261
2009-11-18,0.0,0.005854625734419687,,-0.005111952298721665,-0.004803611933708857,-0.011522030638494737,-0.00046835078426778063
2009-11-19,0.014888602599565202,-0.015492069830511547,,0.005287780693365132,-0.006764369244307349,-0.023965325681521068,-0.013516805711666349
2009-11-20,0.004914250252272124,0.0013824773389261857,,0.010493414679057476,0.0032265170288222197,-0.00699119573191743,-0.0032201022062016984
2009-11-23,-0.019802852851837246,0.012746710946506114,,0.013135543920180156,0.006582937080550855,0.006604161179044343,0.013523913934335078
2009-11-24,-0.002001879356575485,0.0,,-0.0008591257265765228,0.00015981745692302056,-0.018628595077599796,-0.0005334495209037495
2009-11-25,0.002001879356575417,0.021589015803322755,,-0.0013755649823044345,0.010979413605362552,0.023520850957072962,0.004494006880236033
2009-11-26,-0.01612918548193484,,,,,,
2009-11-27,-0.03938348623124879,,,,,,
2009-11-30,0.04546240410139455,-0.01754259524617195,,0.00034981056363046087,-0.0012852119537539854,0.01954280701264596,0.0037858184300650394
2009-12-01,0.03474292325247021,0.03823372417014164,,0.01526782091968125,0.026173337281086676,0.036381267316265016,0.012002902588402555
2009-12-02,0.004866658923927211,0.01877008796051859,,-0.0020687290246477453,0.003620103851565593,0.00648609617238044,0.00034263999883941797
2009-12-03,0.009661314315117747,-0.011333852086905042,,-0.011975884276038233,-0.014081597846852107,0.03134037645869564,-0.008437597492034073
2009-12-04,0.0,0.0,,0.0038337380458703853,0.017219108321485974,-0.003433597419491713,0.005494312254292437
2009-12-07,0.009569561374376579,-0.002663078867947521,,0.006588088379049768,0.005933722420919446,-0.016747017620129076,-0.002471432926803079
2009-12-08,0.0,-0.025854813219189133,,-0.003288398270512695,-0.011745823603918614,0.008407954220338349,-0.010304492069516176
2009-12-09,0.03278980038456476,0.004096147093714051,,0.002596648814561645,-0.026821556021776452,0.005011710516225853,0.0036656453959778533
2009-12-10,0.013730183632545774,0.0062101158420545975,,0.012885989962143268,0.0006473382761266966,-0.007166520507722194,0.005822720019583755
2009-12-11,-0.004555702336477571,0.0121142423462541,,0.009007000919148116,-0.009260046530295695,0.010967835199647677,0.0036763280289124935
2009-12-14,-0.004576663457812121,0.012724375783572085,,-0.0011848932042917337,-0.004744732215928931,-0.010129430324027668,0.006935296207216683
2009-12-15,0.013667738278265324,-0.01024273220935715,,0.00033814567333888544,0.00016397242950049932,-0.003599177720639075,-0.005562408837016108
2009-12-16,0.004514566719477578,0.002855586951285746,,-0.010895420728890331,-0.005095376091078346,0.01123567012465216,0.0011275940949076902
2009-12-17,0.004494167798408149,-0.022494503408244524,,-0.024957877043452432,-0.01060330972146311,-0.012198162533133156,-0.01188091353803201
2009-12-18,0.0,-0.01607224085245325,,-0.0010538546333288977,-0.00937096315861164,-0.002288799299261583,0.005812952040880973
2009-12-21,0.008928950501370655,0.00433769820934975,,0.0045578139037383576,0.016672793459493514,-0.006776301055694675,0.010448977120226209
2009-12-22,0.017621479916686257,-0.0029556022424859444,,0.0015730181826257067,0.002477052416483228,0.01266835108798657,0.0035572134993947157
2009-12-23,0.017316332747691603,0.011769606814840251,,0.00034903876711339036,0.0008244270040979461,0.004068158582731672,0.002296020686836971
2009-12-24,0.037899148673443295,0.0038925128759279446,,0.002614634530242329,0.004603794199907603,0.013755477628421942,0.005242407471724702
2009-12-28,-0.008298595742157454,0.0104350406807099,,0.0,0.0032753183805802615,-0.004248846149761852,0.0011534152818410755
2009-12-29,0.0137875427930259,0.007850413885116383,,0.005209179565730918,-0.0009812931678572796,0.0060138677499674414,-0.0014020340886091167
2009-12-30,0.004140944810246417,-0.005930265251762469,,-0.0010394247086791724,0.0034309420488837414,-0.007670669143698721,0.00019541047723540855
2009-12-31,,-0.0017283044922911921,,-0.011859367387384375,-0.008353468519889684,-0.0029664946107659513,-0.010100435863962351
2010-01-04,,0.02767446444556439,,0.0007013724126966137,0.007211094085675296,0.01087218903813913,0.015916082167126387
2010-01-05,-0.07864284824922789,-0.012037141140806434,,-0.012170676727257954,0.012010599261886155,-0.015516823503456092,0.003110831966759719
2010-01-06,0.009049512639214805,-0.00626372779472729,,-0.000354636577722041,-0.010053248026149476,0.012691929789857349,0.0005453718878234133
2010-01-07,-0.04609125167781797,-0.024673210442474898,,-0.0024884743307959254,-0.0063761259162991085,-0.012453421438271103,0.003993218354654243
2010-01-08,0.0,-0.005675901464829112,,-0.018682211427858496,-0.0032856465372657407,0.023238871802606306,0.0028775830750962126
2010-01-11,-0.04338027153801281,0.008987815156729967,,0.020104890337808837,-0.0011523225447530152,0.005117562784018804,0.0017452316285846302
2010-01-12,0.014670610667859874,-0.00409295400306569,,0.010782103527760609,0.01390605561546915,0.03756840487294572,-0.00942544643894456
2010-01-13,-0.009756296585931811,0.01145753885140021,,0.0026339034015750427,0.008090541967491018,-0.0034696397097724657,0.008291456333360418
2010-01-14,0.014598864515655539,0.0017360951355456418,,0.0017517553092633272,0.012014086822215818,0.019321185006666377,0.002423486421414183
2010-01-15,0.04255935232774592,-0.02715825804430798,,-0.014812408538689573,-0.008153754724584336,0.0023067236997090707,-0.010882126301208588
2010-01-18,0.0,,,,,,
2010-01-19,-0.032944005097110075,,,,,,
2010-01-20,-0.009615347230635885,-0.02525158118873893,,-0.016440456770767387,-0.0061155623159090365,-0.026609283690854618,-0.010654386601861304
2010-01-21,0.051776124184756744,-0.02861780845431225,,-0.020570469800008834,-0.016437909177952688,0.0116800120780199,-0.019126657272987804
2010-01-22,0.004576614501600741,0.003752523064274972,,-0.002393452412529594,-0.009066325410674031,-0.02519865087998996,-0.02238977963010898
2010-01-25,0.013605605931889735,0.00601584683219355,,0.002025313529442607,-0.0026527130462255916,-0.00523053620238305,0.004587559053796009
2010-01-26,-0.022779876672203034,-0.004976093601329573,,-0.0038713129514156112,0.0003320005272608643,-0.010659617599602971,-0.004212057847785588
2010-01-27,0.004597656238712422,0.033118391111663835,,0.006810885812309167,0.0006637757403543064,-0.084228678941218,0.004868282868611808
2010-01-28,0.040454923507894834,-0.013360659662036756,,-0.006072124030313284,-0.009164412230966822,-0.026678395718943582,-0.011888125534279259
2010-01-29,-0.004415180832082001,0.014566539837624402,,0.0012906419003014399,-0.0020111207010627447,-0.008663939782718282,-0.009877799049982582
2010-02-01,0.026202599574279867,0.017124927017580522,,0.002393481908625174,0.017953089390149786,0.03747111878231992,0.014165305546369656
2010-02-02,-0.0350914460152172,0.007278214839159588,,0.012246046790095862,0.007386263835352533,-0.022262561830999106,0.0128895204452028
2010-02-03,0.0,-0.0005879007577769446,,-0.003275229481292595,0.002286387889473748,-0.0618645646251141,-0.005489350382538535
2010-02-04,0.03509144601521729,-0.06272290088803895,,-0.026594142093028763,-0.02729013156737135,-0.023543321907443914,-0.031635856049806906
2010-02-05,-0.004319611202851844,-0.030960925643408875,,-0.006383994573387926,-0.0021819863298594045,0.040007882928317556,0.0028929303608266027
2010-02-08,0.0043196112028518335,0.013052603682820489,,-0.008322298768742223,-0.009285412788736675,-0.025211448488179994,-0.008902803100374192
2010-02-09,0.004301135873000077,0.030977671677956176,,0.02550309942714624,0.018318570940148077,0.02373805610770367,0.01295584177358637
2010-02-10,-0.021692887701769015,-0.004544457116570183,,-0.004081850028078463,0.00548071676352772,0.01450563247781957,-0.0022350694280074235
2010-02-11,0.01739175182876888,0.0170380942112627,,0.007962461334257489,0.01332524266304348,0.004087293046725114,0.009633882335101287
2010-02-12,0.0,0.008310513704593061,,-0.0044367880900102125,-0.004421770171563568,0.013721473064123874,-0.0027483661199411307
2010-02-16,0.008583542044252523,0.013433757834103551,,0.015441536208291074,0.0063812369627807165,-0.013589982257370821,0.017840653536261433
2010-02-17,0.0042646583705220256,0.012666054981985203,,0.009260308244188864,0.012963960387084972,-0.02477486898525353,0.004229004596710374
2010-02-18,-0.01716781161762645,0.00607824803435506,,0.010427866691104593,0.0067392369098824186,-0.00962152021289226,0.006563157733795463
2010-02-19,-0.008695816364145606,-0.016555660012461032,,-0.00340364608972073,0.002077118083969059,-0.0012259658086983085,0.0021842348635910053
2010-02-22,0.021598969611250046,-0.013806975254759463,,-0.0061207612861500305,-0.003997708609404516,-0.005742456126453817,-0.0010464051249203224
2010-02-23,0.0,-0.01175557592016769,,-0.009981027258464958,-0.010146093851253288,-0.01910328119210903,-0.0121766449451987
2010-02-24,-0.025975293873021492,0.024568485442935183,,0.006000239966932559,0.0048441194401957245,0.03811793679118292,0.009673519697189884
2010-02-25,0.0,-0.01059926848989127,,-0.037684121686034674,0.003537703346716035,-0.005801679885379115,-0.0020832085528651543
2010-02-26,0.008733789403256175,0.0042131705088642515,,-0.0075588327583942854,0.0027246721403629414,0.012506056438796605,0.0014043925568579447
2010-03-01,,0.017857575691124873,,0.010378609932626957,0.015250781982668226,-0.016030633054668564,0.010107257423603737
2010-03-02,,0.00019668847510401506,,0.0005628712718790207,0.005816370578634805,0.010536221099760898,0.0023277310028862693
2010-03-03,0.008771991175200411,0.010561685854288703,,0.011750526327541552,0.009895315666175252,0.033301412348356714,0.00042910952140039855
2010-03-04,0.0,-0.03928293263106267,,0.009963071825939519,0.0020299297635699605,-0.019953587790981043,0.00372915607957138
2010-03-05,0.0,0.0036353585370054705,,0.004213472684933875,0.004047441534181193,0.01995358779098107,0.013910282801603982
2010-03-08,0.004357465141484825,-0.012170468941430573,,-0.004396836881194248,-0.0034237966553662224,0.01291338044125244,-0.00017561143217653642
2010-03-09,-0.00873378940325619,0.014184428838377746,,-0.005154705519365217,0.003268748196543142,-0.01642895058605407,0.0017112720239721047
2010-03-10,0.004376324261771412,0.013390797743039848,,0.00036929369186901746,0.001087180080639963,-0.004051502820662375,0.00451435490421295
2010-03-11,-0.022076018448219766,0.005938282511413509,,-0.0029808936949450365,0.00834585685873254,0.007567072965464223,0.00403337431350597
2010-03-12,-0.03636766809188628,-0.0013824773389261998,,-0.004675087129648418,0.0019987382996989535,0.000649475015771609,-0.0002173695700926971
2010-03-15,-0.0046403265964963455,-0.012128579548053518,,0.005607299326657525,0.0160007619926907,0.014186544397879433,0.00045209262343589776
2010-03-16,0.01843371295510802,0.026062522431801655,,0.0009321664492067209,-0.001210599881395873,0.01701402095338456,0.007749014983159959
2010-03-17,0.022574281733274627,0.008345869587311226,,0.002603226194951254,0.007539975141741427,-0.0016382303259276823,0.005804795332563638
2010-03-18,-0.004474121100308258,-0.0017409027477208157,,0.0020408740167191615,-0.0007521163857441658,-0.006197583289231897,-0.00032589912668909416
2010-03-19,0.030907604690012896,-0.003879782628386763,,0.014720176193472833,0.0006012464547762071,0.00947115017070676,-0.005099426451612706
2010-03-22,0.004338351222660904,0.004073318899129223,,-0.003843181636484751,-0.0037634025261455936,0.007887510065934298,0.005082359099180065
2010-03-23,0.01716781161762643,0.0050202114899949735,,0.013837958124625802,0.008260888339561935,0.026579458133667532,0.0071453777848001715
2010-03-24,-0.008547064541774535,-0.024567606247564294,,-0.012372493353632299,-0.009014720274925704,-0.009394334944857021,-0.0055084478872883084
2010-03-25,0.004282406171252544,-0.009719538511119282,,0.0032902418225312364,0.004367287872014217,-0.01544071267835139,-0.0017056210833286789
2010-03-26,-0.008583542044252613,0.0029857122486914526,,-0.002741115851537171,0.000600691593677396,0.013979480598670466,0.0007374506159884132
2010-03-29,0.008583542044252523,0.007325987676934323,,0.0021934934489982703,-0.0006006915936774027,0.002844344873084728,0.005667146312798056
2010-03-30,-0.008583542044252613,0.0011831640214414096,,0.0018241279841078489,0.003300148950976391,0.0033284154596662533,4.26584629303888e-05
2010-03-31,-0.004319611202851844,-0.0059292176402967285,,0.002366322412896918,-0.009178044814368246,-0.01026774389090105,-0.00327824231803275
2010-04-01,0.04651998716691722,0.007700966127529648,,0.005439423536635207,0.00782922701919514,0.0008696427448500931,0.007386454005524301
2010-04-02,0.056239557189671205,,,,,,
2010-04-05,0.0193428368969357,,,,,,
2010-04-06,-0.011560504426198525,0.006081610715867908,,-0.010444725594353768,0.006194851933377386,-0.005181995484938174,0.001682878875349027
2010-04-07,-0.0077823324707371935,-0.005688040319689192,,-0.008694634618122369,-0.006043037529104964,-0.011446148744299603,-0.005894042967262019
2010-04-08,-0.003913854627541714,0.00646993554179207,,-0.0011158565197375578,-0.0003032700898165262,-0.005520354839902047,0.0033686614308549275
2010-04-09,-0.007874061289635257,0.01512807544758406,,0.015320970689838608,0.0058942992974978705,0.005520354839902057,0.00666166829683167
2010-04-12,-0.069557677240497,0.007670214436514717,,0.003109439991413215,-0.0006026792930226116,-0.004640218857045592,0.0017650508571401095
2010-04-13,0.01680702806524329,-0.018508280755072118,,0.004736876160090152,0.0010546876144462316,-0.006558263197025264,0.0006851660398368415
2010-04-14,-0.004175122131542454,0.0013613457992720085,,-0.001273252869069404,-0.0015074579680023907,0.016316026859068307,0.011088363099908616
2010-04-15,-0.004193032136352501,-0.016458134335591467,,-0.012636194804807469,-0.00030142243974847106,-0.003367091131407567,0.0008421839911768203
2010-04-16,0.0,-0.01653229788566804,,0.012999999220267055,-0.00196389110489117,-0.008656115760754646,-0.016257982418547083
2010-04-19,0.0,-0.009890210240614723,,0.006347355598381286,-0.00030229658514630567,-0.003913050110571308,0.004511140739529798
2010-04-20,0.03306068599357222,0.01309828809315572,,-0.015484610446339503,-0.003332740900271,-0.003802057860256606,0.008026045737071379
2010-04-21,0.0161294909256882,-0.011072196276543638,,-0.005153726313858546,0.001212957064682152,-0.008542977966747498,-0.0010195164357019706
2010-04-22,0.0039922641224816435,0.0010118960953352245,,0.0022118602266708136,-0.018663108920825986,-0.011462564235241536,0.0022613206430901964
2010-04-23,0.035228474997977766,0.004567850713732117,,-0.00794871656948653,-0.0007731458417602172,0.005683146554650249,0.0070982676832182495
2010-04-26,0.011472546090390704,-0.003056622143802294,,-0.002787867985734137,0.004779364673307739,0.015083893055318452,-0.004305704355093108
2010-04-27,-0.011472546090390714,-0.026260022451521873,,-0.01613540710733206,-0.01222396219907047,-0.023490842288683544,-0.023659640178701643
2010-04-28,0.011472546090390704,-0.013711988101229027,,0.00922531427321768,0.008062948082519224,-0.0019504818975318338,0.006441958378180898
2010-04-29,0.029964714612021732,0.022473024601501294,,0.007095730895029094,0.006925950679340752,0.016392995910301755,0.012860180281289574
2010-04-30,0.011009423842629217,0.006211124860694525,,-0.0054107655419254426,0.0003065614455936931,-0.013144668587979406,-0.016787810139866296
2010-05-03,-0.01841677978333754,0.004735813386122296,,0.005782994583644901,0.007180578280696532,0.0077529858020446716,0.01303525745326214
2010-05-04,0.02568928020981498,-0.01761492241082703,,-0.010847381109456792,-0.003965852847653817,-0.020809718525813453,-0.024127199957418213
2010-05-05,,-0.006292345638226137,,0.008985436718599148,-0.0035212868786363583,-0.004214373671877702,-0.006608341800780098
2010-05-06,,-0.01462330768460646,,-0.0256713891010055,-0.007698826992189572,-0.008482482385269963,-0.032888440643963665
2010-05-07,-0.04112727321973449,-0.022453653550111488,,0.0070494147427999235,-0.002011108284757287,-0.0031994134972718738,-0.015426646180907493
2010-05-10,-0.003824237483595782,0.08553646292130959,,0.025678527655527132,0.02809809256469474,0.02453286547704431,0.04303470414561544
2010-05-11,0.0,-0.0145367485486604,,-0.00798859178858581,0.002105977752404614,0.009208292226027238,-0.003403075918466228
2010-05-12,0.026466998570929625,0.005476307068506043,,0.007619109265436556,0.00584317176091877,0.011296635429536874,0.013645992401824483
2010-05-13,0.054459637998028436,-0.005476307068506158,,-0.009859764643168496,-0.0068959850854824305,-0.020114318694465245,-0.01221949988922511
2010-05-14,0.020979803736059146,-0.030142664643629916,,-0.0028081048637704693,-0.006186345296714701,-0.017076301260437517,-0.018978981387949807
2010-05-17,-0.02807195078456584,0.015391366168629647,,0.001311304290055795,0.010239675065460105,0.01837798772097176,0.0011087536210084368
2010-05-18,-0.036235869035580535,-0.010790993487890617,,-0.005821237629662681,-0.0033015181215509137,-0.017186249787907205,-0.01429763178499772
2010-05-19,0.03267075782126849,0.013058692747041327,,0.00037659570995291836,-0.007392069050604924,0.0018507481134828693,-0.005143468860015588
2010-05-20,-0.003577953144941641,-0.03265267804651339,,-0.03019517660337677,-0.03356733116875783,-0.022844949093658688,-0.03975579583776626
2010-05-21,,0.02666306981386739,,0.0009695148117002859,-0.004393805909288869,0.021258590370470894,0.014912632585704338
2010-05-24,,-0.01587005887331695,,-0.002522806630914393,-0.004098131322892996,-0.014524969102466282,-0.012992046323687721
2010-05-25,-0.02189869783488289,-0.008242735573073725,,-0.016458439498100413,-0.006814098791350518,-0.005518671731045559,0.00035387476465256084
2010-05-26,0.0036831145698717647,-0.019717717766230398,,-0.010724434052631453,-0.02675017563537557,-0.028475108565915452,-0.005677078693651669
2010-05-27,0.00732630927275733,0.06453825000159383,,0.022703203291566543,0.026908948062564702,0.023740478871847426,0.032347311768677056
2010-05-28,0.0036428613564762173,-0.02819405151300059,,0.0033129165256168243,-0.00015877242718909085,-0.019168414325968806,-0.012451892345405802
2010-05-31,0.01801847262216311,,,,,,
2010-06-01,-0.0550597658092642,,,,,,
2010-06-02,,0.03168332890013235,,0.021601349209952055,0.01876974180551469,0.007383028407185883,0.02551442810834267
2010-06-03,,-0.008392490695606481,,0.006466203119342361,-0.0014196967166287913,0.009255914317301443,0.004043191983442443
2010-06-04,0.015038065486865725,-0.04606014580471104,,-0.02845734119490554,-0.030929598113172297,-0.02252904988912163,-0.035017442089831104
2010-06-07,0.007434802543160753,0.007932494679262823,,-0.00920964051587096,0.004709202110391218,-0.023192221506149014,-0.013624466165715648
2010-06-08,0.029199170111847552,0.014626407446229719,,0.014849576816911353,0.014793962274208329,0.013013814290144239,0.01091626764351899
2010-06-09,-0.01814946052260766,0.0035711133549584458,,-0.004080892956201576,-0.002557191919077915,-0.012870003209475572,-0.005959396741888012
2010-06-10,-0.007352890218459522,0.029748138954787246,,0.021195415744739477,0.021372930832711377,0.022626590158971116,0.02907984566617691
2010-06-11,0.014652285199105467,-0.011669692912971909,,-0.006946191270221474,-0.0043953144061669785,-0.0036651317506100627,0.00437011574261751
2010-06-14,0.03220320100712923,0.02078748330596167,,-0.0027137330278334633,0.004552289661649848,0.0029610146513681665,-0.0018062939317567235
2010-06-15,0.027779578063689133,0.04283687397591179,,0.01292306365071903,0.006089277141706997,0.02804596345624502,0.02322245059850045
2010-06-16,0.0,-0.0052310073285303915,,0.0042074609020604494,-0.005149995792532109,-0.003566101389513526,-0.0005560893540954269
2010-06-17,-0.006873298435426941,0.008510594254233112,,-0.0007639108844351049,0.009034037928745813,-0.006478777675792169,0.001282185812389404
2010-06-18,-0.0034539460143503333,-0.012988354077208733,,-0.000955485709400533,-0.006377668159167472,-0.011964752062161244,0.0013162641384549061
2010-06-21,0.0068967490805749735,-0.004694124087863875,,0.0032448738219232175,-0.0009369836088086145,0.005722154494755768,-0.003864297943398893
2010-06-22,0.003430495369202443,-0.01401636807508692,,-0.0003814493559556273,-0.011309959409246822,-0.008244350995277728,-0.01620122508698942
2010-06-23,-0.03130704818583637,-0.00238874463899469,,-0.004202580196223897,-0.009045772370368623,-0.005910672052832213,-0.00298993926106872
2010-06-24,-0.0035396152089516857,-0.0051944581731568195,,-0.008458338292256035,-0.005274291370036491,-0.0059454958761961055,-0.016946283204951274
2010-06-25,0.017575026246799783,-0.006632638438410633,,-0.030180346482818005,-0.026468938357110866,-0.006123859100013001,0.002855281931545411
2010-06-28,0.010398338712561262,0.0016119599124241667,,0.01618331312809607,0.01939262649324055,-0.007888239442504793,-0.0020360096106544403
2010-06-29,-0.020906279628262185,-0.029627488638014662,,-0.014791686854960386,-0.01185185427723275,-0.014065402061574297,-0.03150823034220891
2010-06-30,0.01745233361391185,-0.004364565559609548,,-0.004180702200528977,-0.004583406666160386,0.0013132303306884242,-0.01016445397333528
2010-07-01,-0.0532983959775173,0.024687461029581657,,-0.0017976209094163757,0.009308619374031978,0.0018941495753353466,-0.0032457133092441124
2010-07-02,-0.03339843183062475,-0.007137556121676723,,0.0003998478930881683,0.00016258982781026853,-0.006425162763681175,-0.004673271754301508
2010-07-05,-0.011385375013279355,,,,,,
2010-07-06,0.044783806843904025,,,,,,
2010-07-07,-0.007326309272757399,0.01868095286168194,,0.020412656818858024,0.0207116829414577,0.013755900094827012,0.030850023008263838
2010-07-08,-0.011090470510580147,0.014889694306244363,,0.01828916623857713,0.01686030374209681,0.0029534987419668484,0.00936865495165787
2010-07-09,0.03290970668177554,0.0072670537492961025,,-0.0003815875263064296,-0.007843150555713715,-0.0019678181604417667,0.007178063766629461
2010-07-12,0.014286050134068544,0.00532133917431268,,0.0009537257590520042,0.0037723862022721807,0.0,0.0007326336059528174
2010-07-13,-0.02150647660602917,0.01710084932947587,,0.005134744869460133,-0.00487513397309532,0.009104290046982665,0.015261822735573064
2010-07-14,-0.007272500426477317,0.0024191646480498027,,0.0018945072855943799,0.002047203882588403,0.022336370945438132,-0.00015514366479341991
2010-07-15,0.018083380833697732,0.010171158718814579,,0.0005674517554811612,-0.006313288623744689,-0.012899587932557976,0.0011953885564136067
2010-07-16,-0.04396297582006538,-0.027986767734106292,,-0.009123293183730504,-0.011304848947242813,-0.02305411771780642,-0.02924290970075012
2010-07-19,0.003738549229797263,0.0045308605721566765,,-0.0019113999734641425,-0.006425662520134402,0.006621081035192788,0.005964069587908596
2010-07-20,0.029413546183047715,-0.011175494852968268,,0.018387465821255333,0.042284089211922414,-0.014567470151498278,0.011351874168992774
2010-07-21,-0.007272500426477317,0.008346139188936204,,0.015654128860009855,-0.01212341114139254,-0.014638692640229588,-0.012902699582286207
2010-07-22,-0.025879594986367625,0.027020927364264626,,0.0033231151921333463,0.004057814129002579,0.02244385233627645,0.022263687822425646
2010-07-23,0.025879594986367493,0.005135148110901843,,0.008990274282711815,0.003730459694659888,0.008025366054323376,0.00818642018434479
2010-07-26,0.02166133397863953,0.007108142699631225,,0.003464054155955189,0.008189930296400357,-0.005766177775433089,0.01113790871672976
2010-07-27,0.02469266930066697,-0.006559770754211777,,0.00200056642290569,0.010867553175928702,-0.014204717893190043,-0.0010499083075197902
2010-07-28,0.010398338712561262,-0.017706052875044228,,-0.003093038445244829,-0.007487637313826975,-0.001718085863989221,-0.006946032638280118
2010-07-29,-0.00692019802536229,-0.006721540181302946,,0.002002068336893038,-0.004766091910159407,0.00271918946600542,-0.004167292220516642
2010-07-30,0.034133190673611945,-0.006012811446540395,,0.0021799566015957297,0.00030826939137752117,0.003708809649551229,6.349719619899018e-05
2010-08-02,0.019934303799759683,0.027877931387893424,,0.0233153913569122,0.005530841596490273,0.02544593060038805,0.021783528781166763
2010-08-03,-0.009917560771357017,0.005118594292189322,,-0.0005321852665025784,0.0076313645010329945,0.010082414886855656,-0.004807894641330393
2010-08-04,-0.013378295331877193,0.006543275526199853,,0.0030107615392085505,0.006063511359709952,0.020133829150658353,0.006032878060028029
2010-08-05,-0.013559374616973057,-0.024574972157060733,,-0.003188108594208574,-0.008955990580958853,-0.02744393060158891,-0.0012693298432147424
2010-08-06,-0.024180937753092237,-0.024433067585082933,,0.006719049099633559,0.0048670138317089846,0.0038686050831257205,-0.0037109155663972966
2010-08-09,0.0069686739999277915,0.001521045973542139,,0.006323370183233389,0.007859944424220855,-0.006224307552856638,0.005468087107405527
2010-08-10,-0.04983214396650533,-0.007819075564623938,,-0.0022786525673302582,0.0016546525499693426,-0.002779096199145095,-0.005985281603927613
2010-08-11,0.007272500426477325,-0.026776892297209323,,-0.016635274016718937,-0.016366456746026648,-0.028938474959800068,-0.028583405997961563
2010-08-12,-0.007272500426477317,0.04235478794698879,,-0.0062651781556405306,-0.004133764725670154,0.004715377367587889,-0.005393266400071399
2010-08-13,0.0036428613564762173,0.0035750582145664548,,0.0007183053155723651,0.005812824263267415,-0.003999566328879809,-0.004031690712189038
2010-08-16,-0.0036428613564762824,0.005058518429494535,,0.0026879393366911865,-0.001984594127157793,0.008692493404992637,0.00012045128871151444
2010-08-17,-0.014706243213409492,0.002799360155143154,,0.004285619734997408,0.0018324760687638709,0.0024091819264206163,0.012118489601347648
2010-08-18,-0.022472868030026655,-0.0016785542069514463,,-0.005002108235162769,-0.00045811423347880186,-0.0002830382338291626,0.0014816804859392602
2010-08-19,0.04445161166991339,-0.024566764791265492,,-0.0100791191172208,-0.013212473276916254,0.0088802917323487,-0.01708043585689712
2010-08-20,0.01081088040722042,-0.010964595386792248,,0.0003616546122486868,0.002163070462063493,-0.01171596903535769,-0.003669753922919338
2010-08-23,-0.04396297582006538,-0.0029059559032004103,,0.005409969999859354,0.00030879371567208813,-0.006695838050387118,-0.0040484907945532
2010-08-24,0.01487017114373833,-0.008180619654921582,,0.0010790077820165668,-0.0006174899097180747,-0.0028624698348456274,-0.014618768361991257
2010-08-25,-0.00740735594070836,-0.002349816391522224,,-0.004862245020965665,-0.0032474151114584107,-0.010085380441280418,0.003283944691638116
2010-08-26,0.011090470510580187,0.00215433274130567,,-0.0041614063094786245,-0.006837587667267048,-0.004935197843893719,-0.007714466580892417
2010-08-27,0.014598809699234681,0.014757573970351273,,0.017967049653145013,-0.00015590007772019272,0.009269964564771962,0.016450710403283032
2010-08-30,0.02150647660602919,-0.013389461137144402,,-0.010921568442586554,-0.0081427395418158,-0.01613299111717078,-0.014828611113085734
2010-08-31,0.0035396152089517464,0.015122542941724711,,0.005923145343147093,0.009077775643891433,-0.006025485824728904,0.00039071808849260096
2010-09-01,0.017513551725047063,0.04238331908840263,,0.025268691095485674,0.018508921106152775,0.014487846404108187,0.029077736386750194
2010-09-02,-0.00696867399992785,0.01337368994852837,,0.0012205394483426324,0.0012323636075807602,-0.00890204699194392,0.00903985298673457
2010-09-03,0.027588302931343175,0.003633185413470189,,0.0031319704989096592,0.009192694859524468,0.02160618959000965,0.013132393793160998
2010-09-06,0.016863448642661767,,,,,,
2010-09-07,-0.006711439203939739,,,,,,
2010-09-08,0.02329585610323432,0.02400564266012902,,0.0034642350431496305,-0.0007636347298096398,-0.001734721816983219,0.0064180594909031665
2010-09-09,-0.006600846342347105,-0.010840476596216848,,0.007922865168960588,0.010188139244554325,0.02260180180372298,0.0048206520589967215
2010-09-10,-0.020067655840523183,-0.004551450600436531,,0.003938177191160321,0.004678405152514077,-0.0014155493175858536,0.004851545040690317
2010-09-13,0.04621279480423896,0.012332299651667522,,-0.0008611250615356454,-0.00241195769724252,-0.004400603527140723,0.01106912660314444
2010-09-14,0.0128209277197617,0.006646999786261791,,-0.007611470589604824,-0.004083781133337486,-0.006995380713636688,-0.0007133739296067345
2010-09-15,0.006349154289786682,0.007847575314058266,,-0.002956003090811389,0.007850344163230516,0.020139359768363587,0.003534883802268771
2010-09-16,-0.038714374630917196,0.0003549340414626895,,0.0015666091838377426,0.0016527889794766416,0.00713578910182441,-0.0003644100558466401
2010-09-17,0.0,-0.01701459130465733,,0.0008683681442091018,-0.007383653413985569,-0.003071922016133139,0.0008265141149324639
2010-09-20,0.022764948338217558,0.014347436421083437,,0.007097973686169576,0.011578163860126363,0.00932556280401299,0.015095287889557545
2010-09-21,,-0.00035646106797622635,,0.002412330367406846,-0.006449067874311164,-0.007649085324969425,-0.0025673131207138568
2010-09-22,,-0.0016042477709067354,,0.002062785433147079,0.0030046693286601284,-0.0011172080425473666,-0.004837172794451643
2010-09-23,,0.006579432450904803,,-0.006202024010937153,-0.013137438048253803,-0.008139347406453895,-0.008366240177841381
2010-09-24,,0.03739918703293138,,0.01287673474600725,0.005154945973160323,0.029023875599449633,0.020972915547808245
2010-09-27,0.0,-0.014619019876521177,,-0.00034082814788526973,0.0036228686447786164,-0.0008835472285190259,-0.005683553181933576
2010-09-28,-0.03144907591887537,0.021085899334186274,,0.008496028810357365,0.006158435405941129,0.01030546175793064,0.004838660735848585
2010-09-29,-0.029175307946480083,0.00895052091775156,,-0.005769480412335596,-0.0004491906980108062,-0.0020527514741391466,-0.002591112883144724
2010-09-30,0.006557324339610295,-0.012348923164334507,,-0.00409272155757158,-0.004655264012531154,-0.019643397909175957,-0.00308848670645526
2010-10-01,0.025807896001520107,-0.0015332925201764207,,0.010200567313473512,0.008393572256627199,0.0030686023676567056,0.004406714359894576
2010-10-04,0.01265817519221292,-0.01840907639623441,,-0.004067643815083751,-0.0019422911236793975,-0.014166373847683204,-0.008067386519721716
2010-10-05,0.009390009635185272,0.02926044003366419,,0.013160184816902044,0.0132215414389924,0.017364728651830665,0.02064672250716406
2010-10-06,-0.0031203923564283825,0.009900308710239775,,0.0023440763523711705,0.005151685450449043,-0.011730412803898456,-0.0006722304595956211
2010-10-07,-0.012578638181183203,-0.006365327909090245,,-0.006038180467719714,-0.02995477665260455,-0.0005620680261262534,-0.0016478755817934904
2010-10-08,0.012578638181183129,0.0345174570949402,,-0.000505014233524125,-0.005309602971162095,-0.0011250060578886383,0.006103613171284074
2010-10-11,0.01550438244903339,0.005504302813037589,,0.0025217948391472117,-0.003504034742304777,-0.0028180253705226877,0.00014582627318711122
2010-10-12,-0.024923800944194042,0.005634889757692092,,0.0006712878885250099,0.008510649562076675,-0.0116379576926266,0.0038114836641496563
2010-10-13,0.021842021286994487,0.02238353232312456,,0.005688913669521311,0.004830944682361624,0.0035625586077630196,0.007095785561559261
2010-10-14,0.03338699959348906,-0.005036136668507819,,-0.0005010076471936267,0.003608163708727608,0.02902030186125424,-0.003648032184403023
2010-10-15,-0.024170302157400576,-0.0104679900758084,,0.0005010076471936806,0.0005997714126982213,-0.011954830636584694,0.002025432873275127
2010-10-18,-0.059860461183018236,-0.004954704942549332,,0.001000124490598724,-0.002702881167232642,0.014852150475396425,0.007217634690706231
2010-10-19,0.006472440764364458,-0.016641630716246355,,0.005650373897774264,-0.01652695659298234,-0.01709216161558915,-0.016004644029054833
2010-10-20,0.03174872019073168,0.013431677147276172,,0.013335091532018156,-0.006749611076411766,0.0047539333282569955,0.010469082613678416
2010-10-21,0.01550438244903339,0.024296671483012934,,0.005219487324400953,0.003227140643757483,-0.0009767468432237392,0.0017723369527991779
2010-10-22,0.03328567048768727,0.00015669755017078986,,0.002274627842486434,-0.002611480196343013,0.0011163713019916857,0.0023864087842906394
2010-10-25,0.0235307961446798,0.002037211203168703,,-0.009786687213036467,0.0006152816428311142,-0.004753503004069916,0.00214467014688162
2010-10-26,-0.0029111061902499565,-0.018325921724832966,,0.003763184944182415,-0.004005157182075686,-0.006890115782567862,1.6885142218022246e-05
2010-10-27,-0.0029200285019812615,-0.023879792560125217,,-0.0008168754558968714,-0.008058375892252176,0.0005642092047489487,-0.0026942096392165637
2010-10-28,-0.011764635908067981,0.017321398807777146,,0.0003268099718404908,0.011448251431496782,0.0030976304069190203,0.0011242172367564925
2010-10-29,0.005899725064651471,0.009424043753204872,,0.0017955988339716544,0.004451098951348648,-0.004367470144760062,-0.00043938381356833266
2010-11-01,0.0599321358244311,-0.0006360156398746182,,0.006339929320486568,0.00382078159311726,-0.01694600817322992,0.0009460857172530168
2010-11-02,0.016484163992768464,0.010287276774057209,,0.0024276170588753815,0.003806804250590238,0.00857993184343273,0.007729336064693736
2010-11-03,-0.002728812283688158,-0.03021081433166334,,0.0014540471678551698,-0.00916041392025134,0.006811444190472405,0.003671306443685746
2010-11-04,0.013568901455105116,0.01609814686708613,,0.0080376428492656,0.0022977925526831374,0.028167025715008617,0.019099304409664532
2010-11-05,-0.024557564776906394,-0.017072460184372817,,0.0020803275475125204,-0.004140045311093239,-0.0012381973179065918,0.003915079053611362
2010-11-08,-0.0027666883872791083,-0.012586667092480056,,-0.0019191621052699684,0.0004613815051860041,0.01502944556362268,-0.0021232098228606586
2010-11-09,-0.011142184411276946,-0.005608990711009758,,0.0028774132939436274,0.0029136993297676885,-0.008717012757284842,-0.008084894540661062
2010-11-10,0.04115839277175788,0.0016529925366242512,,-0.0014382177074207738,-0.0007664054673164951,0.025659803463338647,0.004366533579725262
2010-11-11,-0.046776185304827085,-0.02457691503130103,,0.003989436622104218,-0.0053781948473208335,0.003327895069372535,-0.004251149890857143
2010-11-12,-0.0028211161798962206,-0.006452695466447168,,0.0019088805065044037,-0.004014625387624529,0.0034491397802631743,-0.011878766244753407
2010-11-15,-0.002828960783563352,-0.0013640953114440052,,0.0006353531198440472,-0.003408928762190125,0.0019844361870539353,-0.0012181773094550822
2010-11-16,0.025176742295084712,-0.020334685447626642,,-0.014075576101076528,-0.005916452605655221,-0.009695090692175112,-0.016338157414688127
2010-11-17,0.02724951997320182,0.023060464920468732,,0.007062702056532547,-0.0015623321588746088,0.012203492322679992,0.0002121403759877297
2010-11-18,0.010694972610772265,0.03296546927172748,,0.02089356147030011,0.012897232362819514,0.01880689474502623,0.015240583543647691
2010-11-19,0.0,0.0018091533924394392,0.0020450753309067906,0.0074903784780466585,-0.0009268652676236492,0.015151591880157437,0.0025371519119104955
2010-11-22,-0.04071118097125339,0.0006570875669662154,-0.00526767079878009,-0.0007776472218600084,-0.00015488059848608996,0.0,-0.001576608885061296
2010-11-23,-0.03094458476742857,-0.02797394792826641,-0.024656000750851163,-0.010165418612992576,-0.012598199780547705,-0.013341943943149304,-0.014387031590549965
2010-11-24,0.02817082338363877,-0.00881944646426471,0.006893441513918509,0.015441667701102368,0.006863317054718791,0.019186756942935097,0.01481271551861717
2010-11-25,-0.013986215560556221,,,,,,
2010-11-26,-0.014184607823082557,,,,,,
2010-11-29,0.0056976128482009334,-0.02729294374096849,0.0,-0.004407385834233073,0.0017194962806280432,-0.0014045079963073415,-0.001379810265237083
2010-11-30,-0.020086392234867023,-0.019467128518703827,0.01176468344062958,-0.0034768620545447297,0.00963961276468732,-0.007182491580132519,-0.006088715610163862
2010-12-01,0.03698835266834024,0.03047366350761831,0.016817186120078098,0.02393201259755732,0.0228089595188605,0.024036175306033556,0.021386622263129783
2010-12-02,-0.00841496545859165,0.020273393668696862,-0.0028794474777419365,0.003086389746188764,-0.006573399160317077,-0.007061675991140293,0.012737100160620848
2010-12-03,0.03596506840505882,0.0037990074407327256,-0.00375525060619025,-0.006182430403485914,-0.0004607221691263488,0.00037954817816199504,0.0025998540163515035
2010-12-06,-0.01643840307343366,-0.009698822176105711,-0.0020285633410691267,-0.007938410763575392,-0.006774183761535804,0.0011377103332306405,-0.0012990821033003648
2010-12-07,-0.016713553195597735,0.003994791204317862,0.005783813947259436,0.0023413246118705686,-0.000772646930532068,-0.005956566046690169,0.0005149475844580072
2010-12-08,0.011173103424528853,-0.002603459205746344,-0.006654043144963445,0.0038902265739584503,-0.0007734348564892055,-0.003948192203155867,0.0036949257526148233
2010-12-09,0.024692592986813203,-0.005926458453912263,-0.020825114604153316,0.006810027402918025,0.0013912577630447996,-0.004989412804310654,0.0038353835670092563
2010-12-10,-0.04149992472726561,0.007489478787168257,0.002072627760690814,-0.002780048381170824,0.002777575760779784,-0.00914776570187127,0.005983703744360294
2010-12-13,0.014025519372511237,0.003982936418080885,-0.00029589209453974216,0.0030886774282005585,0.009660689790491114,0.00927585828768273,4.8319150458452794e-05
2010-12-14,0.013831521957181016,0.0005185207972346421,0.002659350447481042,-0.014757657494937614,0.0009149531338717456,0.0007695719346854878,0.0009105416846800492
2010-12-15,0.0027434547299646423,-0.013390449111727853,-0.008296314112626105,0.013059636944553239,-0.0053504031088458725,0.0012801846427922588,-0.0051356170153353965
2010-12-16,-0.024966267743733287,0.005934639564584871,0.0,0.009225252580976525,0.007786973491811278,0.0020454209029923164,0.006166045704273937
2010-12-17,0.0,-0.0012187341296156506,0.011536947024209272,0.005494669293424967,0.00334051492941992,-0.010527421787782014,0.0008364544598930705
2010-12-20,0.013946864808318579,-0.006117569858356877,-0.007084199243775924,-0.005954128711214311,0.005140519553056303,-0.0032320298159488055,0.0025451114605429463
2010-12-21,-0.016759976944346028,0.010290656319800025,0.002662345243854511,0.0027526536360674087,-0.0138184761360488,0.010049098296687433,0.0060119938497866
2010-12-22,0.022284790315098384,-0.002606361368163458,0.031120763610334137,0.0015256291002827419,0.004272154978516695,-0.004110503531367396,0.0033738576255426243
2010-12-23,0.0054945895646623015,-0.0031362868064066115,-0.0031548256628683587,-0.00015242059877776582,0.00015246748791564345,-0.0003864095563340537,-0.0016456817776046477
2010-12-24,-0.022161587346691634,,,,,,
2010-12-27,-0.03419117974281785,,,,,,
2010-12-28,0.005780435424835224,-0.008211788446714099,0.020595441444171712,0.004446226386070559,-0.002142285683295955,0.004483088857116372,0.0007710265951420123
2010-12-29,0.025826098969639517,-0.00035101695236199466,0.01962493296758118,0.0013760320878080554,0.0007658308802418725,0.01080374559822848,0.0010086365106648648
2010-12-30,-0.017143078325430237,0.0061237082162506245,0.02196668214973101,0.000763383368952615,-0.003219493178432967,-0.009526637623036573,-0.0015093576964174303
2010-12-31,,-0.004195064928616796,0.001086062287797112,0.004113918093223319,0.003219493178432951,0.0035670506552117343,-0.00019080765268397786
2011-01-03,,0.009414409568822214,0.005411160202529439,-0.008397808695076833,0.006408244049163327,0.010122931843529913,0.01125129414776139
2011-01-04,0.005633796474381299,-0.005044939476161197,0.022412951099177323,-0.02091616100410206,-0.005184603771916815,0.005398888621821847,-0.001313924652635054
2011-01-05,0.05996368858692958,-0.009110026170601446,0.004475280897303147,-0.005967301027407536,0.017879472793829017,0.004248073209332404,0.004994676074308499
2011-01-06,0.026110794891591294,0.004390187475581837,0.021568004333172405,-0.007271503002333178,0.003747031175725101,0.016570446584400895,-0.002125214370637225
2011-01-07,0.020409039653086065,-0.0082694876370676,0.0020543888141186352,-0.001746897752798508,-0.006755298698292345,0.011219888162436785,-0.001846485769081899
2011-01-10,0.0,0.00017684571033049708,-0.010833352260087024,0.002222875276395774,-0.005134030540524507,0.003752453702553876,-0.0013772751808198854
2011-01-11,-0.010152515597070196,0.007566763778117955,0.004915513542772999,-0.0058849056196734525,0.004230107560180291,0.007342474811025302,0.003718206258407198
2011-01-12,-0.012836914188216812,0.018585132307333618,-0.0033605640295233303,0.005567612444673559,0.0060125600169350325,0.012632869368524124,0.008967253798850817
2011-01-13,-0.007782110041008982,0.009760996892915165,-0.0091034905645023,0.005694179818006457,0.0026935621396938173,0.011187470768576206,-0.001712211240459357
2011-01-14,0.043318648849987325,-0.013208422082736215,-0.0018313323943310385,-0.004267836472682192,-0.0019446428600743348,0.006653063635898003,0.007357410347301483
2011-01-17,-0.012547109023691428,,,,,,
2011-01-18,-0.022989429785286963,,,,,,
2011-01-19,-0.0025876231199403617,-0.009279712325309369,-0.016704712174767954,-0.0009450041473150745,-0.01011598999592772,-0.013950068189940611,-0.010167165793385584
2011-01-20,0.005168013252141363,-0.017925764472609424,-0.00589982518608694,-0.007757072951778778,0.0,-0.007648276266051319,-0.0012957984038339024
2011-01-21,-0.04480311045830088,-0.0025104823363863594,0.0016125486251130335,-0.002545738917811744,-0.0004552665651248552,-0.016327295861953903,0.0024106376042604427
2011-01-24,0.010723731583071107,0.016382406089586746,0.010683718082064456,0.007617856498911774,0.004694890043201814,0.01800561710969291,0.005819315234595438
2011-01-25,0.010610519863649448,0.016117872334304655,0.01999019425475402,-0.004595285679604549,-0.006214380689067161,0.0043020983118609605,0.00026342777361852736
2011-01-26,0.041349219873944874,-0.0013913319985716121,-0.01337017717605321,0.0,0.0013675332833508454,-0.018899042192945515,0.004212024148480004
2011-01-27,-0.007623836806348696,-0.017379360103701814,0.020376863930312954,-0.004138083828603577,-0.004565923692541471,0.014956198856527301,0.002241791060799816
2011-01-28,-0.04167273143127206,-0.025104474948153967,-0.05501555970421412,-0.007845611562918613,-0.0178515002198774,-0.026322220655876454,-0.018013805424182846
2011-01-31,-0.049056308643961204,0.00434850995585114,-0.003010077058222933,0.010234853189503079,-0.0013987491779643543,0.010028295242585717,0.007633349932881147
2011-02-01,0.011111517224151088,0.00648775707269252,-0.0010968687466276562,0.0031771927364890305,0.011441184303959722,0.013416600839869916,0.016555791837834375
2011-02-02,,0.010364528456695119,-0.02135083973098318,-0.0030173671491319698,-0.006168228323145371,0.020322526100681446,-0.0027262302593629275
2011-02-03,,-0.004454136254527359,0.010593466535642975,-0.004624942533804094,-0.0072967785196949055,-0.003771507317084585,0.0023514322901266806
2011-02-04,,-0.007348298814625944,0.014590915393063885,-0.00015938363808413943,-0.005311482190300954,0.0008262335376317394,0.0028801110627525582
2011-02-07,,0.012513644306884446,0.003001442127962264,-0.0006395641952024714,-0.0025093677565350375,0.004473329124083387,0.006220782345952654
2011-02-08,-0.021858841641737126,0.0031924702251840214,0.005164136228199881,0.005582219075476924,0.0076654663658486406,0.03961400170290809,0.004176020375839696
2011-02-09,-0.028013404661336,-0.005682761011440536,-0.013097405883443209,0.004443955006365665,0.003888353061484854,0.011896746909691244,-0.002789653077800705
2011-02-10,-0.005698138305942479,-0.0069701602354516655,-0.014663225705941111,0.006156672385279053,-0.01659142794559784,-0.009078196946718091,0.000749212207498601
2011-02-11,0.002853263949672811,0.004116236518019085,0.01576151103549864,0.00047186717295745955,0.0080171017477695,0.01375311980133278,0.00549226150188646
2011-02-14,0.03911165179901042,-0.018203332019555128,-0.004399404038730928,-0.006786752185594393,-0.00833308195363647,0.03018971014217585,0.002382084644068833
2011-02-15,-0.013793532246600407,-0.00018189210005852498,-0.004972201032346662,0.0007915936839443839,0.015820307234996635,0.0017223293943258546,-0.003240154691578971
2011-02-16,-0.028171383502082703,0.00018189210005854298,0.017568418404845524,0.0033177120702464024,-0.006079232136872032,0.00760766772813791,0.006237938698850808
2011-02-17,0.01699805828382402,-0.0014562613518583286,-0.010394096010597454,0.017976140346867977,0.01150314751161093,-0.0024582274172266477,0.0030709708803804935
2011-02-18,0.008391692798960923,0.0,0.00384188813655779,0.0,-0.020139310865975188,-0.002678897240687499,0.0019228727220244875
2011-02-21,-0.005586652404029943,,,,,,
2011-02-22,-0.028411031548893878,,,,,,
2011-02-23,-0.02037922636137347,0.014388931940505922,-0.03354482656757452,0.0023494705614685077,-0.003489655150790986,-0.005750724287798823,-0.006130715010508629
2011-02-24,0.005864888389424302,-0.0023537620070125946,-0.046451371917734685,-0.00046935618041120506,0.001587911993302404,-0.0007764887399937053,-0.0009948719612429039
2011-02-25,0.023122270842088084,0.0005437961145985105,0.006941291088867977,0.006708684369231761,0.009001725847508244,0.018147770554278797,0.010495248165324718
2011-02-28,0.01699805828382402,0.014924076477590654,0.008385918660909377,-0.006083118026496441,-0.002833558549343223,0.016752780658056153,0.005545679951233036
2011-03-01,,0.003563086159660132,-0.017449243273274018,0.015370052271664455,-0.003317004459942651,-0.004943089879361036,-0.015864861791058633
2011-03-02,,-0.002314402047881173,-0.0021266244327028307,-0.007422692235446246,0.00334253029084741,-0.014210563135189234,0.0016138978895201782
2011-03-03,0.027550247156055686,0.030198708667906783,0.0045513826640709186,0.017539135236939066,0.012787213113921132,0.007184787118113389,0.017072434579238578
2011-03-04,-0.002721210115345092,0.0037978829296823457,-0.0195662242863856,-0.005505781572459549,-0.005505439652350029,-0.01310204006956437,-0.007405389789368721
2011-03-07,-0.0054641470351549076,-0.017029204445800496,-0.021533010975257897,0.00015337993326920474,0.001103861870809581,-0.02188871646145602,-0.008376215256269803
2011-03-08,0.013605468860332471,0.004197360342854346,0.031669766957444015,0.0064194903294790846,0.005028727642676793,0.01083786808966156,0.008883161530176173
2011-03-09,0.01874211103538161,0.005742648174570016,-0.014468549913761711,-0.000304913989603255,0.013391391587364018,-0.00501344475753299,-0.0013626313929708095
2011-03-10,0.0,-0.010992035904093958,-0.026073150429591324,-0.005041480560001544,-0.003408317333018838,-0.022818180127319006,-0.019051280476330656
2011-03-11,-0.0323475798957139,0.0008767663293703636,0.016101057107358256,-0.0001546324391426597,0.0034083173330188557,-0.021597931598355085,0.007055564524569619
2011-03-14,0.016304515555360964,-0.007036132076648601,-0.010705372028311315,-0.013514650996051146,-0.007919709779013741,-0.04684807312123388,-0.006067696956773771
2011-03-15,-0.021799473819498868,-0.026835114859467383,0.02377330140091668,-0.014334287087503284,-0.017774604723757317,-0.004168724162945497,-0.011263544394845545
2011-03-16,0.0027512206130675745,-0.022926458120852183,-0.017776639981426808,-0.022949187273707438,-0.011171461868215079,-0.012113933027653675,-0.019687481949372254
2011-03-17,-0.01941807941885773,0.017836511644763953,-0.010756008324610858,0.010978569242275815,0.01228186167968964,0.02031229848114601,0.013309266231874258
2011-03-18,0.005586652404029949,0.0030935890044659136,0.012955999007087401,0.00672113689098461,0.0025330222656656377,-0.006111796826198969,0.0043009395825458095
2011-03-21,0.008321791884493364,0.025826222521305314,-0.018058243158781632,0.013780190498973435,0.013507551345113621,0.02649719364309508,0.01487466793018228
2011-03-22,0.04325020390347526,-0.00853487669181547,-0.01741410837637919,-0.0009443886306288344,-0.002499090417935439,-0.008995443504733408,-0.0035568853410381704
2011-03-23,0.00790483443754037,0.010480481075573938,0.013570557402185834,0.01189590457789546,0.00405753521036944,-0.010415610075940124,0.002909742258502921
2011-03-24,0.04113705996076645,0.01473457545750784,0.007353943742678595,0.006513514990427749,0.0,-0.011632977083725286,0.009297393435475379
2011-03-25,0.002515474825961612,0.000696224162510273,0.0025452727957974305,0.008159333300026416,-0.003432057503958568,-0.005310419341346915,0.0031561510021889394
2011-03-28,0.002509582453042816,-0.011550719588695484,-0.019897908905098377,-0.0029173591309038143,0.0056106244630774625,0.006689058281924809,-0.002751618499391395
2011-03-29,0.0369046533116881,0.001582993750637871,0.00807111445392988,0.010554834610199904,-0.0028014249531701863,-0.010483259015029204,0.007035239607301627
2011-03-30,0.0143886830125505,0.011706450782340245,0.014365442064651379,0.004857289205660739,0.013776147727411514,0.015560031465499051,0.006662462626235184
2011-03-31,-0.03390153990035541,-0.006972828439114409,-0.01661896143688646,0.004532345794918563,-0.009887263941400425,-0.008808160669009127,-0.001831177104975248
2011-04-01,0.002460016582620863,0.02913283496804892,0.043512547679233265,0.013177827687345753,0.012497193851751213,0.003234705608692026,0.004950712944456072
2011-04-04,-0.009876586187266901,0.011654268191245726,-0.0006170490811770933,0.0065244958640880155,-0.001995309501705729,-0.01287617413886332,0.0003451501808517552
2011-04-05,0.012330565935975658,0.00485834912198337,0.014710657419049103,-0.0028120020765975613,0.007500115448561144,-0.023551420937376284,-0.00018007145753026058
2011-04-06,0.031365543493813805,0.000501006185815148,0.0,0.0023682364624529645,0.0025890498116537897,-0.0036133224649324163,0.002181296758153027
2011-04-07,-0.02403964709207596,-0.010409720256157608,-0.017183385482862645,-0.002813161196552416,0.0025817152655149616,-0.0018114615117416008,-0.0015211626992252944
2011-04-08,-0.002436162607367936,-0.0037199036444557783,-0.024754975396836992,-0.002523985071055352,-0.0028862186140362583,0.008640215220200484,-0.004012483000974196
2011-04-11,0.0048664047467880805,0.006585220992181747,-0.024081965991556056,0.0019307165040117924,0.00470492764897454,-0.017878880236576387,-0.00279728829140217
2011-04-12,-0.02955881036423325,0.00016827122955373,0.012274125310814551,-0.007446211278117848,0.007993483303000917,0.00910905703371982,-0.007807095445724583
2011-04-13,0.060624516357989704,0.01254086098303742,-0.0093532008228492,0.005663926843477506,-0.001804491879462541,0.010052992734750198,0.0001902174903101045
2011-04-14,0.04373545481938567,0.0071196618624538265,-0.009114864478657442,0.015193205073373482,0.0037557592337115653,-0.0012831695318935613,8.36730908616908e-05
2011-04-15,-0.0022545682864011382,0.015227452829300624,-0.011180712614177793,-0.004401709347577511,0.0061278447120150705,-0.003086755083510554,0.003917728825568014
2011-04-18,0.020112332429710243,-0.01720910191567351,-0.008968721374498287,-0.010345513028937187,0.0005961236308140077,-0.005035697909052169,-0.011078997728577972
2011-04-19,-0.0022150438948496083,0.02996475697955784,-0.012760749869965572,-0.00327425551769157,-0.005076174096214636,-0.01473575002225686,0.005714810218094469
2011-04-20,0.0305699575729898,-0.008863436146308384,0.011425354760322276,0.011264598815482904,0.007753207444820016,0.014865274133150546,0.013424435132347328
2011-04-21,0.012820643898783736,0.013403431301309023,0.033511445600428916,0.00044205650454500107,0.0011870933568685338,0.00696495020183911,0.0052629084996557015
2011-04-22,-0.010672217678013456,,,,,,
2011-04-25,0.0542930815325818,,,,,,
2011-04-26,-0.004073212749325187,0.01936470033792125,0.0041658637635561616,-0.012029979622359108,0.01009391476237724,-0.010748101776739136,0.008939507790192994
2011-04-27,-0.048076253148588696,0.01396634576643717,0.01617816314772497,0.0010454805044478258,0.003243659150420983,-0.004714932338952654,0.006230397799828821
2011-04-28,0.07027659330895497,0.004873679071233971,0.004082140584006514,0.006101000931079438,0.026009546909969403,0.01533689695260836,0.0035491184714345463
2011-04-29,-0.016096580377190296,0.003288404956472258,0.0056250469650809065,0.0007414889249631281,-0.01197620371422295,0.002261852926995695,0.002298019742020782
2011-05-02,0.03193881755007512,-0.0006252882021315378,0.002800622365698571,0.0038468682702427997,0.006077995440447191,0.0060059782833608915,-0.001754249109045456
2011-05-03,-0.050363212103469356,-0.008482943788149538,0.02485956316055128,0.00235950425801359,0.004031628670311768,-0.005880681994479381,-0.0033850263710526606
2011-05-04,-0.008298672758972246,-0.038760094046027226,0.0015144717977913927,-0.006206372528256521,0.0034430542786347135,0.0008780927074896379,-0.006878914252832363
2011-05-05,,-0.021716541430324785,-0.03135857814765886,-0.011329997540115915,-0.014423999680486223,-0.002510675961240136,-0.009111217180694528
2011-05-06,,-0.005377324176693893,-0.0034411261414631212,0.0029940607256994313,0.0063717760644839486,-0.005798442154374426,0.003812642995876722
2011-05-09,0.0,-0.002530463359325498,-0.016430000291826383,0.0007468651042661324,0.007909097880937096,0.0032814468301514297,0.004533870101931407
2011-05-10,,0.0008439901343825229,0.006984113311612807,0.005808464645286858,0.003003266028792713,0.02070160313278686,0.00804161600966336
2011-05-11,,-0.017021483122757447,-0.009855485150948133,-0.00029698539133832046,0.0024243819529893612,0.005416046372810581,-0.011173689687885626
2011-05-12,-0.04757869943149153,0.015670523221069103,0.0038268850486182296,0.014598787558636568,0.010767967665965024,0.0262903520802666,0.004883493672167491
2011-05-13,-0.027929190164977854,0.006401424618512107,-0.011202136080539904,-0.0019046129584283208,-0.005652589962835351,-0.0029942879082569787,-0.008100047045425269
2011-05-16,-0.024256682380462375,-0.000671714955975826,0.0009651012158856782,-0.005146838358233747,0.0022645434018853145,-0.014131050104635064,-0.0062237186380957365
2011-05-17,0.008889126847690302,0.008200437262897898,0.0,0.0023562229831867168,0.0054995680411093015,-0.010270419231102076,-0.0003686285233300362
2011-05-18,0.05383421171702127,-0.00016700367929761966,0.013414275765170508,0.004548855259441735,0.002247991801634489,0.0002454412632153583,0.008765271983703134
2011-05-19,-0.021187256183442773,0.006976701438563196,-0.0015874813140021675,0.0023400280781471047,0.00712988003825158,-0.008513263464646438,0.0021755725891674884
2011-05-20,0.03161484087719655,0.0004966541045308185,-0.009257570413363126,-0.0023400280781470666,-0.006708868623463507,-0.009212501112870438,-0.007717974612614023
2011-05-23,-0.05545130497124217,-0.03365059151433358,-0.007081352604007057,-0.01193048273079467,-0.0036537792341273566,-0.0052661523663520326,-0.011997264840988668
2011-05-24,0.01090540109255854,0.002904834714553467,-0.004207330998331974,-0.000295871532761862,-0.0008447679304768877,0.004390464778070038,-0.0008277226453314669
2011-05-25,0.0,-0.0022206434825615714,0.014170677779999682,-0.008334602613610112,-0.00749480592958589,0.023259657064903575,0.0031781131566695725
2011-05-26,0.05486577706404155,-0.002911028424823385,-0.01904805404764483,-0.0031438626913502642,-0.0004260054903959616,0.005366773068781871,0.003945322767699228
2011-05-27,0.02032621667765785,0.006495530912057461,0.01936796471906464,-0.0028526252369858846,-0.0002842202104559941,0.0006079977443102569,0.004072615318765918
2011-05-30,0.002009947202053117,,,,,,
2011-05-31,0.013958205684898828,,,,,,
2011-06-01,-0.03629436956460989,-0.015328750586804715,-0.05094584818654613,-0.0007483389274742534,-0.0044708774513889235,-0.02172569895941699,-0.023048225700640405
2011-06-02,-0.006179095684184118,-0.007414885648544961,-0.02106047830658936,-0.01084362777562139,-0.01115898936772599,-0.007265596299751013,-0.001225586114047521
2011-06-03,-0.0020681465163235042,0.0059030344157896385,-0.016348964514630242,-0.007752980367219468,-0.007799174539187733,-0.004955965006660818,-0.00978149266519151
2011-06-06,,-0.012010897322872999,-0.01941810145995713,-0.0016798844405087558,-0.001160623977919834,-0.007355336723536719,-0.010818516013722313
2011-06-07,,0.0011905352553708303,0.007673336953070655,-0.003368352596479664,0.0005803923905790627,0.02043522625659118,-0.0009568650426676839
2011-06-08,-0.02769049211068125,-0.003917313161799643,0.002776045935052842,0.003063024144656707,-0.001306202737437766,0.002204313984498354,-0.0041956644216076975
2011-06-09,-0.02183494752218373,0.0011940558619931844,0.020237203499843436,0.007464061404539159,0.009685608863966275,0.00207705446615775,0.007350409328991669
2011-06-10,-0.015573219368772739,-0.027474814275766188,-0.02058394426507632,-0.007616947857529124,-0.0118674420859313,-0.01537580005875143,-0.014078482881846339
2011-06-13,0.015573219368772753,0.002624602636457779,-0.009052857639543612,0.003075792592621271,0.005372097959011349,-0.011846437850901002,0.0006685325595012269
2011-06-14,0.0410867029164476,0.011984387366737475,0.01802476110633839,0.007496185897360738,0.007358089042499329,0.00899086431495102,0.012532913485107313
2011-06-15,-0.006375989295827673,-0.025530372486252614,-0.005511584045605535,-0.00980254058763825,-0.01579188757198289,-0.012006058527872463,-0.01758556950725801
2011-06-16,-0.028110264962389386,-0.007823604022789135,-0.012513177060732768,0.007971949838820927,0.005969344139295821,-0.00012569704742756836,0.0017527979756827483
2011-06-17,-0.011025535334382549,0.017517742164463546,0.014238634970971997,0.001982888471519694,-0.0024705429336558584,0.0005033898809294388,0.003040390291799793
2011-06-20,0.00883015283569497,0.0038518469778404986,0.01777226983614394,0.0031953989659322677,0.003776326071463648,0.007767064362810485,0.005380689090158733
2011-06-21,0.010928926629021054,0.009044804276955547,0.0023679578138605393,0.006510329230797019,-0.0007253907472288718,0.007831729336693237,0.0133341790614636
2011-06-22,0.006500954733619694,-0.016234900811241366,0.012760749869965553,0.0021108350709856676,-0.0021785412043604877,-0.0007429380842444804,-0.006489459844407726
2011-06-23,-0.0329341171511765,-0.002819915770496478,0.00565651518292677,-0.021617323093613687,-0.011699102940951982,0.001485804242320354,-0.002831992858193941
2011-06-24,0.03509140076664333,-0.017986168558202283,-0.007326339076144221,-0.000769881006867704,0.006889806215505434,0.0057984919895563355,-0.011795077176858442
2011-06-27,0.008583711988588741,0.00947858266294002,0.011299706086905946,0.004303141445550874,0.008727611487877075,-0.01925150482275912,0.009142536655730837
2011-06-28,-0.017241950337675387,0.018517598200044658,0.007900104526949524,0.012496237932191939,0.008221097343208797,0.004254805836265286,0.012861292735996777
2011-06-29,0.03419144684430097,0.007832083007952628,-0.00657892290028598,0.010245851641261986,0.0048712685057508715,0.017944787197160965,0.008248633534913173
2011-06-30,-0.004210517280148479,0.005704766510104926,0.0019780813176059025,0.008657161775197554,0.006695551270279049,0.010856577425997079,0.010068371595162745
2011-07-01,0.014659796176473196,0.0010339425265180368,0.007220288850718422,0.011818275248924523,-0.0034134493418619795,0.01241964504557371,0.014306869106082431
2011-07-04,0.01649506469064795,,,,,,
2011-07-05,-0.0020467829094848134,,,,,,
2011-07-06,0.010193925373688018,-0.002068231653181935,0.010636575965405114,0.0033618894477003393,0.005716446528969775,0.007982227955344206,0.0010010578196052824
2011-07-07,0.006066537033994169,0.016087867983608128,0.019368622364770726,0.0032054594863844704,0.0049756006469421875,0.004381278038623151,0.010399582892092554
2011-07-08,-0.002018060370095746,-0.022144974016411415,-0.0069424019699609735,-0.001019050222003867,-0.008401719185843225,-0.0028398068749815944,-0.006985458106936123
2011-07-11,-0.034946999567188816,-0.03245989531664313,-0.026633752171507395,-0.008480853570897584,-0.009049691247264539,-0.008328405293293544,-0.018256166936573934
2011-07-12,-0.03188345525856646,-0.018824211568284437,-0.002279114282466281,-0.003677851080173138,-0.00419375482752941,-0.0007171637316916653,-0.004443369829837216
2011-07-13,0.02769049211068111,-0.0010967837605530988,0.00227911428246631,0.003090360295273421,-0.0017401675822487797,0.01235782859129088,0.0031010271091221173
2011-07-14,0.0020987293028538233,0.00856033282031367,-0.02136502737052312,-0.005746734824544339,-0.004218943751691686,-0.0047349301114135945,-0.006738782369334765
2011-07-15,0.006269689435955533,0.017972948333477495,-0.011359681206142164,-0.0020707285622251783,-0.001020687133051597,-0.005115072363335387,0.005539055540283086
2011-07-18,-0.014690861545622803,-0.013268585165112336,-0.022427159405452476,-0.006090050038382433,-0.0077634534023802125,-0.005860942540127228,-0.008163117539368405
2011-07-19,-0.01490969970844335,0.02001444081597181,0.007872664739343222,0.032251413610159,0.007909721489214244,0.01050125360930363,0.01617714964684356
2011-07-20,0.01067221767801355,0.008456998285555684,-0.0030732654002218283,-0.006512643012802596,-0.0007299606679113692,0.0010678304555288988,-0.0006710584073998067
2011-07-21,-0.010672217678013456,0.02066216094803955,0.02432548732346586,0.006801004557926977,-0.03446025303951324,0.013427920713638384,0.013455262786265243
2011-07-22,0.014909699708443297,0.01805213758091371,0.004661953949007609,0.0056088908954629955,-0.006215576129353844,-0.005396997711314254,0.0009074395131127662
2011-07-25,-0.010627053699812167,-0.002534739936324917,-0.02013502497208757,-0.006763275141837368,-0.02136407753437886,-0.010405510423585288,-0.005658995223243947
2011-07-26,0.01694949650662566,0.00388414597489014,-0.01399560773336553,-0.0010109279502500568,-0.004671366097880762,-0.0003564872906255636,-0.00411342006232854
2011-07-27,0.020790793641599564,-0.02232719245517364,-0.03320242906142709,-0.0072528492050743,-0.003282931893400851,-0.02321646279360406,-0.02051772480729147
2011-07-28,-0.016597830493714286,0.008238708883332219,-0.0014224834215797735,0.0017452081617091485,0.00046929808329012024,-0.009046606854713223,-0.0032392071555055867
2011-07-29,-0.01687807651709675,-0.015851246368833182,-0.015059438771272533,-0.011694247041139324,0.0023450864285734395,0.005999102284340853,-0.006471427287173138
2011-08-01,0.002125188531968082,-0.003479376945489604,0.01399133845752468,-0.004125523914453123,-0.002814384511863503,-0.0018324153100615268,-0.004140860866230743
2011-08-02,-0.05006468442461437,-0.024165815936052767,-0.03701421533342992,-0.009792376549589624,-0.01070543910923206,-0.005887172131874556,-0.025888909190623945
2011-08-03,-0.045669755587234316,-0.001250419050402703,0.004426157822163851,0.019636432192363926,0.02036709343487408,-0.00036935287323992377,0.0050031459527175165
2011-08-04,-0.023642241391853502,-0.05078529050837265,-0.044401436670995095,-0.03844947821813414,-0.017680113740678304,-0.048537775312273455,-0.0490016550437416
2011-08-05,-0.02421393967083099,0.02139829512322418,0.012237118153716819,0.014330117245564178,0.020622497041664398,0.0002582815422629627,-0.0005750829892724604
2011-08-08,-0.022305792755212796,-0.05642259545515685,-0.06842299610265212,-0.025022003321091956,-0.026638923873944634,-0.04910015294978834,-0.06895836939262512
2011-08-09,-0.02795615678571999,0.02860918361345667,0.038719882964172024,0.02367339699822842,0.0019038983796319329,0.04625494999835058,0.04631744106338802
2011-08-10,-0.007762039099889255,-0.060672080294967706,-0.06553075884412579,-0.041647102417081465,-0.044898875003641696,-0.05019624266532059,-0.04515679702747437
2011-08-11,0.023107492751303433,0.035368788689538536,0.07604697997195604,0.038492867118288414,0.041405331600824005,0.023020179937525014,0.04525059436377155
2011-08-12,-0.04676166102667043,0.057891425749458825,-0.00232759938005071,0.010029088861232915,0.004919092161270175,-0.009896899246541906,0.005247875067275939
2011-08-15,,0.016174783006787968,0.025686524160254274,0.01566440831794926,0.006153620603097266,0.022854974179718282,0.021550727976033655
2011-08-16,,0.006648120543054475,-0.0225845265105537,-0.00044020704526862665,0.002984155283451232,-0.00923830860646214,-0.009786275177620173
2011-08-17,-0.012391804532825828,0.006782259000755271,-0.035063456669021054,0.016151983587262945,0.013398416140375452,-0.00986049077925018,0.0009469381398126654
2011-08-18,-0.045926264429844925,-0.027591691387033074,-0.05522642979093928,-0.02218415041182767,-0.023961740785376284,-0.04253598644359522,-0.04561859893236344
2011-08-19,-0.11615259608967161,-0.015107049628365883,-0.06295810261072404,-0.009787837248409011,-0.016299180504209875,-0.012230831002832942,-0.015122756128207963
2011-08-22,-0.054230239135113996,0.009606542528305086,-0.020515526434142388,0.0025301883462584066,-0.0024200940955291348,-0.00226529098036083,0.0002580078732242726
2011-08-23,0.09727846749933225,0.0211029225435458,0.015992884944890106,0.026261340270236605,0.02488145568630382,0.032634076931460386,0.03371024838647402
2011-08-24,0.013947175400989251,-0.025525314778349732,0.013954840928553357,0.00893752944918691,0.003460126256885368,-0.011037504385128905,0.013034651368546804
2011-08-25,0.0433672619595837,-0.01563388021040236,-0.003133999282460979,-0.024846852274515666,-0.010732666627704753,-0.011301471522949821,-0.01568793473796148
2011-08-26,0.02099800701805874,0.010820954190293516,0.025239580271205497,0.007767232065965255,0.0022191029711762446,0.005317736730138259,0.015008418274915636
2011-08-29,0.012903419959930263,0.01528440993601537,0.03943930444969346,0.01779703812442585,0.015708746275678094,0.006260728422807446,0.027887505012164332
2011-08-30,0.007662905964945498,0.0010958790301990185,-0.008866804001079379,0.0018625159653937275,0.005595415217853187,-0.016219189835197115,0.0023442750237692416
2011-08-31,0.032543666384616775,0.008723968447551276,0.01890426096564995,0.008410187311339056,0.006618174582624822,0.012606878486181099,0.004909908712070555
2011-09-01,-0.0024663192792724817,-0.009089451587620168,-0.04250524244940724,0.0,-0.004355321708226429,-0.009370139909790014,-0.011942460792303735
2011-09-02,-0.012422356212473437,-0.007147396387170165,-0.04257884850732937,-0.010129316299136331,-0.013338796430989317,-0.026049283509037232,-0.025607017291752767
2011-09-05,-0.05392813672943766,,,,,,
2011-09-06,0.013106358838370387,,,,,,
2011-09-07,0.03580907450588714,0.009034711856015863,0.06413021478908602,0.019540078573516768,-0.013379919951467912,0.0228795878149029,0.028243824959147193
2011-09-08,0.01248480927227996,-0.01225410729246626,-0.016762499469986654,0.005212163267914982,-0.004554583000161152,-0.006895376448289259,-0.01066889038730246
2011-09-09,-0.020051022742592677,-0.03238501790859161,-0.03255290326323028,-0.02561697940526644,-0.02225446555558455,-0.022892463151810913,-0.027068562510962152
2011-09-12,,-0.016196396373551677,0.005042441862066677,0.00014421867150356428,0.002497850773424153,0.005442362740062717,0.0069415681820229275
2011-09-13,,-0.000996246157720412,0.005926769787737632,0.0027532477220929183,0.006628902932505923,0.012826411887227614,0.009078726180354301
2011-09-14,,0.006754204433478592,0.008148806314383862,0.009649492467873621,0.017032741337624453,0.007502555699817155,0.013389760518230381
2011-09-15,0.038515836006850754,0.01941037547868274,0.02317372461899112,0.01775730252652679,0.026283867140184252,0.02329966708004046,0.01704104671810514
2011-09-16,0.04674863393763502,0.020183590543819265,-0.003972660320037721,0.002953078701797664,-0.018680579227243622,-0.005632799319118665,0.00569047556193546
2011-09-19,-0.009661645362259899,-0.017275026601071504,0.019273366265708063,-0.010443441716172406,-0.02430576956151076,0.00042338054157023224,-0.009850948688080358
2011-09-20,0.01206305722025377,0.017655068250443356,-0.027266463588523054,0.0022670032635256116,-0.0028109890036484048,-0.005804447064196021,-0.0016623864527241425
2011-09-21,0.01191881947501518,-0.02153489874588959,-0.0526313892688571,-0.019581784831867143,0.006602245169969095,-0.030709426361054806,-0.02983099508714744
2011-09-22,-0.019139154679951545,-0.028587547041966612,-0.05010652738138248,-0.02129894653681291,0.0021357314147689784,-0.019664951621148525,-0.032402456759229786
2011-09-23,-0.04951535644599394,0.02313018323199659,0.036861044131322435,-0.005915443396216718,-0.009566355505018822,0.013054663395897613,0.006063588829469748
2011-09-26,-0.005088929595398432,0.027753226258207652,0.0038023075857046024,0.019680591095248848,0.02536321119486707,0.013467736642381262,0.02306802129696945
2011-09-27,0.05460428604139238,0.026448253703730412,0.005204556585267025,0.011710910937124609,0.00868784890692627,0.007909416784957832,0.010631665357294654
2011-09-28,-0.009709126762105596,-0.010046887048700376,-0.03750455294995591,-0.02194360515673995,-0.007395858310083529,0.004929582003756092,-0.02090819585269548
2011-09-29,0.028848281442057155,0.007822645653686596,0.017003181434238887,0.014441240869191359,0.009795526210916701,0.01535731642245325,0.008081486435358656
2011-09-30,0.0,-0.017215950887603224,-0.028335828148128024,-0.021814861514798244,-0.010925489315703724,-0.028166763694880262,-0.02529127447886567
2011-10-03,,-0.007959230151605627,-0.022551561937966518,-0.03218814176155164,-0.02635390524953231,-0.019079296556558847,-0.02886360290378494
2011-10-04,,0.01753976676270895,0.08218463651283876,-0.0029083482939568695,0.0026500559087527654,0.003577253880681229,0.02223930613115467
2011-10-05,-0.03980622968388828,-0.009769269518028287,0.03891522493928881,0.004588372714744523,-0.0026500559087527303,-0.007766996179860008,0.017707918945510777
2011-10-06,-0.01277127465144861,0.005835317436995954,0.0035858604814945016,-0.0021385101272637535,0.004633024114965713,0.00761822981789284,0.018138168466480482
2011-10-07,0.027885098717891733,-0.02894321120846346,-0.015329397519824242,0.007768926782620385,0.007402118853690371,-0.016050663730183864,-0.00819681118762265
2011-10-10,-0.015113824066443139,0.03735380151076062,0.027337615900469372,0.015060524667139637,0.013833767861345624,0.027885170451653358,0.033555643919288364
2011-10-11,0.03736446836035108,-0.0020494827963481723,-0.0053193062606737085,-0.0014958232319187384,-0.01498162920310621,-0.010198802759666467,0.0005438556372526529
2011-10-12,0.014563310108876291,0.008357383364585701,0.039648419112845265,0.010128161545242091,0.02830765224063449,0.00725328036986518,0.009747046937638061
2011-10-13,0.021454743998159494,0.00773771344037622,-0.011168783930846015,-0.0011857953401374546,-0.005437418250948453,-0.0014761023217981406,-0.0029781023951361333
2011-10-14,0.0023558179570458563,0.016020440427479247,0.04270372308576558,0.006654039902153158,-0.0019260899812202584,-0.0035510719922023704,0.017230948802478146
2011-10-17,0.03241023825725257,-0.023203477114991895,-0.04140821407225052,-0.01260690368016268,-0.0056395478778847475,-0.002077746104630544,-0.01955993759944958
2011-10-18,-0.009153458843527803,0.01722618624345912,0.015410687509465356,-0.0038882705514551776,0.008367290581408721,0.011813778198065802,0.02021304938031121
2011-10-19,0.0182241071192598,-0.013167669555550397,-0.019301033909103156,0.004335921582480837,-0.004818809583591698,-0.01151671620751771,-0.012729818787026607
2011-10-20,-0.027461793618700294,0.0040418193157427005,-0.005646418632708238,0.0013417519988154726,0.00016077569075207117,-0.008200832798591701,0.004543839821084399
2011-10-21,0.0046296204789600115,0.022480931784981593,0.05877860454275255,0.0158159884195574,0.0025727656724759125,0.012202271951529989,0.01863406749243458
2011-10-24,0.05175499700898328,0.0039362362168481255,0.025543688100317444,-0.004703918181001849,-0.0028943429069592545,0.006193087297956433,0.012790806680371788
2011-10-25,0.0,-0.020384953935473654,-0.004815755187397239,-0.013648214333775926,-0.004519104230804461,-0.025457179202539152,-0.020248346199382077
2011-10-26,-0.019934034066444936,0.007263504573625741,0.005215791424761672,0.0077374092319990925,0.0030686882289799417,0.008557936324943533,0.01048143054408723
2011-10-27,0.0,0.02906512394684613,0.0518535449240604,0.01617155961408385,0.013932382725094547,0.034818371083171526,0.03371659116813434
2011-10-28,0.00668896248216874,-0.002639657528105459,0.004926591583671563,0.005236698878588301,0.005076212132055501,0.00575843149805162,0.00038915352854135727
2011-10-31,0.00884958157984004,-0.02281349906534824,-0.022945294509265936,-0.008888807436184424,-0.0039634673230117936,-0.04327140928712841,-0.025048616612977612
2011-11-01,0.0196299888683896,-0.014527007709073964,-0.10257034487832425,-0.018912965499899563,-0.011503502077429444,-0.021975579937166295,-0.02834005962159464
2011-11-02,0.0021572836154669386,-0.01085079736471899,-0.0055880596174115215,0.010829623188085362,0.0028884016724388425,-0.006456721877942268,0.015976363304397206
2011-11-03,-0.004319541607117862,0.025738610979748288,0.035150859424054264,0.012901729348798002,0.006229649265430625,0.008446679356903497,0.018607607200930413
2011-11-04,0.02985275010233226,-0.017635291160778367,-0.017632797762923137,-0.012753769895119392,-0.012982503395441667,-0.003216647594987246,-0.0062998195371895644
2011-11-07,-0.004210517280148479,0.012576263225680263,0.016800153606717765,0.006323667648705973,0.008193691764143113,0.004592097715197732,0.006276008211166596
2011-11-08,-0.0021119255266649098,0.031907349410275176,0.042004262546411916,0.0064301022464134895,0.01839007646391826,-0.013375626426051352,0.011667310321725162
2011-11-09,-0.00636267056239812,-0.013956508385822764,-0.1154395122085352,-0.023880855229066078,-0.021916182318414124,-0.009329743276629478,-0.037385347098988095
2011-11-10,-0.05916270147466608,0.02199408789789993,0.017329782386958176,0.005356687841780855,0.010859190188802015,0.006850213701800552,0.008587201099481741
2011-11-11,0.031113292607287138,0.031351739297823096,-0.008405430858756,0.010773679798324533,0.005069682747804283,-0.0051332345671237685,0.019293223004513554
2011-11-14,0.013044030125909274,-0.028224053397808025,0.021100027243312582,-0.004855968152849686,-0.007613955450811828,0.0029588584442042853,-0.009596036687554769
2011-11-15,-0.00650095473361974,-0.002779558473353309,0.015537728218143405,0.0030931227255168122,0.02670956218242008,-0.005770208576910263,0.00480559827730043
2011-11-16,-0.017544035569866508,-0.0034853480597459427,-0.03043763677442569,-0.014665783807515756,0.009105834683688403,-0.006275195081820052,-0.016755798341954984
2011-11-17,0.002210042781302534,-0.002622308543793127,-0.03870845914286465,-0.005837079487460096,-0.015482108501828566,0.01235636725572231,-0.016942671987706433
2011-11-18,-0.022322375211012692,0.010447581396707104,-0.00506111932053809,0.011492028923984297,-0.0031259028845912968,-0.012041895344095065,-0.0003947564904724282
2011-11-21,-0.013636521607766884,-0.00712750894355977,-0.02948984820512531,-0.021600091397345225,-0.011650095282875327,-0.038000561268704235,-0.01882457110494877
2011-11-22,0.0091112109977127,0.015064038159692232,-0.015318601052204629,0.000303420873574127,0.00047516642076104033,0.012182446666764933,-0.004149438857005794
2011-11-23,-0.02293648300864614,-0.0229454126477937,-0.023920334400633767,-0.01681475603628292,-0.012422519998557209,-0.025342659067723174,-0.02234297045859626
2011-11-24,0.0,,,,,,
2011-11-25,-0.03302174168778701,,,,,,
2011-11-28,0.0023947439094194854,0.032823865095736565,0.019474855087039382,0.006619999186925304,0.007969195017234221,0.03262881993325834,0.028821079038609924
2011-11-29,0.035256618257327704,0.00377167059258668,-0.02095119507775045,0.02276819339375389,0.01058058322152772,0.003422731861222431,0.0022112069693969918
2011-11-30,-0.0162986567231323,0.02634423965053721,0.04712430835269274,0.015590104484335758,0.013449426421315101,0.023331941927475553,0.04240343833622763
2011-12-01,0.0391308298628726,-0.0031719835336297105,-0.015621399942806506,-0.005967485993305634,0.0014053467254239145,-0.002887093800530274,-0.0019104695778526483
2011-12-02,0.0,0.0016706958005880768,0.015151703887269007,-0.00675626501676463,0.0029599192569335375,0.007579103763639761,-0.00024101537332728125
2011-12-05,0.006749155842239892,0.004828895644912621,0.014462360095867856,-0.0010549266077965658,0.0018655136823429762,0.027260455751866166,0.010234463299265799
2011-12-06,0.013363176587470287,-0.008340363861939338,0.004159896180713374,0.005563991596868513,0.0038737605629946955,-0.013909998823663993,0.0011051379065262915
2011-12-07,0.004415001435096633,0.007841905944728748,0.011921228477261453,0.0014988439021322217,0.004013730833477329,0.019770523399507307,0.0020163207826575202
2011-12-08,-0.01777817802256692,-0.01355314893639423,-0.044741562752606545,-0.0007491860449808768,-0.008975454796174696,-0.019472531965190568,-0.021368498950929855
2011-12-09,-0.0318935707168939,-0.0006741342409410707,0.008069798615009638,0.012509843305450812,0.013279746834230008,0.015813610071399635,0.016742412907085384
2011-12-12,0.013793490405690549,-0.01340717503737433,-0.01668670970050691,-0.01011503032776742,-0.008162782421577242,-0.025392831155457936,-0.01502638690477899
2011-12-13,-0.039586263105121734,-0.012550782100306601,-0.033735724355216136,-0.006148284009166052,-0.005894514695293061,-0.012866262481880154,-0.008723953020305214
2011-12-14,-0.007151603822982664,-0.007118568669651633,-0.032342174962867024,-0.0033145861210299265,-0.004677761103621167,-0.0064191383827980975,-0.01141325149713759
2011-12-15,-0.026667919419539665,0.01177901630481126,0.03184471936207752,0.009462870130195944,0.0135063246088188,0.0022971083459703864,0.003237852858081692
2011-12-16,0.02427317551012034,-0.0018959812794248489,0.0024847431822523974,0.008188823309362044,-0.0021612509948727527,-0.02587874322365984,0.003210989101900451
2011-12-19,-0.012063057220253718,0.00944461634352639,-0.05613763923309757,-0.0010381592214726365,-0.00526808284621133,-0.006141240914137059,-0.011802198458557732
2011-12-20,0.01206305722025377,0.01138608874847067,0.03304411513173372,0.015172878779708406,0.01786051418401486,0.018466679444351822,0.029389295930944068
2011-12-21,0.021352705443614742,-0.0027073989876455584,0.03149471432548165,0.016960347548407535,0.007752097049327886,-0.0037281570715159596,0.001947608164854339
2011-12-22,0.0023447707739155245,0.011790540391878847,0.018528118878438273,-0.005476552142118157,0.0,0.003883344849677721,0.008231577169829831
2011-12-23,0.00700150400575069,0.005177381608271028,-0.009708868733106665,0.010781025450830517,0.007993789838751588,0.0069525476541387405,0.008994480783105519
2011-12-26,-0.002328615009334274,,,,,,
2011-12-27,-0.007017659770331861,,,,,,
2011-12-28,0.008250208222478003,-0.009433242599582349,-0.011514391794412344,-0.005308781043678699,-0.007106261568043246,-0.001710570914542701,-0.012556506256502386
2011-12-29,0.0,0.01763542018877203,0.017469778245539344,0.009307791522395815,0.009513850646483663,0.015597510380935339,0.010650172463280615
2011-12-30,,-0.003600592333712381,0.002964509338861981,-0.0027116277004301565,-0.0028599615938293328,0.013243113436003555,-0.004300570740064627
2012-01-03,0.0414806658434085,,,,,,
2012-01-04,0.008988885387328798,-0.022243398152304448,0.004739312544789777,-0.006293123943863313,0.00510734617321462,0.009544358864178664,0.00018790634443729306
2012-01-05,0.0,-0.0011669170584130187,0.04710062484045537,-0.004745883355263265,-0.00782176391982813,0.0027727554471367725,0.002939392669493865
2012-01-06,-0.01805962830532272,-0.017330260956898946,0.03326970982682628,-0.0063625926782266235,-0.012613243947248191,-0.0016045322812094076,-0.0025401850025391333
2012-01-09,0.009070742917993962,0.032724285610038636,-0.0034965267318157857,0.0,0.005186119459210118,-0.001314497690214646,0.0022590443626086362
2012-01-10,0.022322505471259982,0.004097958775356358,0.01736164420690017,0.005930312677122942,-0.0010656650255329231,0.0036471779000902,0.0088465236130604
2012-01-11,0.0022048261021328504,-0.010194114212430707,0.051572803037469986,-0.018632577547434852,-0.009948788578971334,-0.0010197479125954377,0.00030954934463217333
2012-01-12,0.010952932154525051,0.007901281247980401,0.00814020351360192,-0.007224977374148305,-0.006016891969699775,-0.006728278603216929,0.0023338827385691882
2012-01-13,-0.008752643991177433,-0.022718976077313383,-0.015523486056091518,-0.008621246470256402,-0.00341029553882918,0.0017596351875809816,-0.004960204447869401
2012-01-16,-0.006615231971650625,,,,,,
2012-01-17,0.021882756206873438,,,,,,
2012-01-18,-0.021882756206873303,0.019886552202450714,0.012728531995398144,0.003557259349291207,0.003089289259859957,0.0031000048394998372,0.011046689130222281
2012-01-19,0.006615231971650684,0.007877196543922422,0.012568654397444028,-0.0020735816629546934,0.016212673538053123,0.018110322968729473,0.004926501717244016
2012-01-20,0.019587112388612687,-0.005459316100319473,0.007226189157626159,0.009443710660992269,0.005598366968438396,0.03288820752032357,0.0006692357932856269
2012-01-23,,-0.015740585591034306,-0.0032050454844666015,0.006441622230990412,-0.0027191589593385606,-0.0035075588748085247,0.0004712319220408503
2012-01-24,,0.004894721861613665,-0.005230688166594646,-0.009235713857284774,0.0015113662940990662,0.016448478691898933,-0.0010263438252235968
2012-01-25,,0.011811586549153067,0.005230688166594591,0.0077750853961899066,0.007524814459658655,0.025794885263534826,0.008641694717196025
2012-01-26,-0.021599156487881223,-0.004514048608326221,-0.008058313940125388,-0.006156580856507227,-0.002702192373510859,0.004972902522575058,-0.005770508287989055
2012-01-27,-0.0355594421014652,-0.005508504689211812,-0.014259847223990183,-0.008416445648971886,-0.01073103673781204,-0.013769408829211762,-0.0015941475452909452
2012-01-30,-0.022884125969886218,-0.007174634569919778,-0.005761153862813426,0.00029662215300706196,-0.006096512284722478,-0.006271948259588352,-0.0025253090863453726
2012-01-31,0.022884125969886097,-0.005085386193590589,-0.008704767413642069,0.0010376627174195332,0.003966731030053523,0.005047989237130417,-0.0004570511280779364
2012-02-01,-0.01137638700812689,0.03140911403819403,0.014465921276455582,0.004726920787643806,0.010753883171177358,0.0231379317762755,0.008860237474265962
2012-02-02,-0.002291347676511743,0.0042943657367529725,-0.002464987740323566,-0.0002945634597924787,0.00030119841873392327,0.013603895927789003,0.0010945478306671234
2012-02-03,-0.00690429056285507,0.02430152165308182,0.07410788893846251,0.0036785507226410135,0.003908062343143729,0.003143534399585147,0.014499725948107648
2012-02-06,-0.018648576340985847,-0.007931078991685625,0.019667821499502112,-0.0007346988857835138,-0.00210232594057395,0.016085250391489427,-0.0004239640135311185
2012-02-07,0.030129890969221335,0.011950238466835685,-0.018140800208081207,0.007614978324033272,0.003601094400069245,0.024155931501670124,0.0020213375254701533
2012-02-08,0.011350774874187158,-0.005724546308960823,-0.01808805158227247,-0.003214684564455929,-0.00029948462942432547,0.017926768244055414,0.0021578809333250354
2012-02-09,-0.006795143353408644,0.012336299375238639,-0.00038872723523751394,-0.00528261025621377,-0.03771183010193529,-0.0020998987704827004,0.0014730251258786603
2012-02-10,-0.01142882959647128,-0.01513312328499652,-0.009367200682039747,-0.00044127390837590184,-0.004991040031822199,-0.03127057053390801,-0.006910122643616179
2012-02-13,0.018223972949879777,0.010986731771045621,-0.00629441330301747,0.00733238685565077,-0.004074199098838878,0.006611915338059289,0.006777023326497382
2012-02-14,-0.01135077487418725,-0.004163655685389501,0.002364809601491913,0.006698423048696197,-0.002672710937533003,0.013718410575466116,-0.0009399650039259267
2012-02-15,-0.002285676388868667,-0.0074455274903890275,-0.018677075588022212,-0.007282993976234325,-0.007109270489433032,0.03149863936462965,-0.005397747536216691
2012-02-16,0.002285676388868567,0.017592947269756354,0.08604141711480388,0.006702587928068847,-0.005406008562040765,0.013116339261300838,0.010965365833276902
2012-02-17,0.018100055721426592,0.0,0.0062373490386395565,0.0027556260570949878,-0.0007972003152116162,-0.003472824039065449,0.0023461758829402962
2012-02-20,0.004474098620835182,,,,,,
2012-02-21,0.01109912600318531,,,,,,
2012-02-22,-0.011099126003185442,0.003962441181086391,-0.019027074379707992,0.006228977743275232,-0.0006336992938893606,0.013012790326175637,-0.0033456974121455286
2012-02-23,-0.022574154342261885,0.003794843755112924,0.008998889281595989,-0.0010115304149048835,0.00047538300758111923,-0.0028507341795425793,0.00426290318060624
2012-02-24,-0.01148131462823549,0.0037808984978655318,-0.02724360955766325,-0.0026049300513231897,0.0028471850064853365,0.0055749800786625645,0.001670841175508428
2012-02-27,-0.030482946329938868,-0.003932235647240306,0.014849015169102992,-0.0024673433665904905,0.0001581489302514109,-0.011181609360276632,0.0013536425518792066
2012-02-28,-0.007168595061941373,0.012948220209414926,-0.012167421083451395,0.0002910681075075993,0.0,0.012481642312204208,0.0033507134923147753
2012-02-29,0.0353394406694877,0.005965705357182975,-0.004601261003767369,0.014562609009408051,0.0021472363780848155,-0.02318445615976048,-0.004748242756953383
2012-03-01,,0.01724821526913921,0.017146444503670175,-0.003728459716157294,-0.006215970892464285,0.00434323598185155,0.006139156544532941
2012-03-02,,-0.022765577996015616,-0.0007559596154679319,-0.0060529439828446744,-0.0004796757378042603,-0.018222152514984026,-0.0032510350278581205
2012-03-05,0.0,0.0055173627268763105,-0.01715982039432471,0.0007224900670933766,0.004309480734453237,-0.0040538813662115486,-0.0038772005028211405
2012-03-06,-0.0160369461490141,-0.020582406650713467,-0.05616304962338811,-0.006812208244541055,-0.008155667595436894,-0.013507598885618807,-0.015489506127544145
2012-03-07,-0.01629832723839639,0.01491577768871089,0.012130921484704712,0.00043653549086597037,0.005444180500586916,0.007086470118531986,0.006876921722994126
2012-03-08,-0.00470603489116904,0.03943895262265521,0.022651809567706956,0.006953410346796549,0.005256283991359996,0.022054198187909428,0.009770049174722241
2012-03-09,0.002355785788579635,0.0,0.0066574898976707,0.0034586576045314284,0.0031718459133895393,0.015511535729384103,0.0036246730207315234
2012-03-12,0.014019016695357907,0.01893985057007166,-0.009017951731700606,0.009165198980427594,0.01243203721270271,-0.012365950642132466,0.00016044778678812074
2012-03-13,0.03645053453537954,0.011222020512176368,0.026429782829244634,0.00872094902875528,0.006237101373441616,0.01427325792289954,0.017969133090434228
2012-03-14,0.00668898037204408,-0.0036336032819095443,0.009544226386414997,-0.00042664075615286953,-0.004361855199054266,-0.00513384374754679,-0.0011969780885961415
2012-03-15,0.013245107519230035,-0.00041977779188098806,-0.010311690530219249,0.0015651242278197015,0.0017158688715668982,0.021317350561970445,0.0059494657015602215
2012-03-16,-0.0221736924313634,0.013079197257943653,-0.01859828788955301,-0.0024199698998782888,0.004664015276780205,0.0007029933841868986,0.0011187724767004654
2012-03-19,0.004474098620835182,0.0006910325945385462,-0.007064030795887306,0.0034144997299901995,0.004024978776318822,-0.0018754044649833487,0.003965971514071157
2012-03-20,0.0,-0.00013827113302250916,-0.01188569276712917,0.0026951613125459914,0.00846047477115515,-0.006827458287122018,-0.003005028734390367
2012-03-21,0.006673784882776524,0.0011047538415285992,0.007939131665590649,0.007480276062713962,0.0012250814824905437,-0.00830257806604844,-0.0018729499037742287
2012-03-22,0.006630167222541805,0.0022057065804876787,-0.009534878597021007,0.004209298667739851,0.0004590189008969168,0.005582133461713699,-0.007232634226897842
2012-03-23,-0.008849465814020128,-0.006493037935587686,0.004779212660585648,0.0009799417515709181,-0.0013771454401677635,-0.007967202533356008,0.0031040360075561585
2012-03-26,-0.004454486291298283,0.018265980009668354,0.01615766965160247,0.005718645624801539,0.007323586848237353,0.00701955777956497,0.013790299964088289
2012-03-27,0.008889008297015392,-0.00806203683023113,-0.00903221881877818,-0.0004174273104505486,0.003490479242856872,0.02351065338725973,-0.002820749754246321
2012-03-28,0.028355059493423235,-0.007574127127381889,-0.007920879528993747,0.010932007804578585,-0.0012122924261097282,0.01230132880096333,-0.004953758683289016
2012-03-29,0.017058101040667687,-0.0047109606151814545,0.006342223528445701,0.01570284131162551,0.0013636360448219002,-0.007408744229488608,-0.0016092239433873861
2012-03-30,-0.014909908388055204,0.009950520164051341,0.013343464912933969,0.002706364648035427,0.004985904138543506,0.008792095851474809,0.003691613621621361
2012-04-02,0.029600575764852876,0.009579658227223996,0.04236471270664022,0.0017548121454228458,0.005861011800336076,-0.001498219581958611,0.007476626120982405
2012-04-03,0.06062484262174673,0.0013608449379181973,-0.04666215636459872,-0.005138248421742373,-0.002700629803191431,-0.005436743432400056,-0.003996611820141247
2012-04-04,-0.0058999020171553555,-0.029679735380432677,-0.01737810166166297,-0.00407572999934045,-0.0033113297297271177,-0.03085866341475915,-0.010254926852538038
2012-04-05,0.04058532900094263,-0.007312471931086575,-0.01162101060337629,0.00013631190939714468,-0.0028676918844748305,0.003105413131531022,-0.0006292401524213991
2012-04-06,0.0018922058692569402,,,,,,
2012-04-09,0.015009410280435414,,,,,,
2012-04-10,-0.028330208753544316,-0.008526626657315002,-0.020455743226420343,-0.011733603571848019,-0.007680670087239979,-0.009346001175759493,-0.017229025277185804
2012-04-11,,0.014451940888179063,0.01340633345691974,0.0013877708091977522,0.004615677403054087,0.019211429537237416,0.007421289800123757
2012-04-12,,0.016739251971884604,0.011173256549875941,0.0013857651804262965,0.003523900728354857,0.006041789546136992,0.013685315235975748
2012-04-13,-0.0019361683907584055,-0.01997974938175154,-0.020790887642960127,-0.0038847108666488187,-0.004906668573081974,-0.019340390940894327,-0.012553467125056119
2012-04-16,0.01919467016706358,0.01707058573156066,-0.016095095666779163,0.006926766458284399,0.014193368519477483,-0.0022131987484284433,-0.0005037272401734527
2012-04-17,-0.015325983355748125,0.004982041662641669,0.02612846769658513,0.02063000214750158,0.006194136707636161,0.0024591274054568592,0.015367979157954645
2012-04-18,0.01722528700225013,0.01941262500881207,0.004565617097994692,0.002970674239857382,-0.0028658999403225055,0.001349789765579653,-0.004063533761746023
2012-04-19,-0.015296678723861966,-0.008975896318534756,-0.0058140021909218655,-0.0047299988863780465,-0.0009063345026700758,0.002938602191746866,-0.005952075477202332
2012-04-20,-0.021422629634211918,-0.0057540962467582946,-0.017223795075380324,0.004190349856989674,0.0072300001185115126,-0.015401218079389923,0.0011685826213373295
2012-04-23,-0.015873271500156983,-0.011609001399526678,-0.02792848745296813,-0.005953340405487251,-0.00677655131688744,-0.01387785555383067,-0.008443113102887432
2012-04-24,0.027615171091848537,0.015287460205615902,-0.002618041618355008,0.005818723812725266,0.0049741461942532615,0.016234171494179963,0.003673019641628904
2012-04-25,0.001943878812695055,0.00488706086301479,0.018182089055373985,0.010868600420940535,0.0024027223674672324,0.007773571378280155,0.0135523428987414
2012-04-26,0.017324400626165394,0.011768906686243155,0.017436222269172748,0.010355875895325665,-0.004509672261691448,0.005760037302214839,0.006657952133507798
2012-04-27,-0.005741455689145025,-0.00013791077366575336,-0.008042199001183978,0.012078774246862904,-0.0040765518504337515,0.005605642252859742,0.002411413929023093
2012-04-30,0.03024790429591441,-0.00027523428821299114,-0.02278211540376826,-0.004053831761444716,-0.001514336955224635,-0.006216712721581002,-0.0038910622753696145
2012-05-01,,0.008091605237228629,0.013388092135779375,0.007960668408652873,0.0073970920778889575,-0.020132788680483005,0.005642435719684134
2012-05-02,,-0.00396902763751455,-0.01643611633926007,0.002985558206218339,0.0051003435521047216,-0.003749967857511928,-0.0024998055766587628
2012-05-03,-0.009372514829729582,0.01915158340459689,-0.02472534681621349,0.0036225326398104988,0.0011961536514061195,-0.007921225014523883,-0.0076883511035068415
2012-05-04,-0.032538664755672686,-0.010412915708866754,-0.00044712973735147447,-0.005698458421361833,-0.015209773856360588,-0.007475386286248846,-0.016278995721590046
2012-05-07,0.001943878812695055,0.018319451161228895,0.002233422334915529,0.003629661937300705,0.010866470448497065,0.0007625197669019513,0.000350519582897646
2012-05-08,-0.0077974554987007465,-0.028705168113297826,-0.008064375640957475,-0.0018130298941247626,-0.001502063285126195,-0.006630133154765409,-0.004287853134969311
2012-05-09,-0.021761594405842813,-0.015085780819837186,0.009402291052207391,-0.004677581129825019,-0.008757621543439674,0.029992374820884432,-0.006724827531781949
2012-05-10,0.0,-0.002093909954018244,-0.003124208008814131,0.008171617851140376,0.012808309405445117,-0.010232275008548635,0.0025142474063852525
2012-05-11,-0.008032323119503533,0.0054353185341324585,-0.016678299961737038,0.000774660928668171,0.00014948767270710314,0.012216453948527928,-0.0033930913342817433
2012-05-14,0.01003019763852448,-0.006413993544249255,-0.016961309485297137,-0.007774598453426109,0.005226060871068033,-0.012592804737063897,-0.011175073102338487
2012-05-15,0.0,-0.00927473554862015,-0.009756050661099337,-0.0039105890925082605,0.010370370037159151,-0.017721950831413372,-0.005762408276502476
2012-05-16,-0.04073882842124379,-0.010360003899458747,0.022617802297157017,-0.0031392388440668884,0.013177552901783574,-0.020385344023271877,-0.0044135439289479245
2012-05-17,0.0,-0.010180031181234207,-0.0137865880841783,-0.015979436230101954,0.00029034526456359283,0.006366746013735031,-0.015165797405604461
2012-05-18,-0.04899787054496798,-0.015393913915987736,-0.020098941613141207,-0.014346180148733867,-0.009496541075649118,-0.015006549219409243,-0.007415201826754865
2012-05-21,0.03433826818998882,0.005691216919547085,0.016854305481830197,0.0061927589030052205,-0.0020571017837325125,0.00837916874261003,0.01590868439583931
2012-05-22,0.0,-0.0011645584083161261,-0.0018586272940244748,-0.004303583989321151,0.0014696534743911807,0.006756704218990168,0.00048621879514186843
2012-05-23,-0.014878418314140125,-0.015415503208331918,0.028880794032325748,0.004840561308585888,-0.0011757588373327223,0.00038843538589888947,0.001692270514548765
2012-05-24,0.0,0.015124151577125985,-0.004075310826213218,0.013456705793622676,0.011841476223806467,-0.000647311412872704,0.0013790801585880884
2012-05-25,-0.002143587811259174,-0.004967303995529883,0.017986434123191522,-0.00437683741579445,-0.002473714452384056,-0.005194837838044789,-0.002167980702760717
2012-05-29,0.019129253021879743,0.009764689593685049,0.01810625229934574,0.0030527623008119406,0.010002299564955604,0.0032498197816514625,0.01101805527882847
2012-05-30,0.02289392810811212,-0.020957802909881782,-0.021230460308159844,-0.005315011972505911,-0.008349349021493596,-0.009257240642998689,-0.014438629304797283
2012-05-31,0.00410651845578007,0.00266226448206423,-0.007628413833864479,-0.004406056617510752,-0.005438607761336852,0.007178570180825287,-0.0022792610600432576
2012-06-01,-0.024897431598104765,-0.03196768003583817,-0.008595558373309718,-0.022190068099531692,-0.005023455432613528,-0.02742415815624978,-0.024951295414361523
2012-06-04,-0.01694937356437533,0.005778480296492715,-0.04174954626177543,0.007496460861116049,-0.00044463150830982237,-0.002542944309735998,0.00010954819498779878
2012-06-05,-0.0021393066120325983,0.0010607643689734343,0.00661012864280503,-0.005446244248152528,-0.007138668838714655,0.00521293601895968,0.005710514594359025
2012-06-06,,0.0313133167400649,0.02692799920660572,0.018532736614865528,0.007286611247267668,0.024493966519846196,0.022787776048048256
2012-06-07,,-0.007662896816232837,0.000915638111438466,-0.0044326096887534645,0.002811527813709293,-0.000520248327993227,-0.00010647016016737382
2012-06-08,-0.014690667376797624,0.007809499893091748,0.009111380287891309,0.012841056763099327,0.009265213244720773,-0.004173896402650317,0.008081420799989608
2012-06-11,0.01469066737679757,-0.01374443272038208,-0.005913056979819856,-0.007738847319526907,-0.0038135862631122545,-0.012097393091257942,-0.012700423815401067
2012-06-12,-0.0062696068009328075,0.026578332973244967,0.011340858716658119,0.007207033081258859,0.005130269523767922,0.011836114458270278,0.011583389901239803
2012-06-13,0.0,0.013386416771881836,-0.013624499266104016,1.5824948209806125e-07,0.0021904840583779595,-0.004586217633282672,-0.007048030071104175
2012-06-14,-0.0020987009762528483,0.019679435502448547,-0.003205765312078459,0.013959881002088633,0.010448468662550194,-0.0014456945507812279,0.010756592649869777
2012-06-15,0.008368307777185755,-0.005060203710282648,-0.0027561037478492745,0.004610709031296423,0.0030269798453575842,0.006162168151474867,0.010284745652146795
2012-06-18,0.03480411101211477,-0.0028220912865286204,-0.014361974224686266,-0.0014468527885146978,0.0017258871242318032,0.004565112527929187,0.0014437039589353582
2012-06-19,0.01992082959247667,0.007321053660340487,0.014361974224686406,-0.0031638562427816564,-0.004175495686280345,0.0005202547954709178,0.009767834417612748
2012-06-20,0.0,-0.01555014241521039,-0.012031740793240936,-0.002379400390286703,-0.005787661075763897,0.006352572511667733,-0.001687780512771723
2012-06-21,-0.011905079467822098,-0.010598685564585698,-0.039891440877212345,-0.011848828589753092,-0.005967778638628413,-0.014579711119175285,-0.022513208183375856
2012-06-22,-0.03039725577163031,0.012022571097899306,-0.0019393763853306155,0.0036098933248597045,0.002915638035517519,0.007055989288029611,0.00714898923450435
2012-06-25,-0.008264763267722667,0.007935318495076546,-0.034069340111600635,-0.0022711651221657735,-0.001310843989937236,-0.009287800850397411,-0.016083502390603004
2012-06-26,-0.010427448898349189,0.025363504819623277,-0.003017674558721578,0.004137633997085959,0.004798220879197238,0.0027560903364744573,0.004761368161020215
2012-06-27,-0.031951464903082434,0.009313813640383096,-0.009618140875884106,0.016642430399335502,0.011681183218135672,-0.00026221221377536406,0.00894478141961743
2012-06-28,0.012903390362454305,0.00598070354253724,0.008105524593857799,0.003008676934976156,-0.0021532627422405468,0.02281096737642133,-0.0021120283457667526
2012-06-29,-0.006431087075904352,0.07641897999527034,-0.00505846884743519,0.02093642819473801,0.015115015741656575,0.030787206530408912,0.024614793734920246
2012-07-02,0.012820676738481312,-0.004403890018172357,-0.007635612298980838,0.009292687911680433,0.001414109148946347,-0.0037349025011742198,0.002456292158706836
2012-07-03,-0.01713105841151255,0.0026444644705471434,0.05468602840898097,0.003036639635785276,0.0,0.00869272256158406,0.0062127715684242545
2012-07-04,0.017131058411512592,,,,,,
2012-07-05,-0.008528896274609666,,,,,,
2012-07-06,-0.01510282402789111,-0.005639314667494835,-0.011261081520487435,-0.0038317315937545214,0.000712492858987866,-0.005971609876688082,-0.009477418655581979
2012-07-09,-0.006543093401293799,-0.0003859920171304864,-0.004440805673571364,-0.0021773216503247353,-0.0032807053053631355,-0.010032595068737682,-0.00164017617051813
2012-07-10,-0.0021903370145971504,0.007174957325395988,-0.020990455701898964,0.0,-0.0017158412701164482,-0.022303717668542757,-0.00815912178959069
2012-07-11,-0.011025808927751676,-0.014919986035968844,0.005037886818267095,-0.006690934694283732,0.0037140119207353657,-0.00296889849095376,-1.4923688990578574e-05
2012-07-12,-0.03153361561390715,-0.005717934291550856,-0.029061534056617253,-0.010642623010792752,-0.004000846453140692,-0.018921314034936552,-0.004999574352459078
2012-07-13,0.03374883902814594,0.009598248807789289,0.01489098114981193,0.008315736619871079,0.007985249439990409,0.00839608394254616,0.016362759247573275
2012-07-16,0.011000922528110073,-0.002714598000071629,-0.012307719900628566,-0.010405791253089276,-0.0008523936441642222,-0.004189337474497818,-0.0023169958916205513
2012-07-17,-0.0243640294459606,0.0002587067014182398,0.011287826108043764,0.015697307273143175,-0.00028437625691665703,-0.004602255510104337,0.00738235580991176
2012-07-18,-0.02497325379711929,0.015791039033917285,0.023696603640541075,-0.0032225407292167186,0.0007106221782178236,0.007876335382355104,0.006658275330085007
2012-07-19,0.029447352417954466,0.011776041810496763,0.00348193630528584,0.0014187554899640577,0.000568184416692677,0.0035241408927045447,0.002713415248511383
2012-07-20,-0.004474098620835173,-0.01996128222806382,-0.03949856402684168,-0.006727549998271845,-0.0065535675425755354,-0.02133329139294947,-0.010112620534169033
2012-07-23,-0.018100055721426634,-0.01162508313876446,-0.0031045360875372767,-0.0019491570545914425,-0.00890196141750392,-0.012051667494889905,-0.008948979003707246
2012-07-24,0.018100055721426592,-0.0022109317954439943,-0.014613922153536733,-0.002865386396760973,-0.007963314836886603,-0.01698308386120014,-0.00908205019242412
2012-07-25,-0.01354442420064807,-0.0020857109913306054,-0.011634117653749,0.004684415969971095,0.021713571748898125,-0.006460645494465764,-0.0003139107221179555
2012-07-26,0.015784028740737484,0.04303262330302741,0.01635471115386219,0.0234825143383,0.013001852148119941,0.021825928048035254,0.01640566286495112
2012-07-27,0.02212442490587127,0.013284713980065296,0.028883041002364326,0.014604592298615668,0.014497272726346041,0.026366206789466606,0.018900814490450273
2012-07-30,0.01735413696531314,-0.00012337872262365644,-0.01588517626140362,0.013777636620616691,0.006757663070289704,-0.008181458599962596,-0.00048347644461061725
2012-07-31,0.019170198778011814,-0.02308426973299577,0.017916741894422203,-0.003952786671238117,-0.0002745090362602409,0.01368606411201446,-0.004326172766220222
2012-08-01,0.00210724689648045,0.008296664758683955,-0.002540020730980044,0.0025954176630891617,-0.00454785633509613,0.0026108149323048153,-0.0029041929017454256
2012-08-02,0.0042017159420403155,-0.011204192549486602,-0.02680581442737929,-0.015675706504138274,-0.008321614556996372,0.00416289444428665,-0.007531963624136046
2012-08-03,-0.023330968963920024,0.034344585304952414,0.045949825751955775,0.013451632141297451,0.014792435545344306,0.05099452831510057,0.018861288185302486
2012-08-06,0.0021435878112592392,0.0026875423045230546,-0.009525870448692294,-0.002353318167718939,-0.0053666968932464835,-0.0038317165808933453,0.002326560724057678
2012-08-07,0.012766320576796017,0.009470559575204155,0.02831057760015558,-0.010847575984570569,-0.002624684070286632,0.011573696438937551,0.005093762742592908
2012-08-08,-0.002116367226591609,-0.006425551979052894,-0.001960859121200885,-0.0026354440658622343,0.0038661471477412,-0.009223635874349654,0.000620633807453193
2012-08-09,0.03333615842430834,-0.0038994034128107553,0.013161365944369747,-0.004030894950931978,-0.0059428605334624655,0.007631055070242247,0.00041359999517301903
2012-08-10,0.012220293464311223,-0.009939448501392912,-0.005341019604555645,-0.005694962003654009,-0.0001393012396439571,-0.0008589450908577755,0.0021860506671047943
2012-08-13,-0.004056925159908238,-0.0023454209798984067,-0.003414075244229711,-0.002414323211346401,-0.0019424680725691563,-0.006154295806672571,-0.0012526850781939547
2012-08-14,0.016129494492426347,-0.00421177878726973,-0.012782751596974751,0.002033588474238079,0.0034669678754841874,-0.008058118285333588,-0.00012815461201997174
2012-08-15,,0.007050309525102588,-0.0034695359900491704,-0.0007616793479155467,0.005246195097887448,-0.0016192955516588488,0.0011389916294490677
2012-08-16,,-0.0006162168029354984,0.05740659332001143,0.005069279044575219,0.013132940139921013,0.025844293692557523,0.007075420387505465
2012-08-17,0.0020387989665502947,-0.0012342159602936199,0.031382244020807776,-0.0005057132740479329,-0.002585794237627648,0.003153741309051123,0.0018703837394767023
2012-08-20,-0.014359270559168089,0.005909895352006321,-0.006381097542300526,-0.0015193498939452786,-0.0008181684435895134,-0.01095937477218821,-2.1175053652821643e-05
2012-08-21,0.004123745404218816,0.0024521374646871257,-0.011034539697559393,-0.005334020559750573,-0.0043729223750995985,0.002811706482627975,-0.003503666814444632
2012-08-22,0.00410651845578007,-0.001102615834841907,0.0046123436267519816,-0.012560082307296954,-0.0016450503637112357,0.006814365233196853,0.00022637762345679676
2012-08-23,0.006129006699169098,-0.00775324757730059,-0.01811041536276929,-0.01716982748663054,-0.0031604223580263403,-0.004862195839888137,-0.008104999597722566
2012-08-24,-0.006129006699169139,0.01593342350941785,-0.007525706325244231,0.009402312769922748,0.005489857922935535,0.005105221453783042,0.006433988343262266
2012-08-27,0.012220293464311223,0.004610006767006,0.0018865002215135425,-0.007829250602765379,0.0015047070811475788,-0.01084953372077892,-0.0004891344205224454
2012-08-28,-0.014271542118442839,0.01668401714714402,-0.013282453132117527,-0.004463685415788334,-0.000683355824648861,-0.008616415970416756,-0.0008085090427962799
2012-08-29,0.010214616958534675,-0.002383586349255718,0.01704571695607147,-0.014312666516268642,-0.004661036525387962,0.0013588942175326271,0.0008439929642994782
2012-08-30,0.0,-0.005503531990721211,-0.008959895006121429,-0.008578492620590754,-0.008278554983765455,-0.009551539610176416,-0.007836429729673381
2012-08-31,-0.022611459409796378,0.009908801872267704,0.011304454393352849,0.006975749156832546,0.003457777859555146,-0.0076320771019646365,0.005060469767645165
2012-09-03,0.00414960906740571,,,,,,
2012-09-04,-0.02303767638632046,,,,,,
2012-09-05,-0.03888184949919638,0.00954835424145795,0.02089655461651278,0.006150697491791439,-0.005603332123715033,-0.0036902816759073064,-0.0010682316532888013
2012-09-06,0.002200288163347698,0.014382321597894737,0.031217141024407924,0.016917855154923406,0.0084906294838339,0.023684508992644595,0.020229536612006892
2012-09-07,0.03668156133584881,-0.006762545553973919,0.04016276461598963,-0.006574349105294114,-0.0006934527190398203,0.01666845740916196,0.0040417949889430295
2012-09-10,0.0021163672265916093,-0.031307864276266535,-0.01682897148643388,-0.006352539007463995,-0.0036125903608424928,0.00024457530920960353,-0.006166805654652836
2012-09-11,-0.006362687176042575,0.008978871625140702,-0.00043525820721344345,0.002916838310220968,-0.0036254441904156466,-0.0047858409215781475,0.003130052101452872
2012-09-12,0.002125262873856249,-0.012425715512750436,0.0069412764590852825,0.0009323539718159847,-0.0214635719103151,0.009426689403140823,0.002090505602596938
2012-09-13,-0.004255052111415368,0.01547834583132801,0.01714604562916852,0.021080939575936077,0.01163628286941307,0.010545128446700674,0.01617817215384428
2012-09-14,0.04787563591572127,0.0009375678516374451,0.02559394063237575,-0.006015332765167092,-0.005943463447352328,0.0028892940487842637,0.003951135292808127
2012-09-17,0.008097171372922958,-0.0023455088371237783,-0.014184715745913979,0.006015332765167019,-0.000994020686605808,-0.021508797905356425,-0.0031295828602655195
2012-09-18,0.0020144475138700667,0.010976531635661178,0.026126241668131153,0.007015878806308645,0.004818424053817941,0.000122719196439002,-0.001280595132117327
2012-09-19,-0.022381505646975764,0.005096660378527939,0.013013782716591088,-0.002592845100650059,0.001695261584056247,0.009291489734141139,0.0011848517443742584
2012-09-20,-0.004123745404218875,0.0051856794013071935,-0.013422885377600767,0.0031106995022963956,0.0054894472429138546,-0.002924835111773214,-0.00054087999282134
2012-09-21,-0.004141017863503776,0.00011479036176325078,0.015440749406167232,-0.01591299504549385,-0.009732547553449392,-0.005384506512471949,-7.532185571705149e-05
2012-09-24,0.01646148945612172,-0.0021857284994423374,-0.017900788750792804,0.0023639290723718996,0.002124295347055652,-0.01234585243847089,-0.002235150069379947
2012-09-25,-0.00204325505108401,-0.0041552682669216455,-0.035091297162788256,-0.011609578811861749,-0.004963312762357465,0.00822216289100934,-0.010557389418567714
2012-09-26,0.010173340782776149,0.012414183861112734,-0.00554301315943173,0.002120769285558647,0.0009948339360159148,-0.022746781798549928,-0.005753253211740956
2012-09-27,0.006054693726884599,-0.010103510190388802,-0.009018019022064451,0.014460863113638187,0.0031190380591418665,0.019884645502748117,0.009602727708234702
2012-09-28,0.013986100196046783,-0.008692377470346355,-0.018725357050460474,-0.009968410424112234,0.001838445637948414,-0.021920626142514527,-0.004487808236766832
2012-10-01,,-0.00419907238844152,0.014835010650822884,0.011794295623415,-0.0016967670534443313,-0.01851202981208168,0.002647997667994667
2012-10-02,,0.033110297670580165,0.02523066763669284,-0.001043075002584307,-0.00042468326414078495,-0.002858424559349016,0.0008719067272658147
2012-10-03,,-0.0005655093557373017,0.02954225643884839,-0.0026118818497560827,0.0011324454468363712,0.0031180041120523207,0.003617857293033645
2012-10-04,,0.003275581870922295,0.010603960626137578,0.0023507324394584353,0.002401220160692922,0.024221270736664215,0.007148821731697362
2012-10-05,-0.00821307153697636,0.01788381116930417,0.006066579793035918,0.006501135329390211,0.0032400463728379752,-0.016339629022013757,-0.0003216410840751239
2012-10-08,-0.02083432770845086,-0.006891918124914592,-0.00931731245348199,0.0,0.0012649173091284966,-0.004644107290945647,-0.0034627238474289053
2012-10-09,-0.004219344633824515,-0.02644854545879896,-0.00817336619533584,-0.0005182034087885776,-0.0011241552763759418,-0.016688670061714324,-0.009940182135141966
2012-10-10,0.0021120977373439995,-0.006549635205483741,-0.005761153862813426,-0.01226389917038058,-0.011598181101176915,-0.02072345780717236,-0.0062072555664811424
2012-10-11,-0.01702200612539916,0.002072965993648622,0.017591061109924293,0.0005249041076675014,-0.0067094241193357915,0.004687214945766729,0.00019537043698457742
2012-10-12,-0.019502329617925727,-0.0011510041045351038,-0.008961097203231029,0.003144035618649407,0.0032890254741296835,-0.0024078483768798396,-0.002970544956016541
2012-10-15,-0.01321614594234887,0.0010362743605496162,0.0016350164230890033,-0.0026194838633418257,0.0041311213311715665,0.020414251269066857,0.008045470752666933
2012-10-16,0.008830455385889417,0.022301374750180937,0.012583646530552129,-0.006050144697474296,-0.0005684216447219732,0.01446025893317964,0.010217555817170515
2012-10-17,0.008752643991177407,-0.003607382863278696,0.010832460603458363,-0.004230483094390066,-0.0028496259082543426,0.008627749926447336,0.004108606125954804
2012-10-18,0.0021761399665757497,-0.02492696475741491,0.019755897340270237,0.002646129105909916,0.009371208659079243,0.006645417006979419,-0.0024467198768949572
2012-10-19,-0.008733430415890999,-0.00930594866487939,-0.03868868565893063,-0.01169598866320696,-0.012514312207516497,-0.00869909854790586,-0.01671014460003599
2012-10-22,-0.008810585513512994,0.007103644666836277,0.0012190622642272437,-0.004555946969159099,-0.004014974640491755,0.014541106692525818,0.0004394856785508615
2012-10-23,-0.013363106917850507,-0.0010450571815221559,-0.030936432961248875,-0.016793206336876684,-0.01563869161313916,-0.016469940645241887,-0.014549234970738009
2012-10-24,-0.022677079786807056,-0.007344680989648716,-0.0075694647969189064,0.00734778654730717,-0.0017528733049099712,-0.003998788640898108,-0.0030901524835878326
2012-10-25,0.03825030441082766,0.0008185150247958481,-0.002535832363690192,0.005678140926012653,0.007138177463605887,0.013862218724503376,0.002991064948394708
2012-10-26,0.0,-0.003748153333748188,-0.014922773071925554,-0.0013492998279378671,0.001305638428634806,-0.01399160021270792,-0.0007292475686444066
2012-10-29,-0.03139324838925398,,,,,,
2012-10-30,0.024748608677366866,,,,,,
2012-10-31,-0.002224762841684802,,,,,,
2012-11-01,-0.0385972931425032,-0.012246801483241376,0.007033964614069988,0.004026315581441641,0.002884632864750644,0.007459023610022752,0.010867212600985972
2012-11-02,-0.0046404112073662,0.007941337935603374,0.004274364591214775,-0.006719323041480562,-0.005632058150971572,-0.003208035671823432,-0.009423718242892513
2012-11-05,-0.07482378820506837,-0.014121287853044107,-0.008567581289177744,-0.008395278189691636,-0.0007244275013156529,0.04461930064573146,0.002161471345057592
2012-11-06,0.04172349572277241,0.015678288364643817,0.023958405468615964,0.0175228046532319,0.005059586004411689,-0.001353132723530048,0.00782250912272711
2012-11-07,0.021404228071068725,-0.016894514745543186,-0.045302705348850614,-0.018883695200887927,-0.005204737288549964,-0.019389061716902894,-0.023990484179204748
2012-11-08,0.0023502491025894794,-0.0028028709028615592,-0.012462543801892404,-0.009852451551248838,-0.0029030524418124227,-0.016832935709227295,-0.0122799333135091
2012-11-09,0.004683770256159064,0.009474073243912555,0.012862192494829536,-0.0019267753192650284,0.0008717671182378167,0.003822093583906175,0.0016972512798215903
2012-11-12,0.011614556982237456,0.004703807512350997,0.008747006590376532,-0.005803840229265474,-0.003491892524713373,-0.012152629849135038,0.00013047937654856286
2012-11-13,-0.021004362129565378,0.006356834140132014,-0.01757202881824006,0.0022147942574642907,-0.0004373982818125066,0.0021856647328411727,-0.003993383474745327
2012-11-14,0.02100436212956534,-0.017123672368559075,-0.0265375254472344,-0.004156781498122519,-0.005996317744974319,-0.01892721324849737,-0.013948870444327605
2012-11-15,-0.023365598659952268,0.006908834915437688,-0.012070866935995786,0.011596397863913905,0.00029351623033563784,0.049157638318015985,-0.001594815957016726
2012-11-16,0.01873603901432436,-0.00036222043214365356,-0.001256862336223931,0.0035617687503089837,0.0017582664641182257,0.022544780448147665,0.004828274735175702
2012-11-19,-0.006984997336609421,0.02281640981664394,0.04428750092896048,0.018428520260819713,0.006856549049339556,0.01475256065237106,0.01966737673954756
2012-11-20,-0.0070340193587484865,0.014305985015736083,-0.013325529409539759,0.00026894973871352984,0.001888369202681646,-0.005295354472283911,0.0006631664358276915
2012-11-21,0.0,-0.00924016055997498,0.0,0.003750813341036105,0.0057880554622999686,0.01864948450352702,0.002317493660971613
2012-11-22,-0.011834369988953005,,,,,,
2012-11-23,0.03048294632993884,,,,,,
2012-11-26,0.00230676724181584,-0.0031088828499847366,0.0007928218091513349,-0.01514227098233374,-0.0027105215378438034,0.01299749010098024,-0.0020316442693263446
2012-11-27,0.03620318801997991,-0.006827861166575435,-0.008757760092368252,0.0016048505794228358,0.0015698427065906424,-0.017329270248125406,-0.005240293685227754
2012-11-28,-0.002224762841684802,-0.0065237021727407515,0.01073778191575625,0.010572376155756541,0.003417394703825535,-0.0015258949284978488,0.007825330760125263
2012-11-29,0.0263753325548034,0.010117016824944286,0.03153850640897937,0.010856676347408624,-0.0005688382951460577,0.016315392213640513,0.004260553566881813
2012-11-30,-0.02193127112164027,0.01766093909696039,-0.008081575674139132,-0.0013177065948788455,-0.0014234714866281778,-0.004982753091258554,0.0001624943340681183
2012-12-03,0.013216145942348784,0.003631241695647979,-0.014400018283980093,-0.014343028978830162,-0.004853947979727193,-0.004891224425362148,-0.004756519166260062
2012-12-04,-0.0021903370145971504,-0.0001136560581639303,-0.003927757064789664,-0.0061716225029832626,-0.0001432603496475544,-0.001635760155076976,-0.0017112757910542108
2012-12-05,-0.006600467807342844,-0.007732486098781128,-0.01626685954678731,0.004296974787012346,0.005566773716260043,-0.0029275996217796936,0.0015836076545869759
2012-12-06,0.013157758256658056,-0.0014849618739494813,-0.0173498404532464,0.0018746477159708598,0.004437492523443232,0.004563359776856674,0.0033011358587093772
2012-12-07,-0.01536787596282803,0.0031959719631963856,0.02492104568631924,0.00878959076093382,0.003421949375217284,0.005123071900771576,0.002916661999350491
2012-12-10,0.006615231971650684,0.005228468666300061,0.003566498927643835,-0.0018579175079953922,-0.0007124045493936941,-0.002092527915494604,0.0003385032499758963
2012-12-11,0.004385690556459474,0.009702036378802742,0.00670221113496067,0.005828166569491361,0.00298705170383787,0.001512023290931183,0.006527531315292975
2012-12-12,-0.006585978719807047,-0.0152724255238942,0.007047936912209749,-0.005828166569491457,-0.0025593833686056713,0.008447573783393336,0.000448139333956705
2012-12-13,0.015301103899098556,-0.0043415789077928075,-0.020099513899763267,-0.0010635512732889174,-0.0004276683352321858,-0.01042526144582188,-0.006341489977008348
2012-12-14,-0.004348171744573559,0.01115822709616762,-0.020511177666130018,0.0015947482282654612,-0.0007123353025894057,0.00046566437149717847,-0.004143975679491531
2012-12-17,-0.01980239796854513,-0.012877157145534385,0.009704837072014574,-0.004257575185030021,0.0029890948652360324,0.007767830304673287,0.011800688037811027
2012-12-18,-0.004454486291298283,0.012763775170074043,0.0254281996897525,-0.005883971099254846,0.0022707675573460677,0.030256929865551438,0.011421185666775555
2012-12-19,,0.0058711567901535925,0.06419526413953758,-0.013502871409501281,-0.009258443853335508,0.016667079510848396,-0.0076181455628212226
2012-12-20,,-0.0031570539681233917,0.005869361662024847,0.007314171583297755,0.003285820850596263,0.020504586970519014,0.005473104693568626
2012-12-21,0.0,-0.011928760625430808,-0.0007319892817683507,-0.00432766710497547,-0.006869704244105845,-0.020284371302386056,-0.009422944450144789
2012-12-24,0.0,0.0004574099721700539,0.012368457598206591,-0.004346794688709008,-0.002876683302851849,0.004506908572056202,-0.0024432789712663986
2012-12-26,0.0022449512813121127,-0.0011432039654520841,-0.0014471866134035292,-0.008475480723078115,-0.008534070502279438,-0.00903404192296102,-0.0047989567899257195
2012-12-27,0.008556571135113381,0.005929399743993013,0.01223502383346674,0.0,-0.0024727174394911333,0.023839659253385263,-0.0012191849162664064
2012-12-28,-0.020385719537926936,-0.01316057215209709,-0.003941880366733617,-0.012432662791929814,-0.009510500588136883,-0.005092029665481455,-0.011111445674961485
2012-12-31,,0.00688803948461868,0.034583284158424744,0.007753791569122797,0.006009938986548639,0.012734762024943743,0.01680002726988578
2013-01-02,,0.018476125089073064,0.010352029797764598,0.03656431162179279,0.013065898688719327,0.028959778705895393,0.025086115958697298
2013-01-03,-0.04740202758997407,-0.024903299353819644,0.02341095764040546,0.0,0.0004327618825348734,-0.006479738438912634,-0.002087795423524574
2013-01-04,0.0,0.017802589318029548,0.0013400590514744725,0.0015947482282654612,0.0014403279666850386,0.0204459386254129,0.0048532999789810665
2013-01-07,0.012062761354741778,-0.009204186156485045,-0.006720148293535014,-0.009605299256360588,-0.00014333146232998505,-0.018769757144480325,-0.003128003259122683
2013-01-08,0.0071684017053227226,-0.015067213605755142,-0.009825647212636833,-0.006994922315226636,0.003018941205008563,-0.016890294980049386,-0.0032476391807331087
2013-01-09,-0.011976081812775277,-0.023450591024905813,0.020223078377651513,-0.00027012708651874345,0.005012339624226538,0.01825026087333439,0.00265234535868163
2013-01-10,0.009592244776794321,0.027152159338086946,0.015560909701061935,-0.0018923045464073944,0.011361635176175037,0.01246679936491694,0.00756870010921085
2013-01-11,-0.01684732602408367,0.011365645292574155,-0.0026317645631042195,-0.0013533453912650607,0.0009882071198783107,-0.0077735595449952245,-4.751511497752233e-05
2013-01-14,0.014457792727427378,-0.003430470648377866,-0.0009884666692942256,0.0021651993544984415,0.005767973256359021,0.007153880306003567,-0.0009311049049197806
2013-01-15,0.0,0.015796819391504326,0.00886239938465723,0.00888169392793028,0.00433878903357544,-0.0038299575490297723,0.001128033295304306
2013-01-16,0.007151314870859318,0.0033765628801136916,-0.04307098269715465,0.0,-0.0016771265256590904,-0.018737249861102905,0.0001969725099562613
2013-01-17,0.009456517059289418,-0.0008994117256987024,0.0061224145764253385,0.005078038875818114,0.013202432804197998,0.02236037614807874,0.0056270605413545815
2013-01-18,0.004694823839277183,0.009069417670436123,-0.007146661742417269,0.005052769225542222,0.0006901775163778339,-0.009238664777198598,0.003397492378151099
2013-01-21,-0.014151340898566537,,,,,,
2013-01-22,0.01882411674095659,,,,,,
2013-01-23,0.016185310597487238,-0.007957635205185824,-0.0020976445995680815,0.0,-0.005416237951075594,-0.0040148497290653055,0.001506341924293118
2013-01-24,-0.04695711994072936,0.0015522725966659948,0.007323346406813737,-0.0005386243614103893,0.00583156051588909,0.013565539188781398,6.61466154430249e-06
2013-01-25,-0.034232796075514695,0.015937015274104436,0.010026069336106605,-0.0016182453838994382,0.0035931593475499314,0.003753128534276138,0.005430708661868184
2013-01-28,-0.012516166419358137,0.00108955253517364,-0.008290338676012947,-0.0010803394405733795,0.0016541776611950062,-0.013831038620895348,-0.0018513342747921247
2013-01-29,0.03951149548856496,0.015455851069838983,-0.01326806542570184,0.011017444767006113,0.004534354910073767,0.008614497285705555,0.005093003781205059
2013-01-30,-0.014633882566276808,0.009606262319132327,-0.01808909015835908,0.002135565599025749,0.003694787961129257,0.0,-0.003907244671751714
2013-01-31,0.0073434232063935454,-0.060651427766627054,0.005354317796342822,-0.006957485159636125,-0.004929132702500103,-0.002408918063029627,-0.002566591958392015
2013-02-01,0.0072904593598832074,0.040695890739070546,0.0028440483086792845,0.008023637799838933,-0.0024740657205804114,0.02852919331095597,0.010002513224009682
2013-02-04,-0.014633882566276808,-0.05124789154728435,-0.007482614312652184,-0.0050742036946668755,-0.003032229744498659,-0.0030619228211224655,-0.0116058327096515
2013-02-05,0.0,0.004666147154287054,0.022282120661873354,0.02093065873844229,0.009615815500705827,0.010473700779410915,0.010362632222059643
2013-02-06,-0.01985214373091841,-0.00809399307046128,-0.0024515145474339377,0.004447680710860492,-0.005208737807769909,0.03908052331368507,0.0005490198591339299
2013-02-07,0.0025028253531705316,-0.011164160803104936,-0.0017548849557069573,0.015540213358685,0.0005498393672273134,0.0,-0.001807031055856767
2013-02-08,0.046406578978414825,-0.007668106040746354,0.0035066055660509378,-0.003604907302029163,-0.002888063374349545,0.015923085904423484,0.0056419945850431485
2013-02-11,,0.006162624812147514,-0.0014011489691904667,-0.004135427639131101,-0.00331171187601369,0.014069953043143051,-0.0006063012476382776
2013-02-12,,0.014385033755024942,0.0007006846147386575,-0.027571402608947995,-0.00262909136701989,-0.01043847666345407,0.0015940011376042063
2013-02-13,0.023365884421259066,0.008419885176162085,0.00419463698510327,-0.009362259376606914,-0.00932722171658702,-0.00593190294129491,0.0005920877747906565
2013-02-14,0.0,0.049728262101609876,-0.03261571112114397,-0.009993152988107736,0.010850287539791155,-0.015180208706259087,0.000690433265053607
2013-02-15,-0.013953980225048184,-0.00032345031286416,0.0003600192414020649,0.015621082562273372,0.01918407906834689,-0.00039016177672200494,-0.001045627796013619
2013-02-18,-0.018913122472769654,,,,,,
2013-02-19,0.004761781574203002,,,,,,
2013-02-20,0.030411954109046464,-0.0023659004819659756,-0.021176239279419844,0.0015917096537167966,-0.0010601554446319343,0.0006828996929366277,-0.012481711430005843
2013-02-21,-0.0046190341173591234,-0.008760221581526331,-0.022011927343557575,-0.0005303657294623347,-0.0007958931934532273,-0.014630369444319728,-0.00632300546566533
2013-02-22,0.013793369835078962,0.014236898653829055,0.022380770029496126,0.021251933230085118,0.002782744437555415,0.012190383971458997,0.008734213386774423
2013-02-25,-0.02076217308580978,-0.015758684483586784,-0.02919385599524603,-0.020986985680884432,-0.005041208390124144,-0.028947121189395523,-0.01847927558477439
2013-02-26,-0.004672775842390182,-0.0013063792400338408,0.018811990370903427,0.010286534440801786,0.005702717857896759,0.030119276680211856,0.006090876862567387
2013-02-27,0.007001219782550598,0.020379082689563472,0.021021898947340533,0.008882243512718215,0.005273794022082541,-0.008330998327939198,0.012645699119019574
2013-02-28,0.013856866657326666,0.0031969845380951877,-0.00916583186161791,0.006997601092836019,0.00383450671054675,0.009695971079903934,-0.0008644534614572404
2013-03-01,,0.005834907463823273,0.002207519170960399,-0.0005168769393006913,0.002109649272413252,0.000877123709870908,0.002321159449526721
2013-03-04,,-0.00010603190668387911,-0.004419637141033044,0.0030958350938199105,0.008784863075808991,-0.0024375010158264325,0.004600126548349631
2013-03-05,0.006810599832420507,0.0017968427886099424,0.017926034145092563,-0.0036128286110468566,0.003908735121156904,0.00836036287426423,0.009520551872499975
2013-03-06,-0.015963942923050523,-0.006143364143945972,0.011893873516212895,0.00875177365348574,-0.0013009157307191622,0.01107081147627843,0.0010839250554146814
2013-03-07,-0.006920358789044871,0.015392935527920835,-0.0010752834107608984,0.0025592304796262398,0.004417208681372892,-0.011458270534699848,0.0018148436172064244
2013-03-08,-0.011641579093120816,0.01618942645825348,0.00429494921701517,0.0025534407687214196,0.0007772234269921952,0.004155513840256738,0.00447112871295497
2013-03-11,-0.023697687142111366,-0.0016481985957109693,0.011010743329364353,0.002292105203792968,-0.004544099003739269,0.004810414769205576,0.0032438188658736856
2013-03-12,0.009546346243544862,-0.011928919111233343,0.0021171616221870772,-0.008943748802554979,0.0005206941675309891,-0.013819877647407877,-0.002406145396801988
2013-03-13,-0.002377944538222056,-0.0016710738765755382,-0.010630826859412378,-0.002329744465883117,0.0007798241878298021,0.0018470377801351589,0.0013131891571707575
2013-03-14,0.009478702772352748,0.006148053819735518,0.0032011587982315585,0.011081121341271922,0.0031142713680776227,0.005714724544326248,0.005587352158971998
2013-03-15,0.037041328125869105,-0.008659803284215492,0.0017738210726258457,-0.0048809874383254235,-0.0019450777307499299,0.003759442098123309,-0.0016197737499887566
2013-03-18,-0.004555796533233462,0.0019889384951539565,-0.006044405886173071,-0.0018045168382575423,-0.004683950463617158,-0.010251556068128654,-0.005525570335024047
2013-03-19,-0.004576862488322533,-0.0035622508760173527,0.002137526329063479,0.014598930355391183,-0.00013026112354972197,0.0027183803219270578,-0.0024254697268762293
2013-03-20,-0.0022961485577117314,0.008881513886037109,0.03839917058889954,0.013636718461052688,-0.004575732019320624,0.010895178207605685,0.006675163815817943
2013-03-21,-0.01156071809961508,-0.004796452040693922,-0.01971370251442128,0.005003679002559631,-0.0022298580768846414,-0.00721812297732569,-0.008316923756005078
2013-03-22,-0.0023284439401605344,0.025082223557323372,-0.014424347541106013,-0.0007490985591147654,0.032175388460634724,0.004433299803504491,0.007148643803299891
2013-03-25,0.004651369747031393,-0.007263620633569124,-0.0021280620488886215,0.001996206240428036,-0.01035370346315208,-0.006560605144295336,-0.003345629300947282
2013-03-26,0.022936685172757577,0.013260051828386642,-0.00035490429684641265,0.014107166226248464,0.01390786435853518,0.015104043034109584,0.007754963194634991
2013-03-27,0.015748341977368564,-0.012644301439617528,-0.0032026639510817083,-0.011617822884449278,-0.008014791543240056,-0.004838033168820139,-0.0005885230525645966
2013-03-28,-0.002234575591396667,0.02132073403466937,-0.008590029804215301,0.005455297768489971,0.010419294265933457,-0.00447158357887149,0.004048463396191122
2013-03-29,0.002234575591396694,,,,,,
2013-04-01,-0.008968631222840528,,,,,,
2013-04-02,-0.011325260543911407,0.008222153738521995,0.004665200758258681,0.00665265575155399,0.008058594769573263,-0.012626268322905228,0.005158933898853431
2013-04-03,-0.0068571945329182074,-0.010641484947284063,-0.004665200758258644,-0.013599251785315236,-0.009829870751265363,0.009261393028766895,-0.010602133218841155
2013-04-04,-0.05177593251011724,0.004732242499600729,-0.0021606178290748406,0.009168902547539066,0.007192960872521579,0.04601095860621269,0.004040279012737101
2013-04-05,-0.044451912254675145,-0.019782535378853393,-0.007962352783547379,-0.011411701844550742,-0.011890127150602788,0.008202375414699254,-0.004304145168907639
2013-04-08,0.0,0.01656289038431869,0.002540015891461671,0.019274217648358846,0.011512578825874161,0.020538888209002553,0.006282958765270947
2013-04-09,0.0025217623291900752,-0.0050514413647132425,-0.0021768948424463553,-0.0036779605440092587,-0.0036542703771773473,-0.011006826057500882,0.003538065806577469
2013-04-10,0.012516166419358174,0.031014170486891174,0.030056007827089136,0.008804470526725785,0.010673731483182328,0.01165044238052146,0.012115443329548888
2013-04-11,-0.0024907088478508463,-0.009471371252870526,0.04648770682950624,0.0026747388947131845,-0.0012499669179961879,0.0405354454418822,0.0035459561795765683
2013-04-12,-0.017610559219256663,-0.004968510195751277,-0.0033703439745255775,-0.002431662827194456,0.00037537674114003413,-0.0015902360726189758,-0.0028407983185492532
2013-04-15,-0.02051363225772313,-0.02165148292447864,-0.02426212866474431,-0.024394146686898908,-0.01346703269236598,-0.01793170526471551,-0.02323412455036433
2013-04-16,-0.007802162778802451,0.01123667231868202,0.01918508693155609,0.05531376779282653,0.013591815865610453,0.012701158411967992,0.014205840828064486
2013-04-17,0.005208382886861929,-0.026521480259330734,-0.006809384190200413,0.004239334043700388,-0.014479336424572381,-0.0075834960049378924,-0.014431313685984552
2013-04-18,-0.020998050968271245,0.008543251500593735,-0.009957219266249406,-0.010632499153788777,0.0299836588140537,-0.009990695428376817,-0.0067235559695443025
2013-04-19,-0.026883533915114746,0.016769590683708698,0.005848920220682586,0.013214391216705066,0.018535092518289054,0.015349793374262967,0.008808989051054724
2013-04-22,-0.002728502578627503,-0.002017718711962452,0.003424504160724346,0.0014052476021372154,0.007342596781415941,-0.00026730243584161667,0.004650798215427389
2013-04-23,0.005449516810320235,0.006414584082938566,0.02030564169708075,-0.0004681513045599459,0.008597938627986816,0.00630628393064003,0.01036531280555277
2013-04-24,0.005420107519884619,-0.011873366621573418,0.019900923173778964,-0.01296427172461176,-0.02114929649345382,0.006618918278500766,6.340170072840042e-06
2013-04-25,0.05520437903455403,-0.0007273189261192102,0.008502220582619681,0.004733724977209324,0.0058125481317805585,0.018734410137652046,0.004026614564991384
2013-04-26,-0.007702066662322722,-0.02185647393742052,-0.006861437422313475,-0.005920940766879913,-0.003750149517246241,-0.0031125533136039576,-0.0018438118015177635
2013-04-29,0.015345562909240981,0.014240006543707058,0.00946333079842309,0.0033202613923015113,0.0016952006953962196,0.009137065396880235,0.00716031536940742
2013-04-30,0.012610570839119399,0.0014652185628526396,0.0016225957064535865,0.002128300298099641,-0.0021801416860505853,-0.0020614582475403562,0.00248181741858196
2013-05-01,,-0.007663750238909117,-0.021633130541975788,-0.002839175741773727,-0.003157896590187371,-0.022433593790727447,-0.009351472649564404
2013-05-02,,0.0037866554600345555,0.03195585943490726,-0.005940156445405241,0.004248318077952261,0.0057869442344158336,0.009364003810320709
2013-05-03,0.02252907977107861,0.009924156172850054,0.029720407372207117,0.0066510318890794316,0.0032656045816691027,0.004709685502982639,0.01047956394817034
2013-05-06,-0.014962693160362089,-0.004166342882680464,-0.008760816007387507,-0.0037951024900081828,-0.0039924201109524365,0.0009568062145329499,0.001905961128483939
2013-05-07,-0.02287250285921945,0.005413132213577685,-0.005356742045072612,0.014626328611989014,0.010130207703968563,0.009086831648086938,0.005216639159837863
2013-05-08,-0.0077421225561902585,0.014941808744023483,0.01349446778065458,-0.005636477048471999,-0.0010801413818421633,0.03070897188241894,0.004130538866696586
2013-05-09,0.002587373288124405,-0.01556479788625059,-0.01349446778065461,-0.008039913773530567,-0.004816581506874381,-0.013118374406415922,-0.00369391802877331
2013-05-10,-0.023530208182621446,0.00507731603813883,-0.007293392367785427,0.0007121190973909178,0.001809283828485535,0.026231529267691275,0.004312343771584845
2013-05-13,-0.002648995965714903,0.008132267923899067,-0.013457667724454343,0.0009482924036895196,0.00036128442747915897,0.02885111510973516,4.288844886953105e-05
2013-05-14,0.026179204148336264,0.009692596373840347,0.017586074924451658,0.007791228413858953,0.005644362982427963,-0.005462540288891177,0.010091066969150287
2013-05-15,-0.0025873732881244874,-0.007439803426864231,0.023803809097356136,0.009363681638533026,0.008942301089922215,0.019542201284290472,0.005101103490210887
2013-05-16,0.015424704896222432,-0.010695175067579357,0.0024727280638134935,0.003952970505682862,-0.006072315885513509,-0.011759220806829732,-0.005022331985410747
2013-05-17,,-0.0036251931649203648,0.03130449923435602,-0.002788962720094612,0.0007164681567985227,0.01743027599119351,0.010247411986562578
2013-05-20,,-0.009278088822012271,0.00834343923835556,-0.01382550549578761,-0.014544635499407852,0.010391628347063005,-0.0007078684047072334
2013-05-21,0.0,0.0012558659215999076,-0.00894183467027547,-0.0009443806453797562,0.00048437566180372196,0.008282983495196022,0.001720904683002348
2013-05-22,0.017478584670299235,-0.003457513612038333,-0.00510307884637995,-0.00212786608761947,0.004106536397632374,-0.014598749792599626,-0.008308074265778554
2013-05-23,0.0024724692809752957,0.003457513612038221,-0.01150109204528981,-0.00760285819372937,-0.010297505048086644,-0.025189653953098187,-0.0029281151046060853
2013-05-24,0.007380248125935224,0.00010473496136485674,0.0006087245082826825,0.00736644578347738,0.005586070963313361,-0.033691177509230966,-0.0005515174989888943
2013-05-27,0.0145988478482754,,,,,,
2013-05-28,-0.002418654436919937,,,,,,
2013-05-29,0.009638813365048295,-0.02131342780808081,0.002646761395674907,-0.027399321817420868,-0.016019419289623568,-0.029744746589440447,-0.007072936243165862
2013-05-30,0.004784564669341675,0.004575289864093326,0.017178846519987783,-0.015334528189016837,0.0012312541089099008,0.007415597341788464,0.003663625114313425
2013-05-31,0.014218298633492608,-0.024501627922068014,-0.021889071143055237,-0.0193166772281402,-0.005555714424459654,-0.024453845406758067,-0.014410576921857085
2013-06-03,0.009367599681667197,0.004233798995316301,0.015517667325070228,0.02029761980622902,0.007769795672049482,-0.011464760086685514,0.005918439859741687
2013-06-04,0.0023284439401605812,0.00021670321599471476,0.015566922616673678,0.014837132600635974,0.002821218596251049,0.017486586691811266,-0.005526048005605536
2013-06-05,-0.02115256068111714,-0.019687993990643835,-0.027256042791471,-0.01876533697520948,0.00170109817292735,-0.029084592261012735,-0.013875554543922225
2013-06-06,,0.023687349922759636,0.01227016181256918,0.0034380662138969796,0.005648889867255707,-0.0034008347752243796,0.008454454144230643
2013-06-07,,0.018278398170745013,0.01698610508635547,0.015085281889733005,0.010355423897537734,0.022286496741793015,0.01274991452694569
2013-06-10,-0.009661414996001276,-0.00733511577795015,-0.008313197752772178,-0.005569528623140978,0.0041121639920499095,0.034342759396256965,-0.0003468736036370341
2013-06-11,0.0024239479896935785,-0.010296376001791735,-0.023592092373703324,-0.00951575326659197,-0.0038699130908823633,-0.010204764509501916,-0.01020526418482108
2013-06-12,-0.014633882566276808,-0.0008628542568291838,-0.014247719946747566,-0.002966734282512143,-0.0051019260412078155,-0.0066093088959511305,-0.008404776908050976
2013-06-13,-0.027399375251478456,0.006345871845342385,0.03090755921574863,0.0004949369376591536,-0.001584964306890246,0.018051404747055206,0.014676069097359318
2013-06-14,-0.005063339318559249,0.0049197603673137545,-0.006105516755182133,-0.0017338864158510164,0.001828464634311506,-0.03285017707736522,-0.005902401062457968
2013-06-17,0.0,0.009978844966866601,-0.016466209649731736,0.008393400534429957,0.005101170669115495,0.02523682628574906,0.007538875562714677
2013-06-18,0.037364316905828796,-0.01093947583434438,0.008266845042284011,0.0061264177427363745,0.00024164993553055355,0.01574184325551153,0.0077609634287832945
2013-06-19,0.014563413488081477,-0.020281155841020394,-0.010344011136964775,-0.012785931861315289,-0.020556126809699763,-0.012424493246087853,-0.013948301328481997
2013-06-20,0.0,-0.04776618365289827,-0.0332259075935821,-0.0321875306865175,-0.024781949158057447,-0.031284089955666505,-0.02532842439229829
2013-06-21,-0.026864044075861758,-0.0027470366095349694,-0.010807878600071989,0.01597213333228818,0.015342341386638848,0.021048172057515475,0.002666219053525561
2013-06-24,0.0024724692809752957,-0.006901316691326032,-0.0248318236891867,-0.005801814695760967,0.0,-0.025586066508526892,-0.01221936895962692
2013-06-25,0.017136493547597102,0.003226238333494542,0.012650134412857887,0.00479513973942889,-0.0011240224875493153,0.006500778532524381,0.009452456559302368
2013-06-26,0.009661414996001186,0.01993322925219922,0.02268223547334858,0.015240568021904849,0.015619546595088555,0.00654353713423133,0.009544789666190033
2013-06-27,0.04695711994072938,0.015332712346509385,0.01675624302973943,-0.001737399904247634,0.005397149558660188,0.030694765222381865,0.006180691300296602
2013-06-28,0.0338252168873075,0.0024404387263421245,0.006324017677239628,-0.003732356142849973,0.0006118125204203677,-0.008911066849376738,-0.004298788980467904
2013-07-01,-0.0111482862835542,0.005634456778677055,0.02050314150910957,0.00868792273075047,0.003052000524777888,0.01937004757573505,0.005389199609389811
2013-07-02,-0.0342108714542092,-0.01532024151852929,0.002936498365362001,-0.0022269949396597076,-0.0043979099294608566,0.011718171899422924,-0.0005450566900508968
2013-07-03,-0.002322925806870836,-0.021826967041549336,0.001172566223056052,0.0029684151266103,-0.01169862170791138,0.00040146739830225253,0.0008237078945754475
2013-07-04,-0.004661772992873438,,,,,,
2013-07-05,-0.0023394467896771707,,,,,,
2013-07-08,0.002339446789677242,0.01868819038340786,-0.0008659036780274214,0.0004932784529895285,0.012055591628596644,-0.0029580948760802783,0.00523780521383603
2013-07-09,0.01622249109248839,0.004007207327267127,0.00805047137894065,0.0071278623644484085,0.01203319871184866,0.010354786456691774,0.007203661934863007
2013-07-10,0.006873011046034102,0.010277994051826882,0.011672943745281784,-0.0036802964447806433,0.0026543561085783877,0.004506216229505154,0.00018157596462801376
2013-07-11,0.013605592588507121,0.021536485480702902,0.02266816328559821,0.00856664017894186,0.018623067725507324,0.019683562354049076,0.013463212765353812
2013-07-12,-0.0603431972861328,-0.013760301901154374,0.007168102737305537,0.0,-0.002724289793160007,0.0030890058614045516,0.0030817302206288433
2013-07-15,0.01660783193014864,0.0029412302167922378,0.0027435014488660157,-0.00048738612623449245,0.004732471446928677,-0.0003855425385493248,0.0013739351515561534
2013-07-16,0.002350332620336038,-0.0013064777173691213,-0.008805688206795422,-0.019203115717522187,-0.008296428068285634,-0.005646809060644203,-0.0037156554177069927
2013-07-17,0.027779440147140882,-0.011171889786874816,0.004962816820934782,0.015049166349495796,0.01441572886057416,0.01486060115240704,0.0027702066483981415
2013-07-18,0.009090931877016192,-0.012635706633403302,0.013114594712894254,-0.0007347823149994949,0.01813566220717322,-0.0003054986391199322,0.0050203417120067255
2013-07-19,0.002259931183629015,-0.0024574052405156505,-0.006262750809432072,0.006837552012002572,-0.004502959756958976,-0.0033696078723805855,0.0016087555796456545
2013-07-22,0.0022547295278618667,-0.002350652627119981,0.004088754093460807,-0.006102769697003173,-0.00011558029290330494,-0.0004602574950715718,0.0020309625424268186
2013-07-23,0.0,-0.007425125331898754,-0.004088754093460852,0.002933812251213651,-0.0023179885589326766,-0.006313378445464775,-0.0018536538683364202
2013-07-24,0.0067340556314438955,0.008657189954102916,0.014373142766971636,-0.0024442571504818393,-0.0065172878457977045,-0.008142422621646042,-0.0038185027297184216
2013-07-25,0.004464273687433777,-0.0046003093247804815,-0.0016162691631088286,-0.0004895551007317053,-0.0010518658193213015,-0.006875445087469816,0.002553209985188819
2013-07-26,0.004444432491600083,0.004600309324780483,-0.011119098465433602,-0.004908919328732842,-0.0028094607557122616,-0.02428306240645035,0.0008279514379092263
2013-07-29,0.019759116443219583,-0.006063237151210231,-0.007939995312174252,-0.008897912119880001,-0.000703299154627311,-0.03465228934432834,-0.0037430341753677174
2013-07-30,0.03208832746071534,0.01320236847725357,0.0032932476561434105,0.0009924014534938965,-0.0016433372174225298,0.019272328458708993,0.00037374708533409457
2013-07-31,-0.02127740696088885,0.0618462293940532,-0.017411211713198926,-0.005970167840197822,-0.01861893146936633,-0.0056445264101087625,-0.0001364185159984208
2013-08-01,-0.004310231405068383,0.02303249504988922,0.016588880706133156,0.012151614043617616,0.007869109248829529,0.03498401194523501,0.012462588230416578
2013-08-02,0.0,0.002141588094987391,0.013075786538409868,-0.008664620470871317,0.0010682478209139133,0.062114324909733135,0.0016391140879470276
2013-08-05,-0.0043287879752649935,0.0011202373233947752,-0.005427452072279247,0.001738912020897324,0.0022517718656061125,-0.03654138917599396,-0.0014809308775636419
2013-08-06,0.008639019380333502,0.0016266733297140878,-0.0217306379962781,0.001983540893750004,0.0067245151725920495,0.0014660203755052698,-0.00573947283055402
2013-08-07,-0.03278973183385203,0.006078209124550124,-0.013438848543296964,-0.005464394018634417,-0.0034157507098513365,-0.016637067818502223,-0.0038131256619417632
2013-08-08,0.0,0.019897581847913435,0.014827966362900428,0.0012448085407336564,-0.0009437731988136358,0.0036776525822672245,0.0038779210740465357
2013-08-09,-0.015677796447533632,-0.016872480320097194,0.00027744919778299737,-0.0009960091076520472,-0.004023724727984961,-0.0035991407908104326,-0.0035763480414268737
2013-08-12,-0.002259931183628884,0.007123087714777679,-0.0011111176621254708,-0.008250602696775286,-0.006303751128699275,0.005861816068593407,-0.0011535858605248943
2013-08-13,0.02678730425000984,0.0018974911028097835,-0.0038984475427528784,-0.0045298651678506874,-0.005023604263073402,0.014544618172881649,0.002772210007268357
2013-08-14,0.026088324091837367,-0.012752866353902638,-0.007562117063195848,-0.003030817055147979,-0.007704859554867064,-0.00716855201656772,-0.005190063227858108
2013-08-15,,-0.008831390635595928,-0.029094682921851977,-0.011193356776912352,-0.022486693948371543,-0.014179090368447927,-0.014384564947961866
2013-08-16,,-0.004598583798215299,-0.00493287634529634,-0.0010240122175517018,-0.009063177016516245,0.011157664001798098,-0.003310067623478068
2013-08-19,-0.00849238185087392,-0.006370591991904696,0.003194669096392704,-0.006937793591121384,0.008692606984481441,-0.00529034430852478,-0.005917777957153822
2013-08-20,-0.02373393428538266,-0.005271178348413841,0.008660313181388777,-0.0033582618623682384,-0.007321535812440864,-0.01121718148250302,0.0038139130983711445
2013-08-21,-0.002185938089853351,-0.0026981188408906308,-0.0075012969790724405,-0.00961892684650973,-0.015184950925949904,-0.031328701589740326,-0.005796369467346862
2013-08-22,-0.002190417601798417,0.0025945605821928713,0.013233793933507607,0.0007833265116818133,0.002147227491991016,0.015426435478379612,0.008582441743413965
2013-08-23,0.0021904176017983764,0.008976056068987751,0.001998510695714431,0.005466843296265405,0.007542480650370567,0.017793880724547965,0.00393924191021318
2013-08-26,0.03652422768813459,-0.005252179443209629,-0.0040013920899333545,-0.010438833691518256,-0.0020058199364189453,-0.014433304931744148,-0.004047839230058562
2013-08-27,0.004210415021214838,-0.020971992449537763,-0.03585858051948553,0.0007869145440156774,-0.007936925411118942,-0.009228609877135268,-0.01600153922918335
2013-08-28,0.010449321834158027,-0.008896581690448838,0.006803868274434228,0.005228557623466682,0.0039134625322571484,-0.0010484865214085066,0.0027438773089689754
2013-08-29,-0.004166458654872019,-0.0005321089580485836,0.015504198213576542,-0.006540375802025256,-0.000504288692669369,-0.00016149605011794244,0.0019614766490956537
2013-08-30,0.0388993564408474,-0.006406619644976442,-0.010798431901833069,0.0020975870226717683,0.0050299773063983335,-0.025340388485717538,-0.0031793671926351754
2013-09-02,-0.01823784410853199,,,,,,
2013-09-03,-0.00821327404977728,,,,,,
2013-09-04,0.0,0.0071441966495251015,0.04887376037999011,0.016745200883862582,-0.0012816051518909663,0.012313046835264338,0.008084187928560308
2013-09-05,0.00616634330187192,-0.008304961267091954,0.013300355097644151,-0.00781467055795834,-0.0058008146266332675,-0.0015905643869095374,0.0012091315394673384
2013-09-06,0.026290632162658496,0.010918734693140612,-0.0049667121920481845,0.0028725748411092293,0.0023998468657636498,-0.0007165844369145163,5.442965978223178e-05
2013-09-09,-0.010030274437417474,-0.0011489551699438592,0.00908719563300421,0.004423361524035999,0.0015129297454566104,0.009907023670641986,0.009943282138970118
2013-09-10,0.008032421159188556,0.0077058555081635964,0.014153616048859183,0.002851276321246163,0.0006300986446538466,0.004563654576693739,0.007318940484802409
2013-09-11,-0.008032421159188617,0.012883469960973665,-0.017723880284506725,0.003875742579684773,0.005273524565345935,0.0014121717560188454,0.0030476346138184848
2013-09-12,0.0,-0.008742794513386255,0.0005501290045710807,-0.0015598371942690673,0.0002506034457543701,-0.013019588073375075,-0.0033861418278017777
2013-09-13,0.002014422235191046,0.01578405071792583,-0.008560090518510626,0.006482962186902427,0.005617877905713106,0.007043761740662468,0.002711001653103429
2013-09-16,0.027779627598751615,0.013534274857490395,0.004427260227931941,0.004383897736707306,0.008677421931320598,0.00746424066948312,0.005677008295820802
2013-09-17,0.0039060542927399733,-0.00020082476933511864,0.013437751772712106,-0.0018028766899158867,0.007868357490153756,-0.00762205564817014,0.00420886959655227
2013-09-18,,0.02741547381098678,0.023422929618611785,0.020413889309176553,0.014829570453339724,0.03220960462056509,0.012104121558415792
2013-09-19,,0.0013655720428090471,-0.009357020603355573,-0.007097501500366622,-0.01287154575686691,-0.005591017276233694,-0.0018446541484815583
2013-09-20,,-0.01979079962653937,-0.01080207770010523,0.0022867785644176616,-0.0009790873651368559,-0.005777012743974447,-0.007243053962847499
2013-09-23,,-0.010094738075342925,0.00811244310416243,-0.019736653723749435,-0.00884729482148958,0.0025457941772082174,-0.004730758941951058
2013-09-24,0.0,-0.004429591568895795,0.008314154279637064,-0.0025923180619624765,-0.005941655749593066,0.005992443548687361,-0.002600521497731875
2013-09-25,-0.003929723064671669,0.003525351966249804,-0.006968709711380912,-0.005203916227679015,-0.0041057903315738905,0.0036104926907421482,-0.0027432251543777135
2013-09-26,0.009794587004639218,0.007512255822370866,-0.006205092386826214,0.010639896515168208,0.004105790331573844,0.01627038331215994,0.0034793658479979504
2013-09-27,0.0,-0.0060055076753187135,-0.015821548082876676,-0.008815180009770194,-0.004230694292840554,-0.013117839363900204,-0.004082121663443529
2013-09-30,-0.021675772576628498,-0.004124463617565989,-0.011058850321078253,-0.013633892242352987,-0.008766603437200678,-0.017267938808748506,-0.006047479981190951
2013-10-01,0.013847885083858105,-0.005154406180846766,-0.001669315401830104,0.0018459215113898705,0.004017098182621167,-0.005560817459086462,0.007966724683406784
2013-10-02,-0.027890135127098533,-0.0031461148251407177,0.0008347911127743019,-0.013797136902017828,-0.0032622394246644227,0.002666792407445865,-0.0006668918703408628
2013-10-03,,-0.001831248705042677,-0.018251130354293283,-0.007239526239863,-0.0015095036004884597,0.0007047658068188458,-0.009019972500552986
2013-10-04,,0.007709469918218044,0.011550899256318466,0.0010758181049485814,0.002263010591991219,0.002033048335974007,0.007028466704283861
2013-10-07,-0.008048392754335398,-0.012609258205691294,-0.014673107943154042,-0.004040261097289185,-0.0070581337714096856,-0.021078111853596468,-0.008542747536819599
2013-10-08,0.023953324193086455,-0.00987240402434042,-0.027959682622613793,0.006188431366713328,-0.0016456126281981054,-0.013332564306540699,-0.012408749931083476
2013-10-09,,-0.009554008230744197,-0.0014624879191913573,-0.0053790260237139564,0.007195380650148331,0.035035456043890925,0.0005737417306057981
2013-10-10,,0.01655693694454443,0.019998029457595438,0.01870229495658859,0.014857676079323196,0.02246427395891402,0.021595622882836497
2013-10-11,0.015238322558603636,0.009905497952911077,0.014245041127582025,-0.00026505803011159267,0.0017338339236473493,0.0049495000078148355,0.006266595617327234
2013-10-14,-0.00949692985188636,0.003651458769431118,-0.0005658613123464308,0.0036997677744447055,0.003211344960253044,-0.006859702194681115,0.004066441145288558
2013-10-15,0.005709330844333535,-0.007112488529807809,-0.0179929504947463,-0.006616491360081427,-0.006061004573314258,-0.008757150071156485,-0.007088789613758755
2013-10-16,0.009442499134789572,0.008023453664881957,0.012315996745068714,0.008987845016972343,0.020508182501078304,0.004848911713689252,0.013732804307132302
2013-10-17,-0.005654900127236775,0.021415562865254985,0.014974084540996316,0.014369810459157572,0.003761005495411825,-0.0010754154980821122,0.0067213144137370845
2013-10-18,-0.030712724406604153,0.01669175141158684,0.006428841862489881,0.00594857286185378,0.005193293271351254,-0.004468226262701631,0.00652740546362272
2013-10-21,0.017391894391015177,-0.0006817381050107801,-0.010925710672056886,0.0010303854274064364,-0.00773989535314901,-0.0010813970053467428,9.173220960465485e-05
2013-10-22,0.005730425630146723,0.010275340015934241,-0.002538371840948658,0.0069317577267756355,0.012906086132185307,0.01022725082731044,0.005721116239627231
2013-10-23,-0.015355232721969111,-0.006094406045909598,-0.010218929773020498,0.0,-0.0013187624399159284,-0.011232535241498824,-0.004735753240036749
2013-10-24,-0.019531785725975165,0.0011636500883644822,0.016412316079761714,-0.007446339711226334,-0.009525331417668556,0.00440027487844295,0.003252838544355574
2013-10-25,0.019531785725975182,0.014719536450026853,-0.0011230696457203845,0.0059099905799001925,0.009765402569033976,-0.008742378192720395,0.0043852143927746775
2013-10-28,0.024834159145313808,-0.004115013756036917,0.005883083147542245,0.014751283227001715,0.015003904313356617,-0.0024897050073683534,0.0013288165192369688
2013-10-29,-0.013295259590705835,0.0005752848235082766,0.007236294452360356,0.00478513464503304,0.010347045678139048,0.004508082175526099,0.0055686612140941685
2013-10-30,-0.001914092462785742,-0.010598588326695002,0.031930921015900234,-0.004532819918998261,-0.009048154175082769,0.009646905749516618,-0.0048878496945693045
2013-10-31,-0.031130964870799527,0.004735148078655057,-0.007549282414513035,-0.0012625712900382233,-0.007463671041175171,-0.006008968783683289,-0.003846770567938354
2013-11-01,0.003944483475144974,-0.011148503282321087,0.011837362893014045,0.0010102565640035092,0.005573603034166172,0.0026237407687998123,0.0028992144122096126
2013-11-04,-0.0239055171220435,-0.0020493050469252197,0.0021378173048811682,-0.0025280270782924745,-0.002249260743488253,-0.001002257467755882,0.0035641993780981683
2013-11-05,-0.014213426977335563,-0.0011728629660352383,-0.010193553883608573,-0.0002530173122337151,0.0029584298513891114,-0.008055169731402731,-0.0028095308483402836
2013-11-06,0.022245848136524228,0.0150454762711037,-0.013572349522610161,0.013827806718287634,0.024052530357101407,0.004732508107811235,0.004256468712287575
2013-11-07,0.01587309596285486,-0.014219539690283157,-0.018480912275294376,-0.005507984092938421,-0.016048441109513038,-0.025714792422983128,-0.013270435999594777
2013-11-08,-0.021891094886852456,0.012431310732793667,0.020392256635754346,0.0055079840929383546,0.0064266081853362154,0.011449543555708668,0.013338208792264144
2013-11-11,-0.004032340728377053,0.014964978649129823,0.000545057036829165,-0.004504318808397285,-0.00467008607244637,-0.0055111047711474005,0.0007226700649729084
2013-11-12,0.006042335624382487,-0.004803290700583969,-0.0005450570368290609,0.00025081266475684245,0.0022214601488632587,0.004961342415672116,-0.002373205445619954
2013-11-13,-0.02028477485643732,-0.0008666726736212676,0.04741192881662037,0.006000139841217921,0.0036133406037691185,0.0028238744647758997,0.008062752720499361
2013-11-14,-0.0041065710483050395,0.009114059941763761,0.0015598671061930907,0.0022403063943221293,0.005105949640634157,-0.0014109404493450758,0.004825596820450657
2013-11-15,0.024391345904742505,-0.0008598404337217209,0.00698855044153688,0.00024904695323643683,-0.004175719741587862,0.003914557820064795,0.004213146273881077
2013-11-18,0.01988109999084694,0.002005113420380602,-0.005172142584212045,-0.0012439375804768936,-0.001978326303301434,-0.00258194614147666,-0.0037050524235046974
2013-11-19,0.017561674303832167,-0.003248529817013647,-0.014625237080303572,-0.0007471201864393984,-0.006660278356388295,-0.011107157762451947,-0.0020450552776006604
2013-11-20,-0.015594974791963014,-0.009133434631547381,-0.008454386832031476,-0.001995029988184456,-0.0018778891447362592,-0.0015063132863909585,-0.003642235996161311
2013-11-21,-0.003936810934012075,9.643053142263212e-05,0.011343793591598605,0.009193680847995354,0.0057391401081684675,-0.003496876496192178,0.0080957054207559
2013-11-22,-0.0019743720530020024,-0.0018361139840286803,-0.01293707350887921,0.0,0.0014003609173938295,0.005557315720097576,0.0049491905000291735
2013-11-25,-0.0019784640933098474,-0.009331448792626765,-0.0021287183154162573,-0.0014853204994267968,-0.00432425342140131,-0.005636754412907027,-0.0012641407872397545
2013-11-26,0.009852670633126465,0.003119938940183295,0.00319093632670115,-0.0029767088244908218,-0.01154625034658031,-0.005348676651807503,0.00014979323550383503
2013-11-27,0.009756268018820667,0.0,0.030844165293836528,0.005488950505386552,0.00035599908135582314,0.0022387056367999653,0.002481998677460743
2013-11-28,-0.009756268018820756,,,,,,
2013-11-29,-0.011834590427979665,,,,,,
2013-12-02,-0.009970175497586038,-0.00029369659456379856,0.009763752726700523,-0.002740426396139527,-0.00903944343687403,-0.007625842316684373,-0.002722723534716429
2013-12-03,-0.04299551502180266,-0.0033362891168070164,-0.025114332569333292,0.006713800224232532,0.0011942090704712713,-0.003956213574847438,-0.0031979559918936147
2013-12-04,-0.02542509034589394,-0.002361846608696318,0.014834247384747559,0.0004951686754963029,-0.0070172718886920265,-0.0040533165039095004,-0.0013043434697867973
2013-12-05,-0.002148168876832541,-0.007714230019228442,0.009768770820641027,-0.013466265548489637,-0.009115873542391614,-0.012341345734793608,-0.004349015813080098
2013-12-06,-0.010810920499826387,0.018785798965562796,0.027253728574841082,0.01569342125326073,0.015147439105999961,0.009331661479973012,0.011175194876875877
2013-12-09,0.0,-0.0013651569129655501,0.018009401739305382,-0.0014837749948357303,-0.005547342849123251,-0.0025291386262821652,0.0018154512479509814
2013-12-10,-0.006543224715080288,-0.004106293156368181,-0.012299777748969391,-0.013707943381317656,-0.003513737130425099,-0.005980482668339322,-0.0031847248956570497
2013-12-11,0.0021859380898534234,-0.00648736338705569,-0.005958662509035486,0.0070021988705343185,0.0032715530259200855,-0.011238011075868512,-0.011381397674606988
2013-12-12,0.00435728662522692,-0.009710666422318036,-0.0027426248567394332,-0.023192118132281968,-0.01695692616047238,0.0,-0.0037776883791563434
2013-12-13,0.006500689094757909,-0.0021926876798970697,-0.0002499133722736247,0.0005097059721060214,-0.0043156094476874745,-0.009350371835959255,-0.00010141528650587885
2013-12-16,-0.01523433141163662,0.018684442868232523,0.03436783901916134,0.0010189218272540603,0.0008648353432127348,-0.004792715207863453,0.006300152129396221
2013-12-17,-0.00439559239829978,-0.005992321862795584,0.002169409813652166,-0.004338584497152972,-0.006688860921381552,-0.00016838299036242509,-0.0031058059363714124
2013-12-18,0.002200263011770965,0.018547829258550804,-0.006280436578870318,0.023257050417691428,0.011860705049946144,0.02011171340729197,0.01651090600917418
2013-12-19,-0.0312526173048179,-0.002033069015384249,-0.02378400485993187,-0.004006061940223129,0.0029433940824647553,-0.019437727562586236,-0.0005800974283937316
2013-12-20,0.01797804007340579,0.0018399001488048035,0.016976820864477892,0.004506091220475085,0.0018351799580735332,0.00033704541074658806,0.004807155440690711
2013-12-23,0.017660324219739374,0.0028013894698813184,0.0072921194616073414,0.0029921141620475765,0.0006111622245107693,0.004369243588030507,0.0053040288862060605
2013-12-24,-0.011001008965673902,0.0008678001064424387,-0.00997938543012518,0.0007467022673426496,0.002196397114343258,-0.005548864608342617,0.002911504304306033
2013-12-26,-0.0022148827624654233,0.012547538961097268,0.015533880367248811,0.007436935879528932,0.004985025596659593,0.02563625375577909,0.004734304621132077
2013-12-27,0.026267725294999385,0.009284885849686364,-0.014067615426091995,0.004189396167099261,0.0031484626939486094,0.0015599796990841506,-0.0003366410106074713
2013-12-30,0.03004558027785221,-0.006433340560114477,-0.006125127216579386,0.010520235472753313,0.0024153912867057228,-0.004275651411103151,-0.00017926996201467877
2013-12-31,,0.010386297015203086,0.004414275627682975,0.0053400790437927925,0.0003615924064160254,0.004603497968658331,0.003951856349111548
2014-01-02,,-0.02771505528608847,0.001955271688965913,-0.015860314516546084,-0.010179273321684943,-0.01063704303622368,-0.008901413016629188
2014-01-03,-0.0022297445271979607,0.00183323495485373,-0.03428042472117237,-0.004930633838267718,0.0017035523283441367,-0.0009952667951615385,-0.00033302052016060914
2014-01-06,0.019890131390972232,-0.011634638844224726,0.02075857812802331,-0.0047069322875984854,0.00048615761202372865,-0.0028252404071262135,-0.0025149272537594355
2014-01-07,0.002185677212969862,0.018742651951097134,-0.004963136526289654,0.0029754718891348434,0.01447933668855451,0.00241046565578914,0.006063345375391041
2014-01-08,0.002181011979763094,0.004297470817177529,0.005457811422394316,-0.011204285787207342,-0.0028791302856962663,-0.005076837188213713,-0.0002122315034510835
2014-01-09,-0.02202707605650737,0.0,0.0017305186336339412,-0.005271469720152304,-0.0046963558416597195,0.003996808019382583,0.0003482485435141758
2014-01-10,-0.01571311133950354,0.0025700865851810595,-0.011426177156051317,0.010017696400204057,0.007814849039151861,0.0039811598686280885,0.002304030490455301
2014-01-13,0.031182931136341314,-0.02570778647044008,-0.011305038443755739,-0.015064538035367971,-0.013625264501324164,-0.011739904824521936,-0.012655966458794009
2014-01-14,0.017391730377033517,0.003893521395896714,0.01105519314841179,0.004039437508447451,0.0,0.0005026048868222851,0.010759876119934082
2014-01-15,-0.004319632881952773,0.0017476302995210876,-0.016121088523744286,0.0017620423445333247,0.00629292661454458,8.36100777201639e-05,0.005152889134682223
2014-01-16,0.008620686761376044,0.0032918378714696874,-0.009696283814467568,-0.0012584274913261212,-0.00036174274336757693,0.003009025094050387,-0.0013480284864258142
2014-01-17,-0.01950221718952029,-0.019325168820570712,-0.010309759948454756,-0.010887544544530399,-0.007997239084936042,-0.005355328244177789,-0.0039027803200150837
2014-01-20,0.010881530428144366,,,,,,
2014-01-21,0.021414251801366115,,,,,,
2014-01-22,0.0021164872410747776,-0.0018329606153171059,0.011926643042569037,-0.0005011068047359168,-0.0008442587499866517,0.010159258326082951,0.0005747000497681626
2014-01-23,-0.0192111061604882,-0.011069474624929122,-0.009842479490265907,-0.016679570512557296,-0.005082281603824127,-0.019332888178360947,-0.00892932476457093
2014-01-24,-0.01739173037703367,-0.04360412656318267,-0.04226491538951903,-0.010245928433662127,-0.012205652489654785,-0.012477143007235023,-0.02109642142734084
2014-01-27,-0.019933874681749997,0.0018341200394185041,-0.0019029336346895864,-0.0028365439214904286,0.007706738750293659,-0.007236795989499303,-0.004888221853339347
2014-01-28,0.03083923940940552,0.003556589785163884,0.001359677660888309,0.003608613267848477,0.0031636761201670476,0.006812675523594148,0.006121875622432071
2014-01-29,0.01720471100757101,-0.019048145783011422,-0.012575625828054191,-0.025271840294711558,-0.02584171698356587,-0.0053611566763672085,-0.01026170390849596
2014-01-30,,-0.0013450461138218837,0.013389944883137127,0.0070986849192728515,0.010663521844871012,-0.0003412327837085423,0.011204044372218206
2014-01-31,,-0.007273325626694034,-0.020845211691030898,-0.009211421556624836,-0.008919449764700986,-0.02069759122260332,-0.006486290214250376
2014-02-03,,-0.01661473142896698,-0.02327322395561357,-0.01652975023395403,-0.0225268380160396,-0.017670119234069165,-0.023096604704486576
2014-02-04,-0.02404501945054425,-0.0005302551205423348,0.01604059747897951,0.007498766246131062,0.0031769575734413675,-0.0023083383940005193,0.007612043683081426
2014-02-05,0.011001138864252026,-0.0009552111838667872,-0.016324546449114147,0.0034622970916166496,0.007583231461593107,0.027790319308751824,-0.0020302824086565886
2014-02-06,-0.008790796261544154,0.0220551461792323,-0.0002832987997381966,0.011105939104820958,-0.0003772675588558318,0.00259039051300909,0.012363054453375717
2014-02-07,0.017505593922263227,0.011772163484109794,0.024671545143703056,-0.002106028959632524,0.010399844459690957,0.012171175821618136,0.013214193504296921
2014-02-10,0.012931128947642355,0.0014359894427479545,-0.034082980053048766,0.01620504304697315,0.004726233194399772,-0.002900686364981247,0.0015680048032540356
2014-02-11,-0.010764396180217153,0.020496109696177753,0.00997868267921841,0.001813235793292215,0.008032061716358922,0.007405978782101669,0.011001375944254965
2014-02-12,-0.015267063972632798,0.0011041941919908943,0.008755930416620459,-0.0033701431328766952,0.0029494052344030902,-0.0029728597990942773,-0.00026929864772088686
2014-02-13,-0.0022007188337238126,0.005701975802195589,-0.010175531348293429,0.0036288981589722635,-0.022336176742219462,-0.012066424822349047,0.005793211978776681
2014-02-14,0.023940255009297723,0.013474924995016947,0.021083265350493426,0.007218526962683874,-0.020282192714245827,-0.008473096548197069,0.004797689385548304
2014-02-17,0.0021482145584347085,,,,,,
2014-02-18,-0.015135527996787254,,,,,,
2014-02-19,-0.017582653754893762,0.005341801748130077,-0.00774173130201607,-0.009923763025132006,-0.013910751231754163,-0.009157783273582975,-0.0065458617731959995
2014-02-20,-0.01564267280351896,-0.00029587004743602646,0.01323434794506512,0.0053763625649318565,0.011734423218864497,0.000954058409262312,0.006013341826934013
2014-02-21,0.026668070298743032,0.0014789725559140063,0.004918000895146788,-0.00322251533194694,0.002688085591228569,0.00871953908439202,-0.0019205666731810659
2014-02-24,-0.0021949664775519455,0.016322598728956788,-0.0038228631530849303,0.008570127128122393,0.00840195006652094,-0.0014621652066314182,0.006167455552331448
2014-02-25,0.023887750734008735,-0.009546370136200652,-0.012388319783725893,0.0071740572468149705,0.004427589440874708,0.002579032466305655,-0.0013485906767746498
2014-02-26,0.014910052281064868,0.015346208067806892,0.02002004670239077,0.002644295327286287,-0.007347572677466995,-0.007670896712539375,2.1699742124629578e-05
2014-02-27,0.0291686348470921,0.00231058795551438,-0.0016305840838097723,0.005267333610410361,0.005325963920831182,0.003799575838994642,0.004935881408416543
2014-02-28,0.0061411318977209585,0.00594442506603065,-0.01562319356121347,0.0034088780558541106,0.012567676165294769,-0.006225034450231101,0.0027788242813380905
2014-03-03,0.00407329871007866,-0.024090377072026818,0.00027620649754404777,-0.0020965728040130806,-0.00689263965713325,-0.014854095398347065,-0.007405866200454787
2014-03-04,-0.016393701742598403,0.015931891018981407,0.01968866601304807,0.004971896845834453,0.01658745523559587,0.014073199884727787,0.015152322676141788
2014-03-05,0.010277514823330725,-0.002509031342560672,0.015850124606617916,0.0010434520896551965,0.010260579885612624,-0.017070550205189584,-5.335274966455346e-05
2014-03-06,-0.0040982436885318736,0.009711319027499698,0.0005329100181893379,0.00312428131385511,0.002708678788816607,0.012198007816975371,0.0017169334968570882
2014-03-07,-0.020747784868373455,-0.010774835363183164,0.003987866815155944,0.0020772974946282013,0.0028239464856611596,-0.006036579646200715,0.0005379445771157059
2014-03-10,-0.0063091277620674294,-0.0011610382673792293,-0.016047574705653066,0.0025906416481390627,0.0020824661639659244,-0.0054553111614512265,-0.0004633536412194934
2014-03-11,-0.0021117222166512125,-0.00193884721701014,-0.052869888048426336,0.003873750487452569,0.01312754529446905,-0.007794564214373283,-0.005095096975215844
2014-03-12,-0.004237463503026035,-0.008868133675217204,-0.009137088915197926,-0.0006492973527732966,-0.00800200454053748,-0.010368124522321477,0.0003051243232100062
2014-03-13,-0.027989128754589362,-0.013798499729456707,-0.02233630063344467,-0.01308260374618927,-0.004269582672644739,-0.009841648939822471,-0.011770091695883623
2014-03-14,0.0,-0.009573293201224622,0.008839197298624191,0.0052531853773475235,-0.009828283149312696,-0.013244316597069223,-0.002825766417445165
2014-03-17,0.021599074405723548,0.007288176668635228,0.015716352076227035,0.0026166476108278255,0.012879474536659588,0.017409183905671765,0.009567717695038962
2014-03-18,0.004264569983336751,0.013535535415370973,0.015473237994861146,0.0033910571988151512,-0.0012194686552021992,-0.007618943714102321,0.0071936822454731885
2014-03-19,-0.017167791173885765,-0.01812199760313491,-0.007420635592661549,-0.006793947642229701,-0.007102312588860378,-0.010525714140434706,-0.006150525096734505
2014-03-20,-0.00651484123541122,0.004586462187763991,0.009976137296890819,0.008095144586633156,0.006003558813293516,-0.009894544538103867,0.0060223340875217475
2014-03-21,0.021552819475556973,0.013927803270864174,-0.007115840315882024,-0.0002601039750500186,0.0034145693856752414,-0.0022325566494126015,-0.002936980116608755
2014-03-24,0.0042552972992691805,-0.004325519500929281,0.0037068577399146036,-0.0010410929693532736,-0.0030477747528906904,0.005294696376693107,-0.004876580959363224
2014-03-25,-0.012820803336473698,0.013893423311268582,-0.018091382132151126,0.005712717543536189,0.0062081662172064605,0.004806057913405895,0.0043942708488222335
2014-03-26,0.044171416288039715,0.0014560428560597967,-0.008438395489760562,-0.00025844921587680407,0.005687487681416251,0.037104073239140625,-0.007024936954876045
2014-03-27,0.012269916006351668,0.011383524304352856,0.00843839548976055,0.0054239564099860475,-0.003989798806408796,0.009455048611251515,-0.0019018913439770551
2014-03-28,0.00809725148368026,0.014853404953890093,0.0063551614659971,0.0033431652367829075,0.004955056641519614,0.011140277031626379,0.004629489243409657
2014-03-31,0.01202430002964052,-0.004831578581252893,-0.008966200733622372,-0.007473506907334295,0.006608645055841795,0.000620198847136015,0.007892871384796676
2014-04-01,0.001990037119114349,0.012175979682241699,-0.002327255552208627,-0.006487435002720723,-0.007452933565963871,0.0028304246099714356,0.007014688044213445
2014-04-02,-0.005982031651394191,0.0032785703579342306,0.015602828029573471,-0.0020852662895783675,-0.0018116900072915173,0.0019412515035152212,0.0028492638318384613
2014-04-03,-0.01816394253207207,0.0012146642469336474,0.015927758250105166,-0.006806177472166538,0.002173634475001831,-0.005126054657356522,-0.0011270852130106552
2014-04-04,0.008113392015281806,-0.004117939606725043,-0.01793649248923192,0.0039326912135102445,-0.0038670832857263214,-0.014278182948090946,-0.012616542925313997
2014-04-07,-0.0040483731064513435,-0.008759981994972901,-0.02031400998500132,0.010411022027397418,0.01585596673699445,0.0011675845181477141,-0.010808312332149784
2014-04-08,0.008080798035362992,0.0036829553013094083,0.012237960732823084,0.007223683910840848,-0.005257548542968928,-0.020772559925031003,0.0037435379801772804
2014-04-09,-0.02032586200096204,0.013854139010384823,-0.026707534621615067,0.0023114601267851037,0.005257548542968894,-0.01263678713692168,0.010859039341965573
2014-04-10,-0.004115108429381855,-0.019146671176317333,-0.009564209738004068,-0.0025681934510819525,-0.0034618387567650825,-0.04111999868734458,-0.02110596773738724
2014-04-11,-0.002064162705416864,0.0006630526401922645,-0.04201083838938138,-0.006708131503203902,-0.005636598455742341,0.014404048491834437,-0.009532059739897396
2014-04-14,-0.002068142818595402,0.02460024174631957,0.019231393136902974,0.002585166470682204,0.004798877036941399,0.022902906256651537,0.008183708150740607
2014-04-15,-0.014598993819528203,0.0,0.024579950500424524,0.03675497345717445,0.004895570504047866,-0.004295603516560951,0.006734579517703411
2014-04-16,0.016667136638123563,0.006722222230060855,0.01812027332204428,0.010152829429608075,0.009601103328212695,0.014954187717034759,0.010433867948766148
2014-04-17,-0.008298747447747121,0.00220013465230001,0.0002942243673176407,0.0031974058012562904,0.009159147806348522,-0.004157427833709201,0.0013629237070939353
2014-04-18,0.02061915048026684,,,,,,
2014-04-21,-0.004089958355300288,,,,,,
2014-04-22,0.0040899583553002826,0.0074098791111031435,0.007330745846913018,-0.0009820476176737995,-0.009003224509504634,-0.002027203894341336,0.004083788996127826
2014-04-23,0.0,-0.012103516483086448,0.004662897710591383,0.0004910753388427603,0.003166128082733604,-0.0024933216925584396,-0.0022157668625220617
2014-04-24,-0.012320403032519653,0.006803113182831991,-0.006417301209669728,-0.0007365307883918845,0.0012872653881094319,-0.010316701527410673,0.001715488275330875
2014-04-25,-0.02510585095336824,-0.0003662926341962816,-0.013256949538761784,0.00758782339209718,-0.003162376185666794,-0.005151559205033559,-0.008129344743501644
2014-04-28,-0.010649855621148924,0.009941143969853686,0.001185321382507415,0.0004874152456935176,0.018248897088454903,0.005431756249346699,0.003230811162502344
2014-04-29,0.002138825010331839,0.00822434331013442,0.006789723959518455,-0.011274564585753327,-0.012284100775610332,0.004008101747605733,0.004749460504633521
2014-04-30,-0.01724159428082299,-0.030525190529920046,0.014312964413224575,0.005407844240778894,0.0015143823802340668,0.00852172442805034,0.00298754980270127
2014-05-01,,0.008187935642654973,0.012107577674626115,-0.0002447672061387531,-0.00373272763834402,0.012010190585859818,-0.00014327174433229932
2014-05-02,,-0.004038610035441256,0.002003924070932968,0.00415985029270311,-0.0005840748690677489,0.001821193519603713,-0.0013493550298709083
2014-05-05,,0.010485079871629298,-0.006311260599995433,-0.004650530109908576,0.004549831038661546,-0.004467264586462341,0.0018694675823397822
2014-05-06,,-0.00860443714638722,0.0,-0.00664632356085102,-0.00630554460039042,-0.004028797758206359,-0.009029031461991046
2014-05-07,,0.017320275498302076,0.009166655710097069,0.010319604847669896,0.01661151998398526,0.0002751593155953693,0.005600754871033284
2014-05-08,0.0243640689134832,0.008182832848715753,-0.006292988731660458,-0.0044098217678988855,-0.001613979991212821,-0.00810380276894868,-0.0013745692327864058
2014-05-09,0.013043880586292168,-0.0019248303811093158,-0.017950564841410593,0.0034316169952703346,0.005867966884327818,0.006635442553136578,0.0015183231948788392
2014-05-12,-0.00867719139355918,0.00885996293224318,0.017089316843125948,-0.0012239653823598005,-0.002757028078140711,0.003118108595404312,0.009626256172315509
2014-05-13,0.00867719139355924,-0.0002729271671618264,0.009432595299170617,0.00707909717729041,0.0034447949127209988,0.01967507056850182,0.0004216687882830338
2014-05-14,0.025587775801547023,-0.007303494683160292,-0.005992044871146108,-0.005366116054331333,-0.00448076387539635,-0.008565907729514089,-0.004712089565017091
2014-05-15,0.008385444956074746,-0.007356954149106765,-0.0167391487496227,-0.009089441889685504,-0.012748268262042834,-0.008457526251310814,-0.009405904183934792
2014-05-16,-0.021097592675623753,0.022903330460635973,-0.01053289991297339,0.009089441889685435,0.009287524840006962,0.001004450308232822,0.0037399628190006033
2014-05-19,-0.004273582059928681,-0.005699262283144671,0.0073263737505938255,-0.004411708074712298,-0.005097230670784277,-0.009165163985096116,0.003837414189704193
2014-05-20,-0.01510276927049112,-9.067124540205741e-05,-0.03506022767739284,-0.0031981238314433115,-0.005239867094516039,-0.00869268996887682,-0.006519604608543308
2014-05-21,0.0021716403228487315,0.004887650514474063,0.011724016300061842,0.007120816165556478,0.005239867094516081,0.0036155970812105204,0.008083340547746922
2014-05-22,0.01078741952880138,-0.0022599927726631285,-0.0011961079879848429,-0.007120816165556442,-0.0060577252683677455,0.013146805182507664,0.0023594441947138818
2014-05-23,0.0,-0.004080596844117825,0.00626410251645087,0.0,0.002917205019554413,0.0013687955306405377,0.004239392917884754
2014-05-26,0.00854710441250973,,,,,,
2014-05-27,-0.025863644389060206,,,,,,
2014-05-28,0.0043574801249004905,-0.009416093346632832,0.018970436161341607,-0.0046712475646780265,0.006221085134723916,-0.0018176469717375984,-0.0011146927500584232
2014-05-29,0.0,0.0009091003455583626,-0.004055887153877129,0.001969344823409612,0.007552183406138718,0.014272913531502545,0.005352758657361124
2014-05-30,-0.024203544201644694,-0.0010000108003096655,0.003766630953513082,0.006129676114775407,0.006815510452482987,0.014425873221270783,0.0018419804431013698
2014-06-02,0.008869590602230127,-0.002459337413671297,0.008064711883573715,-0.0012230431573006947,-0.005221518251857801,0.007398917318004751,0.0007275613640587
2014-06-03,0.002204543883331834,0.0023685088053004666,0.0114089569936002,0.0004896856070752603,0.003975165951401852,0.008476455631817597,-0.0003792884695348666
2014-06-04,,0.002181299422992235,0.03511072920643651,-0.002204476713249169,-0.001542643381667146,-0.003835861206529645,0.0018898766063629325
2014-06-05,,0.002357231464812567,-0.006869276852936872,0.002448645231445201,0.003767071097933568,0.0009600509184243078,0.006504082119662981
2014-06-06,,0.006139905255821672,0.015996053734195756,0.0024428011796080824,0.0017079461180247303,0.004875269654326553,0.00461708354801898
2014-06-09,,-0.0016215224044200313,-0.001368737791465589,-0.0019536121475786494,0.0010230164445302289,-0.0006949361873083853,0.0009383308564868176
2014-06-10,-0.004473937522511026,0.028093344728375057,-0.002743734541459969,0.003903278233611374,0.0047613741763787,-0.010483235927072202,-0.0002460138818795375
2014-06-11,0.00447393752251101,-0.010132741987520878,-0.007721838580097889,-0.005126321390912022,-0.007264197780855009,0.001667044724658047,-0.0035433111516659397
2014-06-12,0.004454424787171907,-0.009610173666211313,-0.016750700822723532,-0.00333428989294205,-0.006400401581651831,0.0017522079776843523,-0.00711413908891029
2014-06-13,-0.004454424787171936,-0.006638953619146927,0.0030918789312021637,-0.0012377566420251906,-0.00034359919698718854,-0.00017533736344986457,0.0031296591990707602
2014-06-16,0.004454424787171907,0.004311276325661571,0.011996441230485677,0.007157810218127314,0.004120104542155479,0.002098936202737266,0.0008363553307868065
2014-06-17,0.019802395796533243,0.004738649947183966,0.008284962122017106,0.0063741781635810206,-0.003088517641321582,0.0020067737251839926,0.0021702124448891515
2014-06-18,-0.015367828056984986,0.010823636545148011,-0.001651817051726846,0.01551922573826466,0.018391056030627337,0.011614041249675513,0.007689243160729406
2014-06-19,-0.01112330288443459,0.012451879135784969,0.0019266576516516645,0.005519259932030321,0.013407902014448745,0.014542617132044081,0.001276663295165036
2014-06-20,-0.024916712111714784,0.012298820077906267,-0.00413251808603585,-0.0023957440795497665,-0.011161404330147354,0.00398347817885544,0.0017285634956760601
2014-06-23,0.006857443649844236,-0.00587087926637729,0.012347430539922303,0.0009587725236022968,-0.007999939968902702,-0.008494643735126548,-0.0001324728528989271
2014-06-24,0.022523323346782944,-0.0036430257069097207,-0.0024573194979391443,0.002871281125388875,-0.0038541219156243527,-0.005732334388003115,-0.006456106498617479
2014-06-25,0.0176603868637743,0.003556492106111476,0.013845593111929799,0.0026248902210348007,0.0060009853195395054,0.007862703460548952,0.004885557422717193
2014-06-26,0.004366689192733088,-0.011934352845959992,-0.005135861055593253,0.001667063940999295,0.00033852128470781954,0.0015311310220197543,-0.0011795794276391145
2014-06-27,0.002176468145137398,0.006638057778402643,-0.007617082561224827,0.0037991968239572257,0.0016917640014103446,0.01006410486377195,0.0019090452380837368
2014-06-30,-0.0021764681451373583,0.000609396043614458,-0.008776900102710936,0.00402224403289453,0.006512924114921756,0.006876200428236071,-0.00037232599700135415
2014-07-01,-0.0021810119797631214,-0.0013931061617162867,0.034920570098350576,-0.0016545270690454669,-0.002352964846124975,0.021495626566201763,0.006655572896822518
2014-07-02,0.006529120447749254,-0.00392822331450717,0.003982406257428149,0.0,0.006040514844599889,-0.0031130601113585734,0.0006585960751231936
2014-07-03,-0.0109053647276556,0.01147930997844281,0.0,-0.0014198384097235963,0.0038952314816812768,-0.0012314178905323385,0.005464550227672394
2014-07-04,0.0,,,,,,
2014-07-07,-0.011025397495224238,,,,,,
2014-07-08,0.0,-0.0074122657688194,0.003732679832193937,-0.0047575033012725925,-0.001447486315293172,-0.00712324712625729,-0.007073762181680688
2014-07-09,-0.006674166828811424,0.004366761562682207,0.010324473998360282,0.00023848332700473598,0.0004451618250928422,-0.0021636374482166885,0.004633516553259208
2014-07-10,0.019890131390972232,-0.01148176861158878,-0.005811423936109552,0.007362669067846716,0.0036698578263630586,-0.016716779836316784,-0.004139628324473722
2014-07-11,-0.019890131390972204,-0.003355535432478864,0.0052841058788690234,-0.006885806486035296,-0.00277889425711483,0.0039735505308229925,0.0014698419980472353
2014-07-14,-0.004473937522511026,0.0020322968191128733,-0.006609372415881357,0.009721260484088721,0.01359666310364481,0.004041734779815541,0.004831860726996926
2014-07-15,0.030907226251353663,-0.0055764330790751245,-0.0031877835252382704,-0.0066288080231497095,-0.008157700505031177,-0.00244004243396677,-0.0019339645679456246
2014-07-16,0.02150616426415973,0.00044368259738625346,-0.00266477739802932,0.0004748327158701426,0.0017693538254480424,0.00369951833604699,0.004192285009448555
2014-07-17,-0.004264569983336689,-0.016279560738193432,-0.010190527727017284,-0.002376886283884464,-0.005651006947208121,-0.006483210477850623,-0.011904605927478003
2014-07-18,-0.006430748987607848,0.015747082825906148,0.008320983229544254,0.009710014206680249,0.0011103359343227284,0.004383172715134612,0.010212608899671183
2014-07-21,-0.021739536175574038,-0.007216252715700708,0.0005345895955121247,-0.0007075879428477949,-0.001999912460539378,-0.0020206561601801365,-0.002322946423904652
2014-07-22,0.00657121075745848,0.008724350658365132,0.008777638445412007,-0.028952658872218824,-0.008264481963057197,0.004372503478428747,0.005003611167300126
2014-07-23,-0.015401641775130601,0.0002656976573803196,-0.009312228040924245,-0.009268519761643489,0.018334958216293926,0.0020958057476260137,0.001752900777012884
2014-07-24,0.015401641775130643,0.0014167395282591755,-0.04566727632516015,0.003913164314667872,0.01193028264449978,-0.00041880990467140725,0.00048803681255066896
2014-07-25,-0.006571210757458358,-0.019027562707024007,-0.01892469243074717,0.0007318677379464167,-0.003924695058330806,0.0020916897375676236,-0.004860946046109087
2014-07-28,-0.0022007188337238126,-0.009879139851615908,-0.004859277437743492,-0.007835393406775441,-0.006355566920477106,0.007909929042386491,0.0002881133935528325
2014-07-29,0.045217908766051376,-0.0009113592373290876,-0.01297787711257496,-0.008145289882044127,-0.009165632463549093,0.0,-0.004538068413714011
2014-07-30,0.029047491618370194,-9.11093813901304e-05,-0.004071920533030596,-0.018256951605795418,-0.013739428449553082,-0.004488405554842803,6.091091941020138e-05
2014-07-31,0.0040818013682366785,-0.015620877529873645,-0.0143846642910063,-0.008364192772801395,-0.00915206099471224,-0.01722519683353719,-0.02020193215523012
2014-08-01,-0.008180045056768514,-0.00874358604538978,-0.011299676860536808,0.0,0.00011325823569366183,-0.0033959801791277125,-0.002863216231298331
2014-08-04,-0.024949247929838273,0.013639741782433228,0.005071425471923895,0.0027954670649382907,0.01777359204240005,0.004497179842781273,0.007163314449646609
2014-08-05,-0.006335874158328733,-0.006564694725396941,-0.007466626215413967,-0.005598841895042661,-0.005478239088796746,0.007674280345381745,-0.009732679197336652
2014-08-06,-0.012793565039990094,0.0008346174969307394,0.0011985827104224048,0.018710431690062205,0.01457915839963212,-0.020540274171721794,1.5638426360123552e-05
2014-08-07,-0.004301053879423286,-0.010247987502455544,-0.008720614701627266,-0.014381126810640564,-0.006762443576679274,0.0006000115977969583,-0.005572115446733026
2014-08-08,-0.015201163310097039,0.008299676606324618,0.01260528631602415,0.002538100918081573,0.004328866982798774,0.008108928677490001,0.011465422557972033
2014-08-11,0.010881530428144366,0.00730966249833872,0.008020103552608852,0.0030370446602460705,0.016476790718930438,-0.007423400143192395,0.0027556250258418476
2014-08-12,0.004319632881952762,-0.0012914742804695431,-0.00296285847792774,0.0027765578205564984,-0.006339199049962735,0.004102711125743122,-0.0016379823741559415
2014-08-13,0.006444763298264379,-0.0023104458364734577,0.0073910493856856295,0.006530669041723661,0.005793802574053401,0.005867867288293449,0.006684767102510805
2014-08-14,-0.01510276927049112,0.011865040428689608,0.0,0.0059908484156421145,0.0005453964759093069,-0.0016123829112868718,0.004336398273697699
2014-08-15,,0.006470762376691422,-0.0032450523998024472,0.017271781762417823,0.0006530211090974373,-0.007245401864390255,-6.137480757126603e-05
2014-08-18,,0.005887273534458493,0.01641287936445711,0.011431380280557606,0.0032610103265080484,0.0027340293669736817,0.0084954832196601
2014-08-19,0.002229744527197824,0.0036959869086086805,0.004929511548652252,-0.0021787964648132584,-0.0031517723613903857,-0.0022207403148784884,0.004988190179197795
2014-08-20,0.006659247999522279,-0.006952413828100272,-0.001157774101740682,-0.00024267491177051674,0.004019433843379099,-0.010745880292637722,0.0024747482825436223
2014-08-21,-0.008888992526720306,0.006952413828100183,0.0020254635918579202,0.0038715042705480267,-0.0019532228028257144,0.0006909739483657576,0.002945547280270624
2014-08-22,0.002229744527197824,-0.009038534235463672,-0.010459266745880609,-0.007028052509579527,-0.004900781793840555,-0.01470428742932766,-0.0019945749188226202
2014-08-25,0.0022246802599740416,0.014064598658687515,0.012480344125954737,0.007028052509579487,0.017209248474050844,0.006813735572898537,0.004776353863603847
2014-08-26,0.004434567739548357,0.002771458181383995,0.005178117495200479,0.004577613143810918,-0.006351302557302042,0.0018263610626884864,0.0010505288952435787
2014-08-27,0.008810571797315493,-0.0008039058507976534,-0.004025307876830939,0.0,-0.004003941320082517,-0.0014782728650746357,4.998604328455613e-05
2014-08-28,0.013072097495080917,-0.005734685914486708,-0.0008647927598745224,0.0007207882127475148,0.0037876786801192804,-0.0041858938883903825,-0.0016913305449461642
2014-08-29,0.008620686761376044,0.004482869889702263,0.0034544746923613587,0.0021597877077371565,-0.0009726222453728025,-0.0009618481014395064,0.0033149143290199016
2014-09-01,-0.004301053879423286,,,,,,
2014-09-02,-0.02841712787225785,,,,,,
2014-09-03,-0.01564267280351896,0.009923756141147301,-0.009528027329307045,0.0033565760553745726,0.010023169791041227,-0.0020675673527749752,-0.0007794447528015455
2014-09-04,-0.002254882424915335,0.008944841267541711,0.004630957149681579,0.0021514409601496674,-0.009750758694942817,0.0007760066733327724,-0.001535599204712169
2014-09-05,-0.01822393847768875,-0.0032674641162684097,-0.0014447527659441437,-0.0007167217292322001,-0.0010895499718705352,0.00292547381015592,0.005023247704958486
2014-09-08,,-0.014254340365227335,-0.030808121716613273,-0.0014347192309176477,0.00119825394851764,-0.003011696888832681,-0.003077845854315851
2014-09-09,,0.00026949643115883084,-0.005127650557934471,0.0038218188554498185,-0.004801353780451385,-0.008828799288514697,-0.006566521532685439
2014-09-10,,0.002060715534311115,0.00663053566919334,0.005469124402581214,0.004039158233240264,0.012699445069876598,0.0036394436003678032
2014-09-11,,0.0035742227002708684,0.009566660291987331,0.0020281626188686577,-0.0015264364328856264,-0.00103072009870504,0.0008815167647232053
2014-09-12,0.02999062289563793,-0.01040078652865938,-0.010167437747272188,-0.011749028037952518,-0.008546969587707431,0.006338982358374974,-0.0059804054920065425
2014-09-15,-0.0022750865568305226,0.03105834378724255,0.010762512613741195,0.0009640613450488312,0.003625049148250645,0.00042674879057291395,-0.0007104037481093734
2014-09-16,-0.004566293530977657,8.748539590065664e-05,0.0023757970749036287,0.003368045260415542,0.014910439201927028,0.0036632835377454075,0.007456507324556423
2014-09-17,-0.002291150118866378,-0.010539287230416434,0.004144240936658787,-0.000720993135679816,0.0030197991166977644,-0.002042925120060738,0.0012948050790884346
2014-09-18,-0.0962276088489476,0.012720916434055138,0.005303713365426136,0.0043162595969653515,0.005584826240077552,0.01756969881228586,0.004879257127339826
2014-09-19,-0.015267723802437882,0.0008714932938362222,-0.002648488361508113,0.006202958588156494,0.0044882383982515475,-0.005625872899534115,-0.00047738351040339826
2014-09-22,0.0025606845535885536,-0.002179899592333579,-0.01484147234119203,0.004034624077178093,-0.0022416011657493936,0.0021025982314694307,-0.0080456025302185
2014-09-23,-0.020672494714039417,-0.004900367906026943,-0.0066003943513519145,-0.007847105876894698,-0.006970099105001425,-0.006406242958324562,-0.0057932500796262516
2014-09-24,0.002607728185915851,0.002540671194691581,0.01286087727788422,0.009030294767630828,0.006115073441275193,0.005061099970692891,0.0078019767586544365
2014-09-25,-0.013106257841813442,-0.015519183978479078,-0.023452499650041966,-0.011659629929538676,-0.008917105880787056,0.002403856756829746,-0.016300913265170507
2014-09-26,-0.013280876356633825,-0.004542485143233679,0.009084811774569386,0.010002418753373462,0.004951848287197572,0.00659565034534194,0.00853926112400154
2014-09-29,0.013280876356633796,-0.011943789243836874,-0.029058142040142676,0.001184339631683502,0.0002148812482066403,-0.00956957847622045,-0.0025500508569158233
2014-09-30,0.005262828092503253,0.0014441870192645732,-0.00872837938877957,0.009657245093593218,-0.0006440727561409814,8.528215079939165e-05,-0.0027898165443120183
2014-10-01,-0.010553994624712319,-0.028364149696900622,0.017073471684414622,0.0018736175829470309,-0.004738175967483064,-0.00751580150387433,-0.013337106112637435
2014-10-02,-0.0461414851346309,-0.007545473812637057,0.021014805283368503,-0.0018736175829469491,-0.0007558722651727173,-0.018777682758555382,5.143328250229687e-06
2014-10-03,,0.004757569889447509,0.017329402749680683,0.007938405489355484,0.009888497334179614,0.01456809282451036,0.011103635523902509
2014-10-06,,0.00898692291776486,-0.00029605019972920346,0.013857024614100863,-0.0013916115687759758,0.004638138046230057,-0.0015663860013981836
2014-10-07,-0.013642559022851584,-0.028629422029652952,-0.06045822680339669,0.007312330446457021,-0.002895699756184693,-0.0075691048950150734,-0.015241618619128634
2014-10-08,-0.02222324755605765,0.011231289587462225,0.012822653183028184,0.014242419404954387,0.008982161695470196,0.0037916696387245764,0.01731094749805919
2014-10-09,,-0.014463643252997609,-0.03639043948150443,-0.015381132630734528,-0.003946765889646499,-0.015079552471956512,-0.02087784845431496
2014-10-10,,0.011738068312912726,-0.02413699225614923,0.013584203505474084,0.011475812209062387,-0.004814306061187217,-0.011517080026210946
2014-10-13,0.002805097681750341,-0.002166802997886276,-0.016644858147124835,-0.00903566428760959,-0.007529046319415878,-0.01147198625499108,-0.016605033202522507
2014-10-14,-0.014104445411067045,-0.0018877156399427933,0.010684738980710486,-0.009805201501472465,-0.00994965583944733,-0.009362737725444274,0.001577619680866768
2014-10-15,-0.0056985147746487835,-0.0027442366897380967,-0.01404719999516934,-0.00943947947958769,-0.013421099354919945,-0.01407454926117815,-0.008133300726077349
2014-10-16,-0.04082173098269652,-0.016142593285205762,0.00838525758899326,-0.015619012512824876,-0.01073659911855676,0.0010894960219730815,0.0001449672004417697
2014-10-17,-0.03636747207523572,0.024727745423187057,0.009970037642102074,0.007490018915615919,0.007899519609139496,-0.0035459831918321135,0.012801813377146141
2014-10-20,0.04230237543503493,0.005900882400337685,0.003301653957260722,0.009516032261986525,0.022047387490073067,0.0315579941513916,0.009101116121281314
2014-10-21,-0.011905100661839757,0.010682427528921366,0.01634532599353924,-0.06218502345260887,0.0019220774175591634,0.0003529394033519013,0.01938537082775091
2014-10-22,-0.033488590698881666,-0.011523361207273436,0.015125159094909035,-0.0014763684786904185,0.0077584548118614285,-0.009573727435930518,-0.007326100661612184
2014-10-23,0.05715831764896728,0.007078342855300575,-0.012211241269708671,0.005891220499882436,-0.007437743386389712,0.010102767125202828,0.012228305721599457
2014-10-24,0.008734095890127335,0.009238095449921754,-0.029196755426544384,0.0041522227951003975,0.008918397333935294,0.009653018306812658,0.007028690175716194
2014-10-27,0.02008662021917289,-0.0069203979404987865,0.0013307657020551875,-0.006602828837888463,0.00021200798402336123,-0.0014858402560571629,-0.001502696878837878
2014-10-28,-0.014306498861573686,0.020075061617713396,0.03559563585377151,-0.00491861945048551,0.006740523424984517,0.006624710948783026,0.011868364566910393
2014-10-29,0.0,-0.0024533937914178925,-0.014542315278507354,0.009813434966787733,-0.006001755781831426,0.006149812019221787,-0.0013863159906425204
2014-10-30,-0.008683267226781822,0.0008185269260850085,0.0019512756935447517,0.010685261183081796,0.010087557531997348,0.00043156697862855903,0.006210797247873184
2014-10-31,-0.011696099533026392,0.008778527178137319,0.019942873429187578,0.011527337223068422,0.0054218965430140815,0.04629634902217617,0.011663114233148569
2014-11-03,-0.060624724620559504,-0.01296900527332208,-0.0070309610158794,-0.0016726562662355837,-0.0035416339114341714,0.0053420338550361195,-0.00011892891639947338
2014-11-04,-0.031748491600920886,-0.0013699862298848671,-0.011613038332782977,0.0002394155991956316,0.009347734671679507,-0.021541868191948026,-0.0028338532526650333
2014-11-05,-0.026145259196501156,0.004559821331433023,-0.0029243324474071794,0.01164834131437305,0.0016528590115069295,0.016364754637454133,0.005684311060804489
2014-11-06,0.04847481005180803,-0.0013537081476865088,0.02061239399336748,-0.00047255529321068744,-0.0008260311550478046,-0.012769943140103997,0.003768403644328259
2014-11-07,0.021841813154974462,-0.0014759159883720883,0.0069887639634827374,0.0007086837692775451,-0.00010382787690018317,-0.009727637088193785,0.00034952512678080786
2014-11-10,0.027398721494225012,0.0108327983807348,-0.014989925380571555,0.0016530390391752794,0.0017552084226465014,-0.0059160169743440304,0.003115327019558855
2014-11-11,0.05548899633835597,0.008003135034938519,0.007363761647260374,0.002826815638998875,-0.002788729798349847,0.009869032103356878,0.0006964516302874351
2014-11-12,0.0,-0.010105299496559693,0.0022302019942189717,0.004693911868471454,0.004745854702487078,-0.002942006985958436,-0.0007013625789179808
2014-11-13,0.01410444541106705,0.01372187721203323,0.0072932319530316205,0.001871231622054222,0.014103568334723829,0.00863324112084589,0.0005297044284002311
2014-11-14,-0.00843881222392036,-0.00027079893274149,0.00441393598930199,-0.0014033870744677708,-0.008356006619214538,0.0,0.0002402413485468054
2014-11-17,0.0028206605078203947,-0.0004515240560568473,0.0162249667835438,0.0044365126519032684,0.007137411816248047,-0.010318418471237661,0.0007350887776586797
2014-11-18,0.0,0.006750844350454112,-0.0012387828444426108,0.014112242621334509,-0.004888833840436176,0.012402743155826812,0.005120849353688389
2014-11-19,-0.0343871828975992,0.00652748129588478,-0.003725504692324165,0.01572733573713808,0.004787487556765768,0.0023293487952398893,-0.0015022868756188182
2014-11-20,-0.02658955385675365,0.00559944157334205,-0.0006223992171635732,0.0006780139542848016,-0.003562924315010924,-0.0052487071766698454,0.001965164013202754
2014-11-21,-0.012048259023780584,0.015041904160472713,0.0,0.0056339285014295575,0.008428354248393237,0.013028943972669054,0.0052232126037382535
2014-11-24,0.03863781288053428,0.006699837649388495,0.0018654911185262265,-0.005181736443473414,-0.0021255390594095373,0.0014005062438662366,0.00285992981373923
2014-11-25,0.014472271753247692,-0.0019965042956464054,0.0012419377692472423,0.003607201392132095,0.0025296746485585085,0.002877511830668327,-0.0011506914684172845
2014-11-26,0.0028692891286606014,0.00052133362725715,-0.004976797737377884,0.003732576801852702,0.004236971695873747,-0.000903570320691298,0.0028020524716035632
2014-11-27,0.033806005612922574,,,,,,
2014-11-28,-0.008345306217774878,,,,,,
2014-12-01,0.016621224210950428,-0.007206113011367539,-0.014766180580557727,-0.006264983854408874,-0.004304894645251365,0.014593260210644067,-0.006852789344834434
2014-12-02,-0.0306859973145169,-0.01082021555816576,0.009667972800201536,-0.00022492919642439223,0.007198412259158956,0.012961750688474693,0.006364166758848178
2014-12-03,0.005649695724109512,-0.003924199101060038,0.011360108799785959,-0.016753831783227726,-0.014289488480295891,0.00896636614085839,0.0037576738340269794
2014-12-04,0.041385519526928545,-0.0027122947514651016,-0.01648451737231475,-0.006872964623131495,-0.005814300987275907,0.006945085103265603,-0.0011625717317858438
2014-12-05,0.01608584329087385,0.01616450568727145,0.025068492460839857,0.0006894955759094815,0.00010237175219873407,0.003337828789500651,0.0016638315989210529
2014-12-08,-0.013387244320635436,-0.007962633880939112,-0.028655165478595236,-0.008999590576728552,0.0002040409511897343,-0.004738729769074554,-0.007283022149715385
2014-12-09,-0.02179908853554343,-0.012592090678205749,0.0039699566120501625,-0.025829262966087545,-0.006669512380782088,-0.00046726997332390826,-0.00023785182583414743
2014-12-10,-0.008298878242148533,-0.0027314810727522057,-0.02593552825675117,-0.010521474887769847,-0.009829177697443667,-0.022612751398614028,-0.016486121183048656
2014-12-11,-0.011173097685125232,-0.005663375880715112,0.006857878469349879,-0.001684278672809554,0.0011433078364911794,0.004769862412999108,0.004525433971620777
2014-12-12,0.002805097681750341,-0.021164550996287543,-0.01944846037352816,-0.015041251773019956,-0.016227621170956195,-0.012368950855051365,-0.01634646579165845
2014-12-15,-0.02266377373179072,-0.0102952679879538,-0.018220042742380017,-0.008345564385682732,-0.006353762287224615,-0.024301392667182623,-0.006362786271721939
2014-12-16,0.0,-0.002475178679751699,-0.008747792893124951,-0.004446743441344297,-0.016601797719912454,0.003203541527088557,-0.008525259865380821
2014-12-17,-0.0320260140768223,0.01186341318103638,0.013574902915190194,0.028315166204452215,0.012130464491023195,0.010442397055834296,0.02014807324329562
2014-12-18,-0.008915442271960937,0.039227603966297445,0.019078437360438058,0.020014875218664088,0.017347273504353895,0.012259937942967654,0.02373137488570905
2014-12-19,0.014814919048125003,-0.003232564852769819,0.032840605520806164,-0.01043355978734091,0.0008393055958685597,0.018034426626309396,0.004559637967419008
2014-12-22,0.005865149512081678,0.0021855017398175365,0.012719617746464452,0.00948973476797627,0.012287673060253227,-0.0029174083780655314,0.003803222479927145
2014-12-23,0.002919826906668039,0.007828034116297585,0.009882089943545605,0.014533831777796023,0.007629884646309893,0.0009470865142761512,0.0017448386297044874
2014-12-24,0.02020237442798332,0.0007795538350287536,-0.00388121160024648,-0.000698484433801852,-0.0027774192776253127,0.0,-0.0001393062410745646
2014-12-26,-0.0028608135460749698,-0.0017330923943956762,0.008933706601090843,0.00046585991692706097,-0.00041192603040060577,0.010515673814078709,0.0033041099821209488
2014-12-29,0.0,-0.004171189028429922,0.025466037592659207,-0.0023307026226511785,-0.0033027748687508205,-0.005714955894803346,0.000861403428089447
2014-12-30,-0.014684559584537512,-0.016064943228850093,0.014062685972413525,-0.0023356327865356667,-0.007992354576851712,-0.011529000492633001,-0.004900593034504285
2014-12-31,,-0.0060360873415107805,-0.005142870934518008,-0.01270931693676028,-0.014696552466519998,-0.0034208442127795988,-0.01036438356125046
2015-01-02,,-0.005177072328804487,-0.0020073168140375343,-0.0018965445446081882,-0.0012699647446562832,0.0015128857859024946,-0.0003400214731352804
2015-01-05,-0.005934943225346302,-0.033210627664614564,-0.014746396874805943,0.0,-0.007546838029802102,-0.01847135351017129,-0.01844721353258727
2015-01-06,-0.0210533555402083,-0.002222875062916891,0.015033505168523458,0.007565015887189177,-0.00760328555249904,-0.010347461468199074,-0.00893325469070017
2015-01-07,0.03288795672348174,0.014452329756109722,0.028011430114439004,0.012404956268159557,0.028821867493628164,0.024832383236580494,0.011562735844876304
2015-01-08,0.045985204818151416,0.03113171845995858,0.009994398547699412,0.012023082891332908,0.018010810835336108,0.019070574974969435,0.017730168127155693
2015-01-09,0.011173242700695774,-0.008094337925592,-0.016994364569488628,-0.011092982448470715,-0.006793459111766561,-0.011826869221263987,-0.008439322147078786
2015-01-12,-0.013986185527011225,0.01321934599612372,0.0069999660217891285,-0.009104642048235337,-0.004140375503051966,-0.000317216715495702,-0.008126616843470486
2015-01-13,0.011204222005767777,0.003782748052718197,-0.016599110734960693,-0.00023455412030862934,-0.000726220811885104,0.002931032087871083,-0.0025818854358163217
2015-01-14,-0.011204222005767822,-0.0031658275104337447,-0.027320162848680773,-0.001643421088914024,0.0033160061447735137,-0.004678260326578064,-0.00583002896797565
2015-01-15,-0.017045876145656343,0.006234245911889275,-0.02569150724212305,-0.0042385783615566715,0.0,0.007601131984099547,-0.009290903004567546
2015-01-16,-0.02026112892085794,0.023957988926179424,0.0074502008011017844,0.0035337508395534324,0.006393167714822306,0.01642839430002992,0.013334893186267299
2015-01-19,0.008733816807985706,,,,,,
2015-01-20,0.005780298829534082,,,,,,
2015-01-21,-0.011594470936230913,0.008614486425329537,-0.0011794390903080954,0.004623380447044063,-0.0011287702575608093,-0.0038788250067901923,0.004720465022189361
2015-01-22,-0.020619502809883814,0.010139247472529705,-0.002067720885364639,0.009639816236629127,0.015283117675508334,0.009283679153237124,0.015154313070630327
2015-01-23,0.0,0.008121797982875992,-0.002071784168844054,-0.010793452483161796,-0.003747931161532652,-0.0015410955917594562,-0.005506656279301935
2015-01-26,-0.0210533555402083,0.009544156804844686,-0.0014825519741202896,-0.007183785795843094,0.0016221935018636388,0.016825158900763488,0.0025651679986232745
2015-01-27,-0.003044284147719023,-0.0017362284649768882,-0.008343483324157784,-0.014287683757941308,-0.020163124392361516,-0.005780396811056519,-0.013478287815857576
2015-01-28,0.009104912965445598,-0.004228671147881613,-0.01750708967293092,-0.011149033567959335,-0.010393192767710654,-0.0011449959504158853,-0.01358750281102202
2015-01-29,0.009022898085501772,0.025594201425467505,0.009697058562324052,0.004284596108564756,0.00323336070315866,0.009122067779845738,0.00948951705826357
2015-01-30,0.014858985358727777,-0.011403683561850305,-0.016418893130130955,-0.022338056440113156,-0.023709404327485258,-0.0252887373675663,-0.013077099006318498
2015-02-02,0.008810701386846994,0.009214568898441368,0.014909792725355033,0.010150004317142013,0.016393198210581914,0.01723521118517057,0.012879170000215516
2015-02-03,-0.029675920226755474,0.018894905179881415,0.02593684052044006,0.0009615264249304405,0.009084855810928476,7.645435296587414e-05,0.014336238577453099
2015-02-04,0.0030074541545723156,-0.01516814076168799,0.05301327530353751,0.001200031819035643,0.004149597039538919,0.011979603817809933,-0.0041647065724529616
2015-02-05,-0.0030074541545722783,0.004276799823058129,0.011654086113223227,0.002635604338481594,0.00010325075734883961,-0.007109801904928466,0.010238810710909235
2015-02-06,-0.015174877547651833,-0.023628349601971407,-0.00692065674516629,-0.00816884210522501,0.0010346358363582853,-0.016609003187600807,-0.00342402761187852
2015-02-09,-0.03738748604820239,-0.007447933309812948,0.0,-0.005321848899440274,-0.007681023087605128,-0.003169319369674965,-0.004256239310481708
2015-02-10,-0.006369379298304587,0.01271064442269066,0.04135539497500167,0.02798196490516604,0.020829649399525835,0.012999491256246045,0.010618979554062366
2015-02-11,0.003189724297062142,-0.005757523306302354,0.003989888205636076,-0.0007076181992296949,0.024296772253125102,0.0012987215677083175,-2.9034010158247172e-05
2015-02-12,-0.012820327517528728,0.01058471679676778,0.009248272000560847,-0.004731794832036639,-0.0012957401595113218,0.006087239126419449,0.009598295065916026
2015-02-13,0.019169414403546407,-0.006551004680391112,-0.010577039607571507,-0.004277339159087871,-0.011434717559392082,0.005069698153739649,0.004066459227779422
2015-02-16,0.0,,,,,,
2015-02-17,0.028083272685882954,,,,,,
2015-02-18,,-0.000984266788517244,-0.0013439202470495611,-0.0019153578139053903,0.009813775859658019,0.015625472959626893,-0.00031435862322874816
2015-02-19,,0.00711342388230394,0.008567604103801384,0.009064880783336504,-0.006160300095903374,0.008313528305187305,-0.0010626217157189283
2015-02-20,,0.006739313212396612,0.0037257969805805334,-0.0033301714128116345,0.003438261015150827,0.01190388137686935,0.006107842721055837
2015-02-23,,0.013663614142997431,0.0010617142217691359,-0.0028630137501776684,0.003928971162925847,0.0005842524139554231,-0.000303385211985694
2015-02-24,0.0030817387439385432,0.001914214682256924,0.0015904278130625055,0.0066679639456715695,0.0013065270060875938,0.009879451632187964,0.002754972468831103
2015-02-25,0.00918808145542917,-0.008561766097335187,0.002910128634522915,-0.001900403695981506,-0.0008038484068947002,-0.01068276468840459,-0.0007660169636026022
2015-02-26,-0.003053299977885024,0.02421419186148666,-0.007955538552675835,0.009702887682060254,-0.004330742145495172,-0.0005113782905489026,-0.00147711863025381
2015-02-27,-0.018519060858011006,-0.006531339804571405,-0.006678473574499851,0.01959059729600887,-0.0009088668148446413,-0.01050845677744045,-0.0029606830486323707
2015-03-02,0.006211346316165325,0.000867897112553052,0.008008964920761193,-0.0023121887337098543,0.00020174720215997114,0.0036866112678240782,0.0061062381811330165
2015-03-03,0.030490046244069872,-0.003952191498053225,0.005038718380175483,-0.005804418629264623,-0.006078416909533996,-0.0034651994537793916,-0.004548872603817568
2015-03-04,-0.01818233170222411,0.0003961630689995438,-0.006103088945619536,-0.010531832118753361,-0.00394687385572139,0.0008861434563571012,-0.004398161230154572
2015-03-05,0.02417044601588271,0.01078719558656124,0.0010643705654440959,-0.002356412151888325,-0.0013361523374505549,-0.004585499223841229,0.001195365251036089
2015-03-06,0.03230806422395989,-0.02289316639082282,-0.020685942494345435,-0.020973120254834145,-0.010962047008546154,-7.422443093697644e-05,-0.014275356362467066
2015-03-09,-0.023392627348683883,-0.006188869546169285,0.030191061110739152,-0.003136001357491829,-0.0013528103735413648,0.0036999335616320463,0.003936662357975969
2015-03-10,0.023392627348683876,-0.03561833404581867,-0.0029254596540311505,-0.017056642691098314,-0.016905928179151593,-0.012635568687683854,-0.017106820937141425
2015-03-11,0.02002923274889661,0.014432794460285897,0.006106635160904486,-0.014606549856933701,-0.008507930432319084,0.0023157064692034637,-0.001919520676484767
2015-03-12,-0.025826288476534124,0.012277230559369334,0.01705867565853598,0.01991652122050093,0.021972101092195044,0.02600245816885528,0.012522702206037068
2015-03-13,0.0,-0.018224150385685266,-0.009937574079764368,-0.016401992432942703,-0.014629503105146683,-0.009938002370612101,-0.006093237090196838
2015-03-16,0.02014445020338345,0.013167684083331879,0.013832961176646267,0.009476707833490005,0.011908792187430683,0.009865272143251076,0.013442909023855906
2015-03-17,0.036367863213967164,-0.010768292307428323,-0.007544956370153829,0.0054453656161832275,-0.013925168543718012,-0.004080457588425477,-0.0033256977077820026
2015-03-18,0.0,0.014440533916917743,0.005469275175249213,0.002219158779159236,0.005403160935285512,0.022524740434779346,0.012085101501628708
2015-03-19,0.010929201836444656,-0.010728447318625647,0.00388825501735907,-0.014388407279804184,-0.005722224120467548,0.000142870503468172,-0.004884489126950175
2015-03-20,-0.016438797859241083,0.011461327986923857,0.005676136030443719,0.015619014402794274,0.013091473106656324,0.021117111586457602,0.008972382193259682
2015-03-23,-0.011110975902504669,0.003899651409182938,-0.0072290490405649355,-0.0007381959656558181,0.005335337710871257,0.015464496159141645,-0.0017472566067133015
2015-03-24,-0.02260049356114817,-0.00805976168307843,-0.019362673407194168,-0.00369931085780794,0.0001041593291857522,-0.005520110374145446,-0.006158345701590925
2015-03-25,-0.028987161594021062,-0.003931029736789524,-0.01249533149583555,-0.0004945738258975754,-0.006278878641949588,-0.0049251623779353595,-0.014665926527239062
2015-03-26,-0.0058996579579271196,-0.0061736364734049885,-0.0008027669054149818,-0.0024753953116218226,0.0038766023206923722,-0.004879214394964231,-0.0023803307374738966
2015-03-27,-0.00891543687527599,0.011819909042454502,-0.001071315239914084,-0.006713513494779303,0.0033409208091021957,0.00918506530732731,0.0023657607295033602
2015-03-30,-0.0029893349870501527,0.008127000747583728,0.009867945328337452,0.010671223553612979,0.005922912207940555,0.0010531844113266073,0.012162382647149434
2015-03-31,0.008941601250934397,-0.013362776481173804,-0.004788632464596963,0.0009869008240063714,-0.009368356497997011,-0.018836611187227164,-0.008834686217530795
2015-04-01,-0.027069412301881726,0.012876779868035431,-0.020474847102521294,0.003200449441380708,-0.005558293208976321,-0.010130608127859951,-0.0039732542018475255
2015-04-02,0.0,0.017817604927679004,-0.006553888356300345,0.0,0.0062900688571711945,0.011059585598242097,0.0035234523037141535
2015-04-03,0.012121577569766838,,,,,,
2015-04-06,-0.024391397769134626,,,,,,
2015-04-07,-0.0030911943203628055,0.0,-0.02569556393624333,-0.0038934087614257234,-0.0028029629808627933,-0.006562995099937221,-0.002064032708587167
2015-04-08,-0.0031007794398120654,-0.008882164050845041,0.010579158379159062,-0.0029307374400532934,-0.001872412925357347,0.0015734544972279677,0.0026789415573472003
2015-04-09,0.0031007794398120077,0.003022424458625101,0.004972301386246406,0.0039051461082255916,0.003326689954862348,-0.0002144030780269756,0.004447575873625805
2015-04-10,0.03647816055772821,-0.006613434862011912,0.007686203314318387,-0.0041495955211776955,-0.0015579445329071706,-0.0018601364972563887,0.005189376899456221
2015-04-13,-0.0029893349870501527,-0.0028016629512110426,-0.004659663508675113,-0.004413221172544275,-0.006989083621689565,-0.015079039864630833,-0.004591806820961145
2015-04-14,0.023669686745574896,0.004000099807490495,0.002195706487025031,-0.0046789945686322556,0.009999305927247681,0.007964776326059221,0.00162843225851382
2015-04-15,-0.005865256925321554,-0.005123107943998274,0.01253044620457811,-0.00271921268751562,0.001449946858477523,0.0030243029748227555,0.005134989044995592
2015-04-16,-0.0058996579579271196,-8.039225452069646e-05,0.0037831603582855282,0.00493837146667508,-0.0018644911874625438,-0.0007193749301024546,-0.0007787467579851993
2015-04-17,0.005899657957927177,-0.007088075741340144,-0.011937748656330646,-0.007416563469788599,-0.006657548293684347,-0.003965180195456729,-0.01137570418905323
2015-04-20,0.026126385846179566,-0.00901315228742152,0.012746424739739191,0.00889320434010514,0.007175673713808756,0.002164840830880258,0.009192748586536723
2015-04-21,-0.02026112892085794,0.006504134825919879,0.0013462755541424544,0.0029466225776129604,0.0028972701946389633,0.018567960180751932,-0.001481702504767951
2015-04-22,-0.005865256925321554,-0.009854266734959113,0.0,0.012913011894252126,0.005153420671096865,0.0023322663429108737,0.005074582853386292
2015-04-23,0.031840363866502956,0.00253399261624043,-0.03393886697791468,-0.008752593110148739,-0.016061853471646424,-0.004457095305011942,0.0023549408425523675
2015-04-24,0.011331898125332966,0.0099099390999113,-0.00922943362777277,-0.0014661758570636756,-0.005867022044622877,0.0012754534430649328,0.0022502668247534868
2015-04-27,-0.008486813460373728,0.009012082603851014,0.00532434196962564,-0.001468529159486103,-0.007170649404245081,-0.003902438855205079,-0.004149913240734652
2015-04-28,-0.02008637479815486,-0.0034505388678049164,-0.0016781324795733497,-0.001470889678482082,-0.0007411873921552418,0.0099037494365164,0.0027654044373465075
2015-04-29,-0.008733816807985751,-0.02129893162643984,-0.005896678142502339,-0.006890792665471017,-0.00042397976764735855,-0.00898021506565906,-0.003747348127573222
2015-04-30,-0.011764914883248642,0.0031705267909274476,-0.01275325091965363,0.0017266839235256398,0.007810220041872149,-0.012651543318741154,-0.010180553033248205
2015-05-01,,0.011183476725863846,0.010215648824058352,0.00859238060026114,0.004614954616384564,0.006738890872722353,0.010863776563455257
2015-05-04,,-0.026038406748438405,-0.0005649110042762481,0.0012213544967546906,0.004073269467055311,0.0007142672594759546,0.0029364331477630206
2015-05-05,,-0.009088386627041936,-0.011078202374156373,-0.005139957716764661,-0.005539350040045092,-0.0180833836017902,-0.0119080033585301
2015-05-06,,0.022609515422079195,-0.006878578624333802,-0.002211115304990238,0.0006288597898330865,-0.002839540875774367,-0.004465681140931977
2015-05-07,0.008708067764146508,-0.0015862432671032434,0.0031585680496890108,0.0009831949191564755,-0.0034619773960964887,0.005525916346153009,0.003766710469475405
2015-05-08,0.0,0.0239403280232444,0.012535861103935937,0.006856362061584994,0.014605769316734128,0.029997880926580695,0.013368147987361164
2015-05-11,-0.020438413852282324,-0.01140322353583609,-0.002835208901422922,-0.0009770067157591344,-0.0020736034449468426,-0.033411562259204865,-0.005102556456082039
2015-05-12,-0.0029542134964016436,-0.004382562688173828,-0.013722414464126123,-0.006125013174001929,-0.0015579445329071706,0.0015267539071173323,-0.002953996439367266
2015-05-13,-0.0179110053435068,0.0011596161706687454,0.0017257148392489847,0.008808474521898056,0.0021809617293168824,-0.007583665863433073,-0.0003050012906516677
2015-05-14,-0.012121577569766803,0.015604581009840973,-0.004319777125194433,0.010902345572179015,0.016357396429742405,0.009687942631542296,0.010721604261760033
2015-05-15,-0.003053299977885024,0.0021980481719652053,0.0074754850042469435,0.0004819979641432793,0.0022424914452063693,0.010240892813118983,0.0007681188278664758
2015-05-18,-0.006134781477544258,-0.007836831973827951,0.0040021469438894135,-0.0048284191564425495,-0.0017324479441307673,0.0004303484962177626,0.003043312472570502
2015-05-19,0.0,0.014482410791721755,0.0019952937050825956,-0.00024230152089274847,-0.0010205691106871372,0.0007171993868761258,-0.0006435815978420154
2015-05-20,0.0,-0.0032362269909095723,-0.0028513077839029378,0.0009679302425313597,-0.0026577417189654795,-0.0037338269657269233,-0.0009309494507940488
2015-05-21,-0.01863437599068211,0.004124338933050483,0.015864196304605904,-0.002906142702261172,-0.0050287904816069704,0.003088370668838834,0.0023351459087448084
2015-05-22,0.0186343759906822,-0.011118064569112112,0.0033669731096073745,-0.0004851903199566011,-0.009717537798715176,-0.008787570013868906,-0.0022363851494835974
2015-05-26,-0.01550469521694699,-0.020445848840885204,-0.005054477378096744,-0.005352821721160732,-0.004894751554114949,-0.003769208072125213,-0.010335204907502334
2015-05-27,-0.018927664354953744,0.015537534052720955,0.008131166001588074,0.003166281953381183,0.006140321570127224,0.007740473503795971,0.009120918929110081
2015-05-28,-0.00638965550111636,0.003601899957189902,0.01606697152130631,0.0004863847526572975,0.007030753222100003,0.006965482085999468,-0.0012675639174870542
2015-05-29,0.012738742387134076,-0.014983584994282222,-0.011608737070409963,-0.0043850036553015346,-0.006512138760764146,-0.013327201849152441,-0.006338515184097658
2015-06-01,-0.02240080651815669,-0.010589874167975853,0.005821009266735134,-0.0004885227567726864,-0.004781270385975615,-0.004724857626786907,0.002057343499147661
2015-06-02,-0.1093237650915514,0.02246341314067807,0.0011048251863452292,0.0012208597060356181,0.0008330609563366275,-0.004894144465854952,-0.0010091051653478204
2015-06-03,-0.0218985309357388,0.008732366878836028,-0.007760356648745686,-0.002931903617886145,-0.0004930538676936875,0.006350229552255195,0.0021166294697559994
2015-06-04,0.025502470338370813,-0.010537225917295008,-0.011191805895406621,-0.006874208488567502,-0.012246657819160364,-0.004301900702649066,-0.008660562215101069
2015-06-05,-0.01085026945498972,0.022089571061990613,-0.01188845661362601,-0.012146135419496745,-0.011646245155895464,-0.009840311825452903,-0.0014372152327325357
2015-06-08,-0.022059986476140447,-0.031909398963572054,0.006595254953195389,0.001495651244269917,-0.0022595095817078874,-0.017569008331925273,-0.006495560338305542
2015-06-09,0.0074077855927592706,-0.0029897593069752567,0.0076866921294773604,0.0009952939116495646,0.002474716357484119,-0.00640411297936742,0.00041826551900276467
2015-06-10,-0.0074077855927592836,0.017969722444674686,0.009315574863117694,0.003229149285104431,0.006639332843719728,0.014557013816296762,0.011970491752514406
2015-06-11,0.025689673661861888,0.004320243792706196,-0.0011243976541761582,0.0024963256454043365,0.0042602352166704925,0.006977938594999553,0.0017371167565281324
2015-06-12,-0.014598724985903302,-0.0075115173025612015,0.004490435017145615,-0.003497009705612205,-0.0037268416303982673,0.0022908150054168686,-0.007018874653102703
2015-06-15,0.00366964715903138,-0.01336550642517283,-0.00702552974733823,-0.009302400890079242,-0.011803914017001042,0.00014735389457945692,-0.004633289621771348
2015-06-16,0.003656480817754532,0.008353740729374635,0.004220908968254866,0.01230084630334376,0.009775041894450723,0.004050599787050839,0.005673730515753803
2015-06-17,-0.007326127976785861,0.00016487882256027128,0.005600852278538768,0.004729244415412864,0.005330723908417767,-0.008784467835901144,0.0019776843950728407
2015-06-18,-0.03364814136568134,0.010322747056672382,0.01083207705983265,0.00939204899651914,0.01246817727200703,-0.0028958964988498575,0.009854000054008836
2015-06-19,-0.011472321116975813,-0.005557858165226221,-0.0024891808826477966,-0.006169117103721108,-0.003892905444922112,-0.003426285329363245,-0.00531761523794962
2015-06-22,0.015267568221629583,0.024050859659806106,0.0022129185031255737,0.0019783361185766843,0.007770489304313029,0.01083478646206628,0.006076367981542122
2015-06-23,-0.007604690769320654,0.009476298946703298,0.00303483112864688,-0.0024735993035917263,0.0,0.011886624359799551,0.0006356664251933869
2015-06-24,0.015151900318177498,-0.0006342010124790476,-0.03190867706113856,-0.004716399087608928,-0.003247892642000161,-0.01247742357189584,-0.007380465718305258
2015-06-25,-0.007547209548856782,-0.004690145731468827,-0.013169466021453581,-0.0042386467179349775,-0.004838478673344172,-0.003921805421756906,-0.0029780041565964136
2015-06-26,0.0224725281347999,0.003499828627047242,-0.009264194488178099,-0.0004996286707085778,0.0008429258082716084,0.00436514330823644,-0.00039015574492238484
2015-06-29,0.003724583237566357,-0.03301473393288497,-0.03402218604068923,-0.015113616861624246,-0.012937560996464975,-0.02247139174212346,-0.02108696950861153
2015-06-30,0.011090813141892288,-0.009731321953578927,0.0030048244786123383,-0.004324713397947089,-0.003742551450075931,0.009767234822289294,0.0026549623524674106
2015-07-01,0.0036697426648236962,0.01554107308223457,-0.00873878653703285,0.006859005971334915,0.012562538337585406,-0.0011220620549527085,0.006912096434637041
2015-07-02,-0.007352918076702574,-0.0049075907201449,0.0057339620584203575,-0.000253174697271172,0.0014802565554073708,-0.006382625210837398,-0.00030807018954653404
2015-07-03,-0.003697296514150746,,,,,,
2015-07-06,-0.014925370418575905,,,,,,
2015-07-07,-0.011342406904065223,0.008326207396131389,0.006411193038666181,0.02083653347773295,0.02096486584503542,-0.0026405735738907216,0.006062560593868743
2015-07-08,-0.026976518821502142,-0.006469947747564079,-0.05215814738398942,-0.009736048764651735,-0.008228775719915978,-0.03278733201440634,-0.016792964912141516
2015-07-09,-0.007842939737019158,0.014810103264171154,-0.005787872319374528,0.0015038704697490667,-0.010725582678293821,0.007155802951450282,0.0022596476448199895
2015-07-10,-0.023905701289228025,0.0502920191901273,0.012498009824606639,0.011704909010087722,0.010097435468999189,0.01911406479001858,0.012262986385007718
2015-07-13,0.012024057848496663,0.00039488038630704675,0.008877918364056466,0.006662268688596119,0.01732719483997254,0.014493023934750927,0.011005268507355188
2015-07-14,0.0,0.0030743182564375382,0.002836764108987531,0.01246520548727701,-0.0009262559581199082,7.496343257656073e-05,0.00444327323650017
2015-07-15,0.007936760796565816,0.0010226760149522997,-0.010759556716625032,-0.0009721008756837131,-0.008062911418600473,0.004038265842677708,-0.0007352563007372865
2015-07-16,0.0039448826441655545,0.009780659957370732,-0.026436099044770695,0.008473588159962216,0.005692204433542025,0.013197136276986522,0.007982733444475738
2015-07-17,-0.02794603437994411,0.0005449423892179223,0.0013056608245036376,-0.005560115888412918,-0.001239168916545779,-0.0030245418969905746,0.00110557162445071
2015-07-20,0.0040403330907160554,7.770704045418246e-05,-0.00490572350058538,0.00314628707321539,0.0054615306616288516,0.0013289195611482442,0.0007709366240016023
2015-07-21,0.07006756675181451,-0.0034294922111902416,-0.0036131502988680036,-0.0046022249637236,-0.003912447692284693,-0.007256438458559901,-0.004270796242723094
2015-07-22,-0.015151776969278953,-0.004696178374773245,-0.0029659330673892452,-0.007065295979059214,0.0024725311744662744,-0.004245075482584391,-0.00239056502019028
2015-07-23,0.052056143790103974,-0.01318766180729474,0.038839633044832296,-0.0014678763460603428,-0.0030920100307161957,-0.005538298996069199,-0.0056922102113794535
2015-07-24,0.0072206040869810945,-0.011271556468769399,-0.014066549058355636,-0.009842878806349936,-0.0071489233703854165,-0.005267142131940201,-0.010761020696661188
2015-07-27,0.042259491233483014,-0.008477052471158215,-0.00032190872102304784,0.0024701343764252496,-0.005420798753439028,-0.0057500496410481374,-0.005791755065064178
2015-07-28,0.0,0.003722655315213763,0.00865817457732372,0.0002462177078210483,0.004693145550873039,0.0003791445917647108,0.012310073801889353
2015-07-29,0.0068729845186163915,0.010366181321133903,0.019915334072492172,0.0009866651600775995,0.004360456076444148,0.005521756436677771,0.007292142927383681
2015-07-30,0.027028776187050543,-0.042375481547276425,-0.0012529606347294413,-0.0007399075886630145,0.0010353648564551477,-0.002265240321224396,2.836690402236809e-05
2015-07-31,-0.006689166141930981,-0.002923459102405992,-0.012614237066936805,0.012739049424695654,-0.00290188399003822,0.008956446090386675,-0.002274103801051709
2015-08-03,-0.037611026749980604,0.005006275210008778,0.005380551481143821,0.01113558159735113,0.011351748304704836,-0.0021001846995936917,-0.0027606939449045503
2015-08-04,0.0034781194410679686,-0.004337311281117877,-0.005063264013637521,0.007434982347965149,0.0036877612654529243,-0.025321646260270125,-0.0022522391669328678
2015-08-05,0.01036298314142997,0.01764835496928957,0.00253452756606774,0.006430655306991492,0.014010237345191997,-0.011930893741634948,0.003109838185490679
2015-08-06,-0.04211156178705613,0.0010670835461453398,0.008194316817067662,-0.004759492579619889,-0.0004030252394459215,0.003889259265527288,-0.007783195922562142
2015-08-07,-0.010811203929661478,-0.010474033170680049,-0.0037734078906075867,-0.0035845445266610176,-0.0005044997907909982,0.008811414448813566,-0.0028790228563377145
2015-08-10,0.014388957477264371,0.01096616768838312,0.006281380731307754,-0.002157183163767445,-0.00010110464725944316,0.008734141825747046,0.012726835632025084
2015-08-11,-0.0071683533902831605,-0.008233951230137267,-0.035370969114871365,-0.004810053152225091,-0.004754628188271003,-0.015994093794980877,-0.00960306468018227
2015-08-12,0.049132475752099516,-0.014238854421592046,0.0012967452108325623,-0.005317610871414601,-0.0024365725049071097,-0.012401113124946881,0.0009496036382146948
2015-08-13,-0.01032715456208868,-0.002351007295930719,0.00613571698557011,-0.0038857065125488966,0.0041591932542654215,0.002899556065996845,-0.0012760258683812036
2015-08-14,0.0,-0.013882217960900564,0.013749370069780963,0.003643201495550697,0.004444043410224019,0.0031253097680313045,0.0039043322743591373
2015-08-17,-0.006944262142772204,-0.004784452321602457,0.0038036173950166843,0.0024212952828274814,0.006328901570392009,-0.0024994976259519776,0.005197891709402951
2015-08-18,0.020690236738518965,0.0015403810017257864,0.0031581150903277518,-0.0012101441404115058,-0.0009018654487245238,0.0,-0.0026289829356331003
2015-08-19,0.010187191812306571,-0.020736817820760766,-0.002526033270008055,-0.012670826405940605,-0.007848611184400516,-0.014414655371094626,-0.008289136409597112
2015-08-20,0.00673359819915519,-0.021086998476492293,-0.025293484342928992,-0.005655961674206923,-0.010255745399723957,-0.028488292129495312,-0.021325960454146156
2015-08-21,-0.02033961004511964,-0.028856264931771475,-0.04103805386583542,-0.02547545317212057,-0.01781420803816084,-0.028567794323277874,-0.03236924252187817
2015-08-24,-0.024264558081217528,-0.01386230789999598,-0.06273813415100335,-0.02952360407002151,-0.0470098466427455,-0.04756434968351049,-0.04021144434651928
2015-08-25,0.03448615173717132,-0.012077177379677253,-0.018882492882692795,-0.010213274882678976,-0.024137645852828824,-0.001322242415267317,-0.013614249742655897
2015-08-26,0.016807182531096785,0.018754936258136602,0.02961601227503563,0.019291403063348887,0.031299258254063156,0.038670897709441876,0.03829129943453164
2015-08-27,-0.020202939276817433,0.019588890741873012,0.016937385991792786,0.013846215410225229,0.011929758102129834,0.014574260487685908,0.02400725448969004
2015-08-28,-0.020619134174026086,-0.0039054793603318324,0.01458876340277145,0.004573195051894091,-0.0007481786763542039,0.009985969785608574,0.0006085511568762156
2015-08-31,0.03413290730891257,-0.008957992074861594,0.015058437338990621,-0.0033007408651405147,-0.0064357778770455735,-0.01998807340654667,-0.008427078663984055
2015-09-01,-0.016920790011461656,-0.02642242942791425,-0.0275496626975355,-0.01460238227871439,-0.0173672439037478,-0.03472326511124825,-0.030022649842427997
2015-09-02,0.03356009944871677,0.020436435650294373,0.019706605376238372,0.00386350793041828,0.011115772002751432,0.028282632706731037,0.01812767142321464
2015-09-03,0.003295058529248162,-0.0038870721377148023,-0.0034294589556409893,0.006661267029207257,0.005332849662840524,0.016777329086126853,0.0011641156994188924
2015-09-04,-0.013245201824572287,-0.01815334659161984,-0.00793257565384694,-0.016478198297120668,-0.013220912794717257,-0.026345199225132145,-0.015448308754276238
2015-09-07,0.013245201824572303,,,,,,
2015-09-08,0.02917530828505331,,,,,,
2015-09-09,-0.006410011675531775,0.0011110413999448816,-0.008739692209633337,-0.015544760755319187,-0.01681240649245855,-0.0051268089789227285,-0.013995035769084717
2015-09-10,0.006410011675531646,0.0006477232328432589,0.024975889475553167,0.0031282025618973638,0.002529003919293252,-0.022469210262561785,0.005264075444935658
2015-09-11,-0.0031998698153486898,-0.005378533532163531,0.00498752791346937,0.0010499918475369173,0.0061309216094986765,-0.007147748280795064,0.004477006444986281
2015-09-14,-0.009661874835918492,-0.010750240807433219,0.01872909164972983,-0.0007872320718774477,-0.004594663713996653,-0.0064253699945100076,-0.00409804122304381
2015-09-15,0.01286174465126729,0.015296126487048058,0.008750872351103152,0.010444070181924768,0.00938583403343514,0.030555509982197186,0.01274968763143236
2015-09-16,0.04069448957432678,0.06616264846725026,0.006753425294794215,0.016742193958749107,0.01091125937456401,0.016862638469504455,0.0086677407153759
2015-09-17,0.0030626617986765406,-0.00538562332553017,0.003519173462799138,0.005857669881336806,0.0032179637541821216,-0.006249010934912078,-0.002564344442560099
2015-09-18,0.012158113330826283,-0.004189656844824709,-0.02588286120786932,-0.010209693799881297,-0.0034330089863827185,-0.020162180834743276,-0.01629623095438354
2015-09-21,-0.04006679520517812,-0.03443549170702639,0.003599091299891151,0.005373327160963571,0.00706807758206743,0.005120601146026525,0.004555392033672697
2015-09-22,0.03096199240820976,-0.027441981595917826,-0.019456662550573576,-0.010259376831941005,-0.014402981080202647,-0.015611543372932019,-0.012394930019378313
2015-09-23,-0.04362050902772323,0.0032515325909105814,-0.010376659038308025,-0.0007736248367842582,0.00032492469823019326,-0.0005953799469376482,-0.002050744229593947
2015-09-24,0.006349036152799084,-0.00894348972149591,-0.00946584385369541,0.010011698426305981,0.000757168651604375,0.0003403713719917081,-0.00336865187130644
2015-09-25,0.025001612155083577,0.02449623787126876,-0.001019620257079476,0.011933837234980973,0.010756100321668785,0.00813349392441107,-0.00046590180122054944
2015-09-28,,-0.03522181005555871,-0.02932781032847117,-0.002274297799358894,-0.010756100321668927,-0.014321438580017462,-0.026001211162809106
2015-09-29,,-0.01775037732756018,0.020447775788589206,0.0032830179940962143,0.0061452701880443505,-0.008454350295405347,0.001232093912981713
2015-09-30,,0.02340961911341043,0.02940915641677212,0.011531812282306913,0.013451829140408487,0.026175162596054367,0.01889589860356512
2015-10-01,0.024097442671330516,0.0032867348114492645,0.02142106328579196,-0.008007934870458049,-0.00478325084679888,0.008997585324986589,0.001971938678337173
2015-10-02,-0.005969714874251786,0.031104027503604557,0.033977405358372174,0.014715464069500932,0.0032971922365850307,0.019994887693870856,0.014213793016405511
2015-10-05,-0.018127727797078642,0.006341023589219193,0.0009451801571033163,0.015233524663137625,0.017371868730741,0.013083811721731026,0.018124593518502156
2015-10-06,-0.03727147287492415,-0.010347566498167125,0.014379801417132798,-0.0012202418674105244,0.013065225976053394,-0.011511252679659936,-0.0035946893441432997
2015-10-07,0.015698972291671554,0.01233217885847813,0.02543401983182646,0.013579664125722537,0.014827102622162733,0.01469457885189642,0.008003519857552759
2015-10-08,0.009302639863412121,-0.002436186750309744,0.011432440365540293,0.011017919334432844,0.004557575754076437,0.006255381754502525,0.008779780144558488
2015-10-09,,0.010693250404970307,-0.01446254242497654,0.0009522315798922877,0.005039347519611511,-0.0071522571636587085,0.0007248485605153577
2015-10-12,,-0.0034918128956932717,0.0021222688188056514,-0.0004759705077557108,-0.0033233862152887562,0.004151461724067519,0.0012746644773328382
2015-10-13,0.024769163997721295,0.02077130866521543,0.0033256709037882575,-0.008368202969690486,-0.012382177730834087,-0.016709524279984553,-0.006848823690127077
2015-10-14,-0.0030626617986764704,0.013958083313557867,0.006018779417916195,0.0007200284768030808,-0.004400717296881056,-0.00846060350573427,-0.0047274309119391435
2015-10-15,-0.0030722104083373385,-0.001473906857412422,-0.00030002588002526716,0.005741767742419207,0.008070595508619537,0.019712867949743845,0.014743551351355088
2015-10-16,-0.009273600726915009,-0.0013891544137454306,-0.005115133699919314,0.002382377258223798,0.01434527247667631,0.012337700320496555,0.004560061373697022
2015-10-19,0.0,0.008908967462965534,0.0027113903800270274,-0.0007141365841045604,0.004802586367661507,-0.003312894815387666,0.0002705089438730595
2015-10-20,0.00927360072691503,-0.0008614898554831735,0.007194037180534253,0.0071192807979083604,0.000898096253397457,-0.010905112654492755,-0.0014221010558937615
2015-10-21,0.0030722104083372535,-0.016510665087990845,0.05632827431597692,-0.0023673393078012988,-0.00019928189204644495,0.012118381458641964,-0.005842448911134253
2015-10-22,-0.006153888387306263,0.027140792765415225,0.0,0.024582503522574645,0.027838118276666775,0.012292778857094079,0.016490847012594123
2015-10-23,-0.025001612155083654,0.012373091515233445,0.014852522794949358,-0.01046180944002163,-0.006325828339480157,0.0040642137098199985,0.010969953969042788
2015-10-26,0.0063094804667143956,-0.007015036901011755,-0.007819017432978845,-0.004684589041146671,0.0010736644185766395,-0.0032659201086733545,-0.0019149330011001104
2015-10-27,0.0,-0.00586975219931984,-0.01981927516787014,0.00046963027508975795,0.0038929766308229093,-0.003997455649918651,-0.00255738586508774
2015-10-28,-0.02225848117418305,0.012884789100331567,0.007123621423751469,0.0028120292874430366,-0.0019448022333789213,0.012182095714893837,0.011770488488143476
2015-10-29,-0.012945287207791735,-0.008373309361402823,-0.013434742915151359,0.001402929478613646,0.0005838691403494867,-0.025001375304758017,-0.00044987538066072313
2015-10-30,0.016155429067974836,0.013414234071449144,0.0045936895883599005,-0.010336029361716915,-0.005951267392095851,-0.0050433963866108305,-0.004821481688425431
2015-11-02,0.015898503555543887,0.0019253245241529608,0.01872934703201328,-0.0026003580453674846,-0.007761123213158029,0.005530263670484067,0.011803876338814608
2015-11-03,0.024923645425794456,-0.0062926667389825745,0.005886474744412471,-0.0018955008697856062,-0.0047449850786535465,0.0007296947413695251,0.0027243529250675206
2015-11-04,0.018292985537839843,0.0037804304272397553,-0.01011262006748609,-0.004517249685304939,-0.0029768638453226454,0.0013766544844806216,-0.003551666939647187
2015-11-05,0.0,0.011422103224453273,0.0005646052305420207,0.008541101229419002,-9.955530906587415e-05,0.010466345562538318,-0.0011327897564983025
2015-11-06,-0.006060441125743442,0.0008410029171895018,0.008709343279057978,-0.008779373657634898,-0.00888554460300937,-0.015659439520394208,-0.00034768178002366065
2015-11-09,0.0030348461166132684,-0.007255684175243068,-0.0022404431476294295,-0.010059638704764342,-0.008459216366733012,-0.00571096895645518,-0.009871290656502512
2015-11-10,-0.015267390528709797,0.002114609976136332,-0.001402830266287935,0.005521513566364461,-0.0005056646509758769,0.011146814847174804,0.0015094551534496445
2015-11-11,0.0030722104083372535,0.02733728760041547,-0.0019670030421538353,0.006442844425217163,0.006052994680678398,-0.0029170008457373537,-0.003233307321568946
2015-11-12,-0.015456528250718447,-0.0032939681573407255,-0.01302402004909283,-0.011002045206228541,-0.010718429856521819,-0.012247159832642004,-0.014089163336632673
2015-11-13,-0.025237961323608407,-0.009115175663921768,-0.02247933791270979,-0.004821823735064105,-0.0033606132793537894,-0.0037858237098113566,-0.011270640432155438
2015-11-16,0.009538989031936815,0.018638079239162265,0.02475670257136909,0.013919149654475433,0.01538557210965241,0.006329424979143882,0.014793302794234362
2015-11-17,-0.0063490361527991,0.020381020002364008,0.001136569153842819,-0.006935228413805831,-0.00735952365445509,0.00905416998043015,-0.0013402770182465746
2015-11-18,0.006349036152799084,0.009005865336765253,0.034885582338958276,0.014532751368720554,0.014465504457503883,0.01419027225476748,0.016033229877172244
2015-11-19,0.00944899834334526,-0.010127493792644628,-0.00881523686515826,0.019440839135061717,0.0065600596857178515,-0.008199357014093486,-0.0011237403289792015
2015-11-20,-0.009448998343345191,0.008618843417172832,0.005518937996414086,-0.015899216181170715,-0.00825720080406826,-0.00177744832901919,0.0038029552801494165
2015-11-23,-0.0063490361527991,0.005072567031739492,-0.007180322380153934,0.01241367936109978,0.007464838330307428,-0.004457005054462838,-0.0012356238416840882
2015-11-24,-0.012820224634519458,0.01131995189339767,0.0038722564261121934,0.009268005446172248,-0.0021841007274886457,0.007283207391820652,0.0012212499449607925
2015-11-25,-0.022840095058919742,0.009413749727734748,0.0033080659540415626,0.0,-0.001292308677643213,-0.0012908373203943172,-0.00012914061496715576
2015-11-26,0.0065790717028444395,,,,,,
2015-11-27,-0.00988479773209373,,,,,,
2015-11-30,-0.023451599797171558,-0.005279340305370294,-0.004685105090645579,-0.01235917744792662,-0.005773800353107633,0.00040202666011155476,-0.004651800139618441
2015-12-01,0.0366098098272765,0.0012445731289481153,0.0016562814249605096,0.006315579205205038,0.008945377356318052,0.011983712463251188,0.01062393894673922
2015-12-02,-0.006557425471607364,-0.006865402285505243,-0.014724669210529165,-0.0028020217368699887,-0.008777109590303821,-0.0014304890874992833,-0.011056592639448921
2015-12-03,0.00655742547160738,-0.006991545652383581,-0.0073033598076350376,-0.007274557785718225,-0.003928281782926607,-0.008145012681690865,-0.014477826444150087
2015-12-04,-0.009852484000855675,0.00800883174032684,0.021752117110269607,0.01935942823202269,0.01968597444597567,0.009416721304442752,0.02031785636385123
2015-12-07,-0.0066221140508714105,0.008022858537727294,-0.0033154928315228902,-0.0020815181801588883,-0.0038666418215619045,-0.005974936495149153,-0.007014043960397749
2015-12-08,-0.0033280292444526627,-0.001708417260995229,-0.01815471377751512,-0.004407695315248996,-0.004979205084213495,-0.021238767602685914,-0.006511052625594547
2015-12-09,0.009950143295324027,-0.014796476576178757,-0.0008457659544087797,-0.008170920721682465,-0.010436741320845606,0.011200515797189949,-0.007769086365692726
2015-12-10,0.0,-0.0036344769535118196,0.0050646436054249495,0.002340986882013287,-0.0023225019606942497,0.00795869120091413,0.0022488565785946774
2015-12-11,-0.02000059395695615,-0.029970688999961047,-0.030780476616106067,-0.011525281129122784,-0.011389425178744193,-0.00981682094585208,-0.01961386775581532
2015-12-14,0.013378479906084652,0.0016301290890817475,-0.004641735613266512,0.004249388986880782,0.0017372330854610498,-0.009505736322591933,0.0047442880640680245
2015-12-15,0.006622114050871526,-0.0026092823630150253,0.004352235686935571,0.01449984601424757,0.014594028714199002,-0.002697420776099671,0.010562580105914385
2015-12-16,0.009852484000855751,0.021245457692838247,0.02769940991953704,0.017720134876845275,0.016861140446408816,0.03609300479377755,0.014410635650771483
2015-12-17,0.016207871137914037,-0.002560891964675398,-0.029749667905358646,-0.008015908068650617,-0.008744281310595497,-0.014793954262792156,-0.015154776635876313
2015-12-18,-0.009693239320203348,-0.006350915244839111,-0.012983468295408244,-0.023026571330477807,-0.023221167964925175,-0.0032908004181310276,-0.017957495007106937
2015-12-21,-0.013072057289318118,-0.0015331832377595996,0.004741057473295418,0.006566453901954787,0.007327361728568368,0.0020880716572337778,0.0077483067271562
2015-12-22,0.00655742547160738,0.005557557035553377,0.01350583500974481,0.011851084083399887,0.011893927579988032,0.007433196425219052,0.008778095591568889
2015-12-23,-0.009852484000855675,0.010784944966847045,0.01418878817470022,0.008739462299195292,0.008381682684552104,0.012424451005919362,0.012341596527553888
2015-12-24,0.0,-0.0007950924110942587,-0.005189146140875477,-0.002981191771881856,-0.0009943673064399417,-0.010912658928945593,-0.0015999154038633197
2015-12-28,-0.003305726029249301,0.0007155513509176157,-0.002604394658196091,-0.0011492371821902304,0.0013919642048053666,-0.010390062644272155,-0.002180936456306017
2015-12-29,0.006734027129561419,0.012242061752256,-0.00028978863891060544,0.005045746155559641,0.007618637222120526,0.002327125843053845,0.010573664173022947
2015-12-30,0.0,-0.009940115232545704,-0.004939577075245334,-0.0032077100822510327,-0.00296146097424133,-0.012420252547705556,-0.007243398783778549
2015-12-31,,-0.008999410647383592,-0.009365266293986315,-0.014099380270422662,-0.01223485398339519,-0.0014621814921532388,-0.009456485041467845
2016-01-04,,-0.020447538960352785,-0.02079682511914669,-0.013120990322216943,-0.011575878255159811,-0.012924446754538473,-0.015422041797805928
2016-01-05,-0.0034780681398905787,0.0006527996938811215,-0.02677365134027974,0.0035315043662508864,0.006860702483839501,-0.0026381113766049866,0.0020102041393599396
2016-01-06,-0.0246926319983688,-0.019112454042874955,-0.03642482307208194,-0.005419867169126325,0.0003021543478243582,-0.023047216052485994,-0.01320216300262602
2016-01-07,-0.018018369505556235,-0.006341434529854711,-0.04179516025939988,-0.016679700646059652,-0.019386639212508085,-0.024023059602397964,-0.023985816519344776
2016-01-08,-0.007299703721400891,-0.019780789367790944,-0.015457356908132363,-0.002646516028876129,-0.003696779990434681,-0.021957854489066182,-0.010897537445847908
2016-01-11,0.02531807322695716,0.017266607247067623,0.024089533656203144,0.0016852769158849064,0.0023635954147257893,0.01535996974119652,0.0008529082958226729
2016-01-12,-0.0035776987088251134,-0.0014274450640121641,0.001651467633966627,0.012903108481202255,0.0018455168491422931,0.008844874207705078,0.00777251411777486
2016-01-13,0.007142722396742303,-0.024327135732737003,0.006250992947152144,-0.006430456822519193,-0.01153940950470341,-0.007278395242808469,-0.025282375077909022
2016-01-14,0.0035525174459273326,0.008487973549681517,-0.0062509929471521045,0.0007165406232992691,-0.007175987624762507,0.01124201407967873,0.016558060934383972
2016-01-15,-0.017889669715058967,-0.006165806426168578,-0.024387235087398162,-0.009114767677189042,-0.019817215566475924,-0.0322454604051823,-0.021835772698162375
2016-01-18,0.0036038051177606323,,,,,,
2016-01-19,0.007168323463453807,,,,,,
2016-01-20,-0.025318073226957036,-0.024705007818885127,0.0006799023244177204,-0.012965387986385328,-0.0211044005914077,-0.030991785293417017,-0.011762766025898373
2016-01-21,0.003656675185730698,0.006876186560026911,0.004409061701687723,0.00024183156745489316,0.007437282079728642,-0.0036837283606811627,0.005181988635948063
2016-01-22,0.014493074577772528,0.03575877179948249,-0.009178847813631853,0.016058137311570835,0.014502122437394882,0.042728378695441646,0.02008072688221347
2016-01-25,-0.010850046042102423,0.002476565262921162,-0.001709373609755225,0.002374404448221078,0.0009385467599857594,-0.02214931584056873,-0.015761545172821467
2016-01-26,-0.010969062050774156,0.010905702053261926,0.014266721089551643,-0.0018994392951201778,0.003952959933258559,0.008254140038837988,0.014045237830367907
2016-01-27,0.0073260335151039725,-0.005889010774150226,-0.014951126123301883,0.00023787242963202064,-0.003952959933258474,0.0084472495326101,-0.010922922300528425
2016-01-28,-0.014706051618403982,0.003275970472895934,-0.006525892563741916,0.011339583684131179,0.01561665380555231,0.006912936264852924,0.005513350717591524
2016-01-29,-0.014925802847505526,0.02853411310114425,0.021139400100743312,0.008188247256402801,0.01880622021565904,0.0331177835842845,0.024458650994556432
2016-02-01,-0.0037665216731448473,0.006889704181750026,0.01573281387724205,0.0018616795646804645,-0.0027227942919264263,0.0030778446473917987,-0.00044333484554180534
2016-02-02,-0.022901831807911357,-0.013667174433915954,-0.015395195290941443,-0.01310864549018111,-0.008314860563611819,-0.01169606515859927,-0.01892096871823143
2016-02-03,-0.0038683444066761525,-0.0002399809301008967,-0.024928824948838225,0.006576082620728429,0.005179734764830933,-0.03427836644108773,0.0049796200215740235
2016-02-04,0.02677017621458758,-0.020944519193955926,-0.009729063957060736,-0.004457516892552159,-0.013564312326789799,-0.00610601631917609,0.0015255682925234377
2016-02-05,0.007518742983902442,-0.033825446864487574,-0.003497518198080835,-0.0021185657281761463,-0.0007190334413623904,-0.03471978499625592,-0.018654158276351848
2016-02-08,,-0.0266408310442521,0.0048932406467921356,0.004936252184319254,0.0020531201269408813,-0.011479434284396923,-0.014255057923057347
2016-02-09,,0.007955123286516952,-0.028649290855533752,0.0151249380742354,0.007763010542866321,-0.021207713977254513,-0.0006638406467602255
2016-02-10,,0.0015489471270080856,-0.005757340596886888,-0.017472406287692772,-0.006738192351851051,-0.0006552331021840486,-0.00018896813076091644
2016-02-11,,-0.014464716525589795,-0.029667014895289365,-0.0032963059489950377,-0.007403139776816576,-0.01595519238790909,-0.012377447329256216
2016-02-12,0.04478373173822054,0.006955347138031168,0.029667014895289213,0.01637146575692979,0.016275634274358325,0.0017115951797327595,0.01933001520704595
2016-02-15,0.018083699332401358,,,,,,
2016-02-16,0.010695239842669632,,,,,,
2016-02-17,0.04167258514378201,0.0065775641894086955,0.0238561434423966,0.002993610728853355,0.00958854451548647,-0.0007394674969888693,0.016346110625641338
2016-02-18,0.0,-0.009409760418957766,-0.008233528617003293,0.002755758243341301,0.00070271885713483,-0.0063085800059588075,-0.004676632123934705
2016-02-19,0.01351370899442577,0.00042974269695611234,-0.008649173836068962,0.003662307171160921,-0.0004015084094086672,-0.020117137085260563,-2.60332818018429e-05
2016-02-22,-0.010118009272152126,0.006251716522974442,0.029106984109791446,0.003876193744915009,0.0029080616392175482,0.013019155494195975,0.014350731099076084
2016-02-23,0.01011800927215221,-0.00745507041377044,-0.00847336540946959,-0.005706188758693638,-0.0033098380857070012,-0.010079726303960349,-0.01253257757078849
2016-02-24,0.0,-0.005088020395610263,-0.018550686356455487,0.005023191927886698,0.001405938351747832,-0.009799900221543627,0.0044299600346319485
2016-02-25,-0.013513708994425857,-0.019555374018509944,0.02262675957228363,0.005677015156094851,0.009882465470298963,0.009326391922372917,0.011284366730450844
2016-02-26,0.0,-0.010279346993201266,0.004397292193641566,-0.02336815759185067,-0.02321358645205904,-0.0040813393513740685,-0.0018718653295646535
2016-02-29,0.003395699722273792,-0.006881922134806444,-0.006433008823639065,-0.00023232898678950687,-0.0055051716914698125,-0.009940974719102371,-0.008154131091571704
2016-03-01,,0.022963018739415534,0.01917635016814898,0.012900279494658502,0.01289942551911513,0.021947498262408393,0.023588385401618943
2016-03-02,,-0.004216151043615938,0.004653871204942981,0.0018299950137787057,-0.0005794151587920336,0.005435715007105162,0.0040859498611017005
2016-03-03,-0.016806992438523224,0.007453992773685581,0.03005799713104215,0.004330902551322458,0.008405284459796072,0.014659954626370748,0.003492634320316937
2016-03-04,0.0,0.015603803072642777,0.009609253011368307,0.0034066991353293523,0.008435682536460319,0.008985941150817873,0.0033004398659416986
2016-03-07,-0.00680296952081155,-0.003533021909541667,0.006988609950154399,-0.0022698024270007746,-0.007528079836908964,-0.01508349736796643,0.0008846228008639487
2016-03-08,0.010186951663402175,-0.007277189644117298,-0.02922962679128385,0.007019431135191808,0.0049246186842731784,-0.019557995033599593,-0.011303756056006186
2016-03-09,0.010084372321411164,0.007449899895039033,0.007889762099626945,0.010995101016932324,0.004601351346753387,0.00405516614860787,0.00503967278281425
2016-03-10,-0.010084372321411144,0.00790854004475897,0.009126348260751385,0.00932898129328082,0.005771756482437823,0.007781409679090841,0.00015579279712262694
2016-03-11,0.006734027129561419,0.008186177869674153,0.014175431350001532,0.007105251327035397,0.0052451711031347974,0.02015417109209961,0.016262545588851488
2016-03-14,-0.003361082621927235,-0.004937799828864215,-0.002562443034615444,0.0019891180245704704,-0.006535717595714959,-0.0028412712291577694,-0.0012617686166117468
2016-03-15,-0.010152626372498707,-0.0056486471572986426,-0.004178072705072123,-0.00110436943314172,0.00495560176810591,-0.01600627987430342,-0.0018386309343179589
2016-03-16,-0.003407269798537826,0.006160692134623744,0.020402518524213802,-0.004208958541185459,-0.0031691021818099825,0.0029800981749757765,0.005584727881779697
2016-03-17,0.0,0.009930865428722917,0.008483691963269807,0.015855916838735617,0.010261752926039253,0.003619949812926698,0.006573583068596323
2016-03-18,0.026937934637628246,0.026256988587215126,0.0,-0.0037212197384992054,-0.005709717580122016,-0.012399460086299906,0.004395967251026178
2016-03-21,0.02623091608900351,-0.006520599197604472,0.003747819428065592,0.0015341144848240375,0.0024651626229368925,0.005053021154774434,0.0009850919042923014
2016-03-22,0.028710187510492955,0.011771912044267271,-0.00562682493499905,-0.0037294986817168084,-0.007612622513246317,0.013534917786124841,-0.0008777728967722512
2016-03-23,-0.006309304443561455,-0.0002454032389793089,-0.01866821743037448,-0.0008798071706889864,0.0003968844154779696,-0.004614416087654579,-0.00640650953066712
2016-03-24,-0.015949324759048887,-0.004759041078346319,-0.011241659828189391,0.0026364071983088137,-0.0012898480600442588,-0.016603419513581266,-0.0003781417793768198
2016-03-25,-0.01620783434134153,,,,,,
2016-03-28,0.0065147486320630155,,,,,,
2016-03-29,0.006472724988458034,0.020222366621471585,0.005465418643988268,0.014737774609690956,0.003854458320016816,0.01557982397989779,0.00877801205423741
2016-03-30,0.003220360720820406,0.01087483062157702,-0.006432797985160855,0.0021493731171953185,0.012937466425622804,-0.00694616402698621,0.0043408799935662195
2016-03-31,-0.0194809016225533,-0.008626112751966885,0.014097987865396058,-0.004087174527895612,-0.002046901696304377,-0.011967263372194554,-0.0020418423596207116
2016-04-01,-0.019868183427147818,0.007910293863692255,-0.03102011101043936,0.009440482145458635,0.012605266957552205,-0.026495136158173543,0.006310959066599757
2016-04-04,-0.037483480325642984,0.0037333306817647367,-0.01888414167862559,0.0012798872027833966,0.00038568046394599686,-0.021082504783801765,-0.003213480045854618
2016-04-05,0.003466244382343427,-0.016790924923118192,-0.0100841054852462,-0.0077071903482903706,-0.0069590715342270765,-0.026385632726191068,-0.01019629841179453
2016-04-06,-0.00346624438234342,-0.005092805293226699,0.011420955057828254,0.0038610202536509966,0.007922013189450863,0.00776804214567616,0.01045279793201316
2016-04-07,0.017212156340829603,-0.019476821480161756,-0.01752065702183842,-0.007521576265754182,-0.0030842958722048265,-0.012539399325351606,-0.012048073970004866
2016-04-08,-0.003419071594663718,0.005028348420302578,-0.0017010078772191342,0.010940923507879887,0.014184626384778746,0.024029968655895205,0.002782702604616504
2016-04-11,0.0,-0.008919793896361654,0.005432911793777631,-0.009216425466836644,-0.007450415108689296,-0.022403096350668943,-0.0027435458896039448
2016-04-12,0.016978967765700216,0.004882643934840178,0.006077049783837984,0.0045118026572931865,0.0058313861541030255,0.031501057637766776,0.009615753881389974
2016-04-13,,0.008876540125377736,0.03538152470883775,-0.013162350327953523,-0.007558702275349806,0.02604121882951814,0.009990069768557895
2016-04-14,,0.02831622446487532,-0.0019513402231315933,-0.004571487407215778,-0.00926325422608903,0.006691582128918482,0.00017291243013242585
2016-04-15,-0.0032948567117095685,0.004365268991485941,-0.005221906624750878,0.005873551735006399,0.0058961487278460616,-0.012269932191119031,-0.000984769576145959
2016-04-18,0.016367001099687587,0.012982624997285183,0.024245803837296704,0.002600082403269947,-0.00048200004401449794,-0.003091341684406205,0.006519725613797989
2016-04-19,-0.006514748632062959,0.029653044399900845,0.02086021956624638,0.008187820594839055,0.005767914380158754,0.01288103439938496,0.0030797379028665328
2016-04-20,-0.009852252467624664,-0.004716300108200902,0.006857741529193962,-0.049037089559784725,-0.018185506662510596,0.0014317875999716042,0.0007612550492345003
2016-04-21,0.016367001099687587,-0.019946130352347352,0.014495420321275985,-0.016131216587406027,-0.014255966965223134,0.005611184811048706,-0.005207562857292034
2016-04-22,-0.0196728235656393,-0.0022582391684945156,-0.014806204270424407,0.019955634368597472,0.009754941426385376,0.01888335232781402,4.785857954074228e-05
2016-04-25,-0.009983175774783179,0.00598486749317397,-0.007172901300209614,0.003809610960552497,0.00800908364176203,-0.0010242346747044021,-0.0018136896207629953
2016-04-26,0.02640393025872649,-0.0041156416925078095,0.007483685249358192,-0.004034200209651132,-0.0019476187698792703,-0.0001861045534534222,0.0018710001742369307
2016-04-27,-0.0297542754505763,-0.0009340284899828985,-0.0009322753278917731,0.0033627261736579165,0.0002925492458621356,-0.008891629485076411,0.0016479941117468401
2016-04-28,-0.006734027129561498,-0.007696554505464738,0.008668759272815902,-0.0011195738317382837,0.0033070968941999053,-0.03258269754359012,-0.00927363606156167
2016-04-29,-0.03087717614412232,-0.00786070328160235,-0.019926017780511337,0.0038015895410832023,-9.684334264666944e-05,-0.012313344220464184,-0.005075949230557177
2016-05-02,-0.006993029770718779,0.013279080052711495,-0.0015734512314965691,0.004010171681255546,0.004554179574516763,0.007542800051949631,0.007779606697244105
2016-05-03,0.0,-0.0069376686602313385,-0.015873403791263552,-0.003117409052300332,0.0012561869821196578,-0.010004194966565566,-0.008714499388395887
2016-05-04,-0.02486792569110372,-0.015482794423909572,-0.02134608330401811,0.003117409052300363,0.0044320993841068185,-0.008215173531791,-0.00595458270547255
2016-05-05,,0.01740146182269689,-0.001635740354315767,0.0017770062521816853,0.0018248688835094666,0.0064392567665640535,-0.00023903669279415213
2016-05-06,,-0.0015985344257656612,0.013658591593051649,0.005753179597206828,0.00717155823592871,0.006790332243664513,0.0031696105535526063
2016-05-09,,0.017838562387741723,-0.005830897161224817,-0.001766452778244851,0.0030441909665253684,0.006355088625995008,0.0007532133076099479
2016-05-10,0.029093098262050258,0.006578989571119198,0.0183490913329945,0.01120968877142627,0.012178205325390426,0.021309095706308737,0.012406365236037333
2016-05-11,-0.0035906247546286783,-0.009884823741347061,-0.008649859065506912,-0.00635914157995701,-0.008007878649932878,-0.06279737840493294,-0.009607522877868724
2016-05-12,-0.018149749763503288,-0.00268404929581583,0.0032124098768230346,0.008106612467705348,0.0035880823903113117,0.029428357727839027,-0.00016947926796424465
2016-05-13,-0.011049376432673218,-0.012809087215592024,-0.02139467608594174,-0.010529294619898839,-0.018261764973304815,-0.015807581435242316,-0.008514434161752484
2016-05-16,0.0036966526887549133,0.0047928441190261,0.004902727168264431,0.0059364652419403585,-0.00048000128975980814,0.010268543502057538,0.009748976389612767
2016-05-17,-0.007407435470823989,-0.01776798420276381,-0.001305009537928822,-0.019254572355131686,-0.017046846343419818,-0.002084879771480887,-0.009455863552162807
2016-05-18,-0.011215020065436534,-0.0083082088426404,0.0039101604889151985,-0.006051870458201484,-0.014364286478849733,0.009102559266050907,0.00020515768640127935
2016-05-19,0.011215020065436506,0.0007357124287969701,-0.014082593242536889,-0.003603882389762221,0.004153221330965196,-0.019091610057149887,-0.0037135945227206248
2016-05-20,-0.018762303750684568,-0.002946560939472878,0.008211758210093253,-0.008383069823757106,-0.012212777220692594,0.00998905079109889,0.006001459222804671
2016-05-23,0.0075472836852481205,-0.003860382780768262,0.0006540367773129833,0.0004546932461499269,0.003191440679786789,-0.01059170292197811,-0.0020876365681016884
2016-05-24,0.0037522213107574623,0.02703421417450895,0.014925523516749632,0.009055896331991425,0.006650120131976297,0.010889655959530217,0.013588637533990108
2016-05-25,0.011173581536748025,0.009724399037709084,0.019139390934488108,0.0002257562665882316,0.0,0.019483026305250676,0.006950529651583447
2016-05-26,0.0,0.008687401312307733,-0.01143947046303664,0.006960633808887639,0.007980526235177868,-0.003416441903962367,-0.0002104660499285901
2016-05-27,0.007380018103299934,-0.006943902376536682,0.0031905083032457665,0.0020117949449587336,0.0005888235500780884,-0.016563482213012563,0.004277694939439437
2016-05-30,0.0036693583293733994,,,,,,
2016-05-31,0.02174037451813199,,,,,,
2016-06-01,-0.01081110793700701,0.022018516957686272,-0.03447503657377136,0.0022397547018498908,0.011416744152605648,-0.0007738852746886152,0.001134398653926189
2016-06-02,0.0,-0.00598551702282042,0.0013227810004913395,0.00044765678188876223,0.004224615296937701,0.004730934467833088,0.002820696166986195
2016-06-03,0.0036166780646178275,-0.0019511228558228518,-0.022052286351630784,0.007129639778240647,0.0051825309303616925,-0.003086977648725091,-0.002916062236694851
2016-06-06,,0.01680978922539552,0.013089684557930305,0.007300463227694685,0.0016569059930078255,0.019518129287079633,0.004885328519363624
2016-06-07,,0.001765335155404096,0.007970758083301603,-0.001102770788124492,-0.002047189571672095,-0.0004737294782773632,0.001288615629197613
2016-06-08,0.0,0.009615379094687727,-0.009424605190150395,0.005062196146210239,0.006709815976849902,0.001515516488379267,0.0033041019719547236
2016-06-09,-0.0035906247546286783,-0.013379936378859425,-0.007126868891553718,0.004599525311685982,0.004641492351940399,-0.010944593659150622,-0.0017192355978938075
2016-06-10,0.0,-0.034692715338281964,-0.01027065782033365,0.005013988610991034,-0.003382100575608325,-0.012518193067382655,-0.009217532410166119
2016-06-13,-0.025502473507421543,-0.01242857697164257,0.000687927382385339,-0.01145900835003788,-0.002423113452192678,-0.014739743222434048,-0.008148298789709478
2016-06-14,0.02189866838966106,-0.01348410302409254,-0.00863430409912827,-0.0017747449377522634,0.0016484937585049143,-0.006016787653862465,-0.0018005050719719037
2016-06-15,-0.021898668389660973,0.016143116113479527,0.0010402226932057755,-0.000666487851020324,-0.0035906710503213622,0.01375535411862506,-0.0018424090638101951
2016-06-16,-0.007407435470823989,0.010167815143108936,0.005528717507369991,0.006643700239638944,0.009578892184073314,-0.0047929435843752045,0.0031280931110455722
2016-06-17,0.0,-0.010489629875183046,0.007210307249309859,-0.011543532399752672,-0.00424611922167651,0.012181625275655012,-0.003263284144608922
2016-06-20,0.014760159214742274,0.017712025189003333,0.014266733994658807,0.004232899806765847,-0.0003870629452070144,0.024494204213393878,0.0057913827784231015
2016-06-21,0.010929266581125087,0.0165488420604585,-0.004733182467127956,0.003329757911643042,0.006845402174679597,0.012399102837979526,0.002708390604209703
2016-06-22,0.014388806645832104,-0.000855940840749235,-0.00645927532909089,-0.006000892256590047,-0.0032725150483286134,-0.005804601153076432,-0.00165292899657585
2016-06-23,0.0071175411338445715,0.008758760294968405,0.016909669695136458,0.004892553364399124,0.006725006981180155,0.031880768548208815,0.013275567071955107
2016-06-24,-0.01069523984266967,-0.056432299851966156,-0.05055250346479699,-0.025841735421455445,-0.023836007888227404,-0.05601937473180904,-0.03658079280558263
2016-06-27,0.014235181570671855,-0.008692983011340489,-0.030077352468243272,-0.00342015241798127,0.001469883488310696,-0.03623969012167606,-0.018262246511702756
2016-06-28,-0.01782580632530053,0.01601476904880929,0.008325911067336845,0.009095370648094828,9.792912717948567e-05,-0.0040975488104347145,0.01761412160408792
2016-06-29,0.007220203576481257,0.023472155089980656,0.015381955611092703,0.005867517444499366,0.00954910325104746,0.01658664869150723,0.016889242971253916
2016-06-30,-0.02550242023824716,0.04171458398929485,0.004604309287129274,0.01982902912135526,0.026979396346460502,-0.015185637808271972,0.013473863149466128
2016-07-01,0.011009421647577617,-0.00212863707804855,0.020633448293928804,-0.0046432832518443715,-0.002930463705484163,-0.003506559021548631,0.0019467062930320223
2016-07-04,0.0,,,,,,
2016-07-05,-0.014706138419668047,,,,,,
2016-07-06,-0.03774051704344184,-0.0038964777924671424,0.008131469988551078,-0.0035283593098376863,-0.004709683257728665,0.006031217678014217,0.0053386870582759595
2016-07-07,0.007662827284428461,-0.006894935165245413,0.011900878446194658,-0.003984284023987099,0.01471371198332358,0.008085200431863672,-0.0008719578867330009
2016-07-08,-0.0038242009218977676,0.00439313668326475,0.031509332601975464,0.006411050035050163,0.007230270410223753,0.014606141124456481,0.0151381865659924
2016-07-11,0.0038242009218977246,-0.00250800010397537,0.015722234168682597,0.004177980355994626,0.005893665481049794,0.03456747183114283,0.0034028193119982385
2016-07-12,0.007604722189334839,0.0045410014753889,0.015478638702110515,0.00021998005771608963,-0.001102461791786514,0.008294210099419424,0.006984842307345719
2016-07-13,0.026169684341768987,-0.002267886698590351,0.0009797782520095508,0.003503944657426934,0.010242649860504929,0.012313508475722993,0.00013475867498170382
2016-07-14,-0.029964774425503948,-0.010705464290900692,0.004235303427857195,-0.0010938939231544282,0.00045480944135338963,0.0011118864117913723,0.005245422801696999
2016-07-15,0.01134225036008075,-0.007387160633599052,0.0003249751607181494,-0.00131374856571654,-0.0027318690996322773,0.00774914059740024,-0.0009293790598711438
2016-07-18,-0.007547160276345706,0.00397840091775601,0.0032447101868875736,0.0,-0.004112087905459202,0.0017444266062312118,0.0023794618218687365
2016-07-19,-0.015267549473763378,-0.010697833477393547,0.012234542517342692,0.0,0.0029255706374466946,-0.004136492925181476,-0.0014362045004153862
2016-07-20,-0.0038534182135039783,0.012998067103684851,0.007650728057714515,-0.002633608035060692,-0.005584489672414761,0.0067933085329263095,0.004261208315763991
2016-07-21,0.0038534182135039393,-0.013720622102645389,0.017002880446066185,-0.0013192941828735862,-0.003126579709664926,-0.004033746282649365,-0.003619069856524976
2016-07-22,-0.0077220856647370216,0.012928033089092844,0.004050411736510304,0.008326131491283634,0.005602408047521821,0.007504369544777483,0.004543626789510244
2016-07-25,0.04915931948026929,-0.0012694209527200398,-0.003114428406069243,-0.005689511499621263,-0.001558346379732817,0.0,-0.0030160187399297005
2016-07-26,0.003683182697890948,0.00506804377725681,0.0028032841523001066,-0.015256969407976962,-0.0075502354079356555,-0.0007296289434981898,0.0003227321607194127
2016-07-27,0.00732623894968647,-0.03750334227741826,-0.004051456708571719,-0.033532855319801116,-0.006676261225718166,0.008811469069591422,-0.001199260946808637
2016-07-28,-0.007326238949686549,0.032117654340575494,-0.03269608072453835,0.0057434820460639325,0.006028779031974859,0.0017171067736739896,0.001604920448092453
2016-07-29,-0.029852867039659975,0.02757065428960776,0.017591817993254478,-0.00045772575505290423,0.007280235643554754,0.007555197445567734,0.0016299801176578648
2016-08-01,0.026169684341768987,-0.03306528871045618,-0.0076384052038427205,-0.004134478182802134,9.163224975077646e-05,-0.003320929361056404,-0.0012705941474910585
2016-08-02,-0.011131649405365221,-0.004802893527314706,-0.044756778016675804,0.0018395093142796694,-0.0019297996821024035,-0.011392607668501045,-0.006381940812667669
2016-08-03,-0.01503803493640369,-0.007894264404175752,0.010304113712097059,0.002523827896716678,-0.006273846207779738,0.0009089306646593845,0.0031290427160710972
2016-08-04,-0.01142892311123271,0.0022619777441045346,0.003301714871677855,-0.002983237450876677,0.0035106788250025677,0.020146469086969352,0.00021254929948908707
2016-08-05,0.018976083387578453,-0.0006458755793773517,0.015047691055105639,-0.0006898117956602985,0.0022113178707631183,0.03198244072147966,0.00856669728938006
2016-08-08,0.0,-0.007455927900036065,0.002593781874807557,-0.0009206307063640088,-0.004797142146659808,0.012426802425714374,-0.0009075772915415996
2016-08-09,0.025975211341362908,0.0014631000243222401,0.006134113465727077,0.0006903263070356232,0.0012937479486138464,8.497627416567865e-05,0.00038971798655598234
2016-08-10,-0.018484336681304864,0.0043767257109866425,0.005776611694437283,0.003215597362842266,0.004974412929052836,-0.004010687356215925,-0.0028687970634882847
2016-08-11,0.0037242527324124956,0.00765349818357424,0.015873204903509925,0.003205110653039141,-0.0031290726709666326,0.0069869812106893945,0.004723415102443644
2016-08-12,0.011090579370843793,0.012680141613363016,-0.005685309441816401,0.006379388125147771,0.0010134103550995324,0.00016984236811594207,-0.0007963633869140575
2016-08-15,,-0.004288218138115358,0.009144099970082678,0.004758434416459604,0.001196493096874384,-0.001784409738353742,0.002789016294521772
2016-08-16,,0.002781558146915132,-0.0047190842137227965,-0.009310735914187832,-0.006644318584653111,-0.00255472879437002,-0.0054941422164782264
2016-08-17,0.014925807293332724,0.004276552982687193,0.004405228947809692,0.005233975737898873,0.0043422096394932766,0.01623847292648966,0.0018668460061555662
2016-08-18,-0.01869230923089445,0.0021312907833831198,-0.009464043966913879,0.0009072651836702617,-0.0017531347649004149,-0.0021835364195543824,0.002197201696382422
2016-08-19,0.0,-0.003396495665032056,0.008835599075383685,-0.004090146303174163,-0.0010165067073052902,0.005700967588316149,-0.0014413095687681864
2016-08-22,-0.0037806583387839585,-0.007386209284495491,0.001255983925952968,-0.0041067045716959485,-0.0019429838231797612,0.007993440552131848,-0.0005634818833231075
2016-08-23,0.003780658338783934,0.007939703267979943,0.0009409720339106503,0.0025121444838576354,-0.000741631520393012,-0.006489913052722824,0.001949867178361733
2016-08-24,0.0223890260029851,-0.004597300658196132,-0.0037686997889394684,0.0,0.002129571595779995,0.009140121860563507,-0.005254055259671874
2016-08-25,0.007352687275939579,-0.0005562671944211935,-0.007580794898590818,-0.004113631892997349,-0.0021295715957799946,-0.00505826671791273,-0.001366160396645455
2016-08-26,-0.007352687275939585,-0.0004769622232248554,-0.00031711394549032394,-0.008046983171033932,-0.0039936002251015025,-0.013980290497669986,-0.001580064238713279
2016-08-29,-0.011131649405365221,0.004760374039344452,0.008841105234031366,0.005065497509074524,0.005012935120017122,0.014395827781689257,0.005214428428674345
2016-08-30,-0.01125737659761976,-0.00770729769071148,-0.004410635037452786,-0.006914053398787397,-0.0072489872370161525,0.007451023065713136,-0.001955591407122778
2016-08-31,0.0037665019375616457,-0.010745801053447981,0.007862840066142822,0.004384481865260675,0.002748229895197842,-0.005043883053620162,-0.0023786911055626065
2016-09-01,-0.01134225036008067,0.006269003941988455,-0.0037665537783836732,-0.0018436277936013602,0.005046239789277808,0.003227528679338538,-4.138538941144249e-05
2016-09-02,0.026268057653413373,0.01550299049641575,0.011257221154777406,0.007125502834835549,0.005391185287581735,0.008720971427266841,0.004192241599034617
2016-09-05,0.02919913701033778,,,,,,
2016-09-06,0.003590527245705189,,,,,,
2016-09-07,-0.003590527245705118,-0.004465261135657832,0.004714805661386178,-0.003431165286619111,-0.006600393021307152,0.0005800026691864957,-0.00014639593829345095
2016-09-08,0.0,-0.006379654221951731,-0.005660425697371051,-0.00022885902819421347,-0.00308285692471156,0.0022338798458744953,-0.0022254881924702883
2016-09-09,0.003590527245705189,-0.02666395375669707,-0.03956138150177131,-0.031667643213479986,-0.026835206399672167,-0.01961107377160287,-0.024827742410836417
2016-09-12,-0.007194392126367797,0.012659950479366482,0.022706101595502664,0.021531555565062806,0.018756200334883483,0.01414200540961099,0.014570387233434434
2016-09-13,0.0,-0.018193481948508068,-0.00772703979627357,-0.013158361559261563,-0.013579752035741358,-0.012878639509670766,-0.014941748278210834
2016-09-14,,0.001875218469006183,-0.007461559510190392,-0.004028930483973403,0.004388588754223708,-0.011512947465262302,-0.0005878493998128358
2016-09-15,,0.01439328690806878,0.013262522062857229,0.0059195845651195235,0.004084910486394279,0.006111621599778192,0.01005851644943989
2016-09-16,,-0.00378035725864183,-0.004831671800009786,-0.005207307397095536,-0.0018977680430209392,-0.030414782293588422,-0.0037794277955721
2016-09-19,,0.009703703293220328,0.023928383327899417,-0.0009500627565832485,0.003697170254798069,0.00383117815449804,-1.8603233824686035e-05
2016-09-20,0.01088913371000708,0.004618239329128118,-0.0022092812770051515,0.005684857384970387,0.005944597558445919,0.012007233832932541,0.0002990934842341777
2016-09-21,-0.003616579131574733,0.011217407484706343,0.01442945161015852,0.004477528229304027,0.0077772995564052115,0.025350168644341784,0.010858000333635954
2016-09-22,0.0,0.021449263649320552,0.008682069945849602,0.0100599680237307,0.006420228736493713,0.011238186680858228,0.006478751917642122
2016-09-23,0.02857336115599097,0.000768802489561179,-0.008370858207576121,-0.005134270643749383,-0.004461702021826793,-0.026337223387747546,-0.005753292959718776
2016-09-26,-0.010619466270773904,0.01555128555370889,-0.010012554712771921,-0.01627594266439433,-0.002892346453158107,-0.0047707146641761565,-0.008624850117916047
2016-09-27,0.007092185751063848,-0.002423264143496159,-0.006309222745284314,0.012760239353413314,0.0042888526075701905,0.010364637116688028,0.006423495165298114
2016-09-28,-0.021429501504705996,0.011759252701497414,0.00944904136555177,-0.010384633722234648,-0.0010238556728537265,0.009240777495366427,0.005282576603642458
2016-09-29,0.007194392126367867,-0.017233926363305986,-0.01325363937121938,-0.0028516645945284766,0.0035326433697050945,-0.014040053161296898,-0.009365127730081198
2016-09-30,-0.029092947483952237,0.00190423740127932,0.00916998573370601,0.006876039875882763,0.009328748892827383,0.0006032730430674903,0.0079363925880277
2016-10-03,,-0.019207688878660263,0.008462687745349065,-0.006876039875882814,-0.004791781470356685,-0.006916907541779885,-0.003266023181527122
2016-10-04,,-0.0014751352857941644,0.0040491673771219545,-0.004530729589713641,-0.010680696704841371,0.0006073441553967573,-0.004967881786362002
2016-10-05,0.007168287715200669,0.004186662525098627,0.015728822014449098,-0.0007171996432495323,-0.01022980120805086,0.014974395725125026,0.004287486231196994
2016-10-06,-0.007168287715200609,-0.015593716493358995,-0.0046004984638032004,-0.002394449580670133,0.003672346360881175,-0.00539601966074409,0.0004814438526045025
2016-10-07,-0.018149732962307596,-7.866361426629294e-05,-0.005857680677441571,0.0004792740259121578,-0.0038606207151394563,-0.004734524253264628,-0.0032587874416142044
2016-10-10,-0.022223091264488508,0.0018842488725057678,-0.00589255302977294,0.0,0.0021678643263462853,0.004562795666843142,0.004595330317324387
2016-10-11,0.007463007315596147,0.005319613864094936,-0.008119865987954134,-0.0045634998283411035,-0.006138406596529383,-0.009493376376925199,-0.012524577697755964
2016-10-12,0.014760083948892304,-0.006261331055882625,-0.00660701336908934,0.00576083650948989,0.004819409573764941,-0.001475291529002588,0.0011459322063988205
2016-10-13,-0.018484336681304864,-0.000706778882604424,-0.005380671674254697,-0.00047907401607331695,-0.0015096286931452576,-0.004002838046148931,-0.0031040764122339942
2016-10-14,-0.007490874660058047,0.010706089657931286,0.011360168423481023,-0.002157086440582303,0.008554763664726765,0.0034815379303520504,0.0002015841591211507
2016-10-17,0.0,-0.0034258382378583065,-0.009774541772332255,-0.0016815401724905221,0.00018737808616032327,0.002949944920380685,-0.0030426181118402627
2016-10-18,0.011215127392470582,-0.001951957074614348,-0.005082690226663926,0.008854921919415462,0.000935002786493547,-0.0032973773774678883,0.00614150560569863
2016-10-19,-0.011215127392470449,0.005844260822239342,0.014229610173116174,0.0019046057796527926,-0.0064724292634783225,-0.0013919475405463327,0.0021895721553504997
2016-10-20,-0.007547160276345706,-0.009916290863840306,-0.0031447557191444007,-0.0028578985986385955,-0.0036768990155724712,0.010821297263285654,-0.0013766711313809553
2016-10-21,0.011299280353220054,-0.005271199594585281,0.00909250293228798,0.0047585133950225015,-0.0023640719448744943,-0.007519166816134167,-8.414514015477906e-05
2016-10-24,0.007463007315596147,-0.013420860348338542,0.028916114754136087,0.010154631624180356,0.015873973275909628,0.0015602283653023677,0.004738594647427366
2016-10-25,0.025689372898962552,-0.01044783573474936,-0.04274419022752348,-0.00046998628187392696,-0.0007457324325797882,-0.0017336163168336586,-0.0038049574647063588
2016-10-26,-0.003629625829179032,-0.018097711927524154,-0.0006330589003499098,-0.0023537406364264333,-0.001493329552543225,0.0021667812950215385,-0.001741927921187231
2016-10-27,0.0036296258291790007,-0.0008231386953731647,-0.007947897982788202,-0.007568824328938399,-0.004117948389590443,-0.0056438136237968615,-0.0029911959060088668
2016-10-28,0.017953894885217057,-0.0387795105483116,-0.0003191337443769185,0.0026087734560451604,0.004117948389590462,-0.0003483270092793753,-0.00311314013962507
2016-10-31,-0.0035651631577789536,-0.01162152280095002,0.008900090627515093,0.004017381461078909,0.0012133909354529,0.007376490991986547,-0.0001222838841985538
2016-11-01,0.010657348908842868,-0.0043386578613841716,-0.0038045980056676675,-0.006626154917124071,-0.004581217275611887,-0.008073256525239395,-0.006810019108735079
2016-11-02,-0.014235109378338209,-0.0034847419870604945,-0.0009535069288159128,-0.0016626951733254055,0.0,-0.011836796052020431,-0.006546884453454001
2016-11-03,-0.021740260208012705,-0.019296450299505757,-0.012156274662618064,-0.00047605896334982435,-0.0007501220494313695,-0.001853842535304171,-0.004433213022609399
2016-11-04,-0.0036695045780485804,-0.0027619349297604576,0.0028924778580741843,-0.008122069785109473,-0.00771984522252549,-0.023332696900870246,-0.0016675202716929607
2016-11-07,0.00732623894968647,0.0084396575146139,0.027225471123072078,0.018300986784898325,0.01081001672646478,0.01721706605363379,0.0219801997294649
2016-11-08,0.01088913371000708,0.02239423542065062,-0.009097991514080523,0.00984325299555634,0.01632072329215751,0.011754852215365274,0.0037648783971575305
2016-11-09,-0.03303020476294981,-0.02869482592957995,-0.02456640978797183,-0.01432799554197456,-0.013613228570555162,-0.017729273830734537,0.011016119879656035
2016-11-10,-0.03802767007490403,-0.03469097856154436,0.05559572844098711,-0.03196994972735389,-0.038009489144208194,-0.00853275181757023,0.001948845716095396
2016-11-11,0.019194545054765328,-0.00647248998437295,0.03865658067625742,0.002195633917441991,-0.0005809420936126173,0.009784085360915079,-0.0013989283477976058
2016-11-14,0.003795090083734898,-0.03914334582494306,-0.021992118643657556,0.003406543916811215,-0.017597743547127613,-0.001519649409086744,-0.00011550945718323702
2016-11-15,-0.01142892311123271,0.011698403542092863,0.004497398466443477,0.006536710238030746,0.004526786497691482,0.0063317420186833,0.007452955022089459
2016-11-16,0.0038242009218977246,-0.00885878150584881,-0.006001083482738068,-0.004353139799206823,-0.0013754251708815455,0.0007108927911902667,-0.0015835165223759536
2016-11-17,0.007604722189334839,0.007112628152495831,0.005701862435654331,-0.0033987847511429132,-0.0008851507571796044,0.00593420519953114,0.004665469361197901
2016-11-18,-0.019120967687267346,-0.01093331524599704,-0.012647151998788984,-0.0051199352823431766,-0.0030553997759294425,0.007039604776385317,-0.00238965136554844
2016-11-21,0.030420248040487412,0.014132093553671616,0.0003028894611457971,0.010939567944304162,0.00933371735517215,0.0041130426418992975,0.007433702070873876
2016-11-22,0.0,-0.006505261473319037,0.0239462079019981,0.00024172505932387164,0.006141814497694909,-0.006395412917449635,0.002163091103593048
2016-11-23,0.0037387545831836034,-0.002535789852908316,0.0014778404988952333,-0.006061357721284778,-0.013306067020154253,0.00639541291744952,0.000807698156908801
2016-11-24,0.0074349326332747686,,,,,,
2016-11-25,0.007379899469981486,,,,,,
2016-11-28,-0.007379899469981527,0.009393441499453958,-0.005856850385845023,0.00528346747548445,0.006049884178615371,-0.001274248225080466,-0.0052683892547352165
2016-11-29,-0.003710679900862283,-9.552850980468536e-05,0.015156362649069492,-0.00605696876923586,-0.0024349954271359908,0.005509617900163771,0.001334402353261901
2016-11-30,-0.011215127392470449,-0.014802316988501872,-0.0011579786677542515,-0.019632415694500912,-0.01671283028298121,0.0019423865593815274,-0.0026569305551563936
2016-12-01,-0.007547160276345706,-0.033077070587280634,0.053564359018727414,-0.0044716271924984,-0.010746598393021034,-0.006432590894834469,-0.003521722966763813
2016-12-02,0.011299280353220054,0.01470478875373741,-0.02839846838736045,0.004719561447738756,0.01572898028906128,-0.008013648301533276,0.0003969277200846238
2016-12-05,0.0037387545831836034,0.01827549686425333,-0.002572610516012657,0.0064211261735039795,0.0010928989737922481,0.006228889252077669,0.005804426926743671
2016-12-06,0.018484336681304926,0.007621611292979744,0.003713893626178337,-0.0012318980990210073,0.008306508511485266,0.0027182889549795856,0.0034050844688746093
2016-12-07,0.0,0.002783120368947543,0.034471573324630626,0.017591806997937526,0.012331204464941969,0.02991779985120415,0.013077358744723351
2016-12-08,0.03950265010606113,-0.016329701026272368,0.0033003080419812007,-0.007536370945329371,-0.006440133460535091,0.011053701565772792,0.0021570150168711013
2016-12-09,0.0139861597599954,0.00863300650282467,0.03348056251740074,0.024585608066729804,0.013805375978496286,0.0013831800305961952,0.005921418532969715
2016-12-12,0.00346622604845843,0.0014476663796767807,-0.014981437810998104,-0.0023839693942973405,0.011042520440582886,-0.009148842054361832,-0.001138082290599516
2016-12-13,0.003454252815425201,0.013030602788028669,0.006983650444058357,-0.003346961138942561,0.008652141093427077,0.009880469358329081,0.00651848320123699
2016-12-14,-0.01039860729112884,-0.020581564582087774,-0.03847163482393107,-0.013258058625753667,-0.011042814759952295,-0.016466916362897478,-0.008150295461858616
2016-12-15,-0.010508031332750307,-0.013205057805063342,0.00803424131389862,0.008216766943267659,0.007913747718072735,0.007570659303855274,0.0038757076875535726
2016-12-16,-0.01776238989804837,0.014079279208692638,0.0035806570686578018,0.004562423943204913,0.005398644701333661,-0.008066503881035057,-0.0017521567509802415
2016-12-19,0.01776238989804841,-0.0026248711720006303,0.0008247907891676113,-0.001678556913420385,-0.004354501435392916,0.006918122323032715,0.0019731727152112587
2016-12-20,0.010508031332750203,0.0024306954382604,0.005752577320935652,-0.00023989137417757388,-0.004850137471105028,-0.001396210236134732,0.0036309124011527547
2016-12-21,0.0,0.006099070516302839,-0.005203406819189543,-0.002162918653733956,-0.001908245819895491,-0.004613290804000636,-0.0024603857246776667
2016-12-22,-0.010508031332750307,-0.007654013425549803,-0.020247541558093274,-0.0004810570018729226,0.00618921737308122,-0.0037225001286825053,-0.0018647112223965044
2016-12-23,0.0139861597599954,0.006495171099446503,0.0,0.0012027357777592666,-0.0024713474900562027,0.0019870043978896614,0.0012509325350792359
2016-12-26,0.00346622604845843,,,,,,
2016-12-27,0.0,,,,,,
2016-12-28,0.014035549603540634,-0.0001923684056608395,-0.011034409075985525,-0.005301216156152115,-0.004863085701270156,-0.008157752792537058,-0.008391640709771516
2016-12-29,0.017271347682040188,0.009483332942252646,-0.0002843714783244458,0.005061040806539508,0.003530266012966289,-0.011721930313305238,-0.00029334773186837293
2016-12-30,,0.005230060449463309,-0.008573863876989513,-0.0033712625210823494,-0.003434852035871119,0.0013660653104405097,-0.004647834696854234
2017-01-03,0.019802809926872302,,,,,,
2017-01-04,0.006514435564652431,0.006483637825573565,0.05372286616838609,-0.0035950535682839615,0.0019095510031294748,0.02202458325446302,0.005705963770549438
2017-01-05,-0.003251666110091547,0.014904626971937203,-0.01905366942648125,0.002398137850285329,-0.0013361844263094416,-0.00620774715092322,-0.0007709676024811847
2017-01-06,-0.016420783713779478,-0.00817949287509908,-0.011052680768580764,-0.00023967871306955878,-0.0014339345870175043,-0.0025773305392425656,0.0035107891805790594
2017-01-09,-0.003316950643252967,9.434558223006022e-05,0.0005555513392589968,-0.010113305033613289,-0.010575363053058957,-0.0032516931704111665,-0.003554905471559629
2017-01-10,0.009917670536932459,-0.004825616469092752,0.03653602170112051,-0.006799852692174622,-0.014506522274550415,0.0001669675085026498,0.0
2017-01-11,-0.02329579963300223,-0.002659339661353886,0.015936894893236568,0.0002441433257837621,-0.0015706422272724898,0.001251731152077713,0.0028256423891019514
2017-01-12,-0.0033725938062326836,0.007484956130446629,-0.011661849385952116,-0.002439018926308523,0.00029482277036111103,-0.002254196952924562,-0.002147112393729617
2017-01-13,0.006733706070203573,-0.0007553601559287352,-0.004542299105947407,-0.00171090386903279,-0.0028516017482630327,0.001419883634731146,0.0018481313951466559
2017-01-16,0.010017016832099034,,,,,,
2017-01-17,0.019737734357032594,,,,,,
2017-01-18,0.0032516661100916193,-0.008317028420459241,0.0042793135467431125,0.001696991144304917,0.005367776424756025,0.0032038797250949613,0.0017622004698093201
2017-01-19,-0.013071729930191638,-0.004851871382512801,-0.004547585504641472,-0.0036395394708884417,-0.003705440340682426,0.004368067800488149,-0.003615837624319374
2017-01-20,0.006557294365539228,0.005041556329599037,-0.007805458601046301,0.004365673286154309,0.008560204912964562,-0.0032742404812466258,0.0033605840612999428
2017-01-23,-0.026491981734570465,0.008032928278647393,-0.00977402516385639,0.0026586733121716946,0.00743066096853725,-0.005311852830678421,-0.002693749646069815
2017-01-24,-0.016920571357686206,-0.0007530538499516585,0.009504193063997246,0.011280460599665374,0.006707636390728234,-0.005510002904782733,0.006543140528962317
2017-01-25,-0.03119828078888307,0.0003766840716929478,0.03400939488356663,0.005236920303978884,-0.0009555963127900768,0.011998418423533115,0.007994052795968681
2017-01-26,0.0035149993772879058,-0.013175054608910863,-0.02005323012811202,-0.007387128454914128,-0.004502821792714455,-0.0006722100360938305,-0.0007356549352631034
2017-01-27,,0.0034289348755312853,-0.013686332655595598,-0.00864792687721678,-0.006357721922848141,-0.019434374959998883,-0.0008668394897415927
2017-01-30,,-0.006486642627270011,-0.018544350536222578,-0.0016897502925469245,0.0020271998043870157,-0.0053274634119580225,-0.006027673496096654
2017-01-31,,-0.002203698061624737,0.007677897957513574,0.0045806895011433505,0.0008676855757087642,-0.0027607360956109286,-0.0008903016080325452
2017-02-01,0.0,0.0008629065236604974,-0.012921137394209794,-0.0074849208732368265,-0.007447389736633903,-0.004242347395946823,0.00029831898811628964
2017-02-02,-0.025409740928800603,0.0013407915379642582,-0.01140930286823275,0.003387264101765398,0.009853442060905587,-0.006353665509578021,0.0005701468386910137
2017-02-03,0.010969053668508028,0.0077219901186292225,0.016652542304929005,0.0033760154987388605,0.010327892737979745,0.005138373148334111,0.007238496854553608
2017-02-06,-0.007299581771731273,-0.002757712087573667,0.013669341124035927,0.00048129681839238395,-0.00515056389620289,-0.01584777975506189,-0.002117597513709103
2017-02-07,0.01814977544591791,0.003611925829205232,-0.048112028090162344,0.008147540273895958,0.009896515171583053,-0.002385654830165917,0.00022680346384577153
2017-02-08,0.0,0.0048277902709068345,0.0011393971445679215,0.002860057486460189,0.0007573718183440757,0.0020326782048473635,0.0006930821486096318
2017-02-09,0.007168373716632594,0.004334087208768617,-0.0017089668197777994,-0.01849482467391064,0.002645465221329414,-0.01199002780476734,0.00573606373596025
2017-02-10,0.0071176608949529725,-0.004523118080927772,0.0025621622025935953,-0.016375844609819425,0.0012259323980004914,0.008629322703223287,0.0035597068220090916
2017-02-13,-0.010695541025479684,0.008838759289666431,0.009902428768465853,0.0009854351712505142,0.00395077016802848,0.010924327899590008,0.005232133584011204
2017-02-14,0.003577880130526798,0.015051911152079732,0.04728779612401078,-0.002218166825282102,0.0037481223847218893,0.00297472189534373,0.003999327195672579
2017-02-15,0.03853376289565612,-0.004529086163677551,-0.00430567796936381,-0.002222779198223568,-0.001778623507349002,-0.007541071632251765,0.00497988866573445
2017-02-16,0.03378681952471939,0.007567553825833105,-0.001349488762142306,0.018618533404474866,0.012939430176591684,-0.0022913591029192245,-0.0008644916015501692
2017-02-17,0.0,0.0004595797662700248,0.005117847490552277,0.0007280948928456197,0.0002773325703539271,0.003083303453466451,0.001677149327237158
2017-02-20,-0.003327845024400887,,,,,,
2017-02-21,0.00664479566765388,,,,,,
2017-02-22,-0.009983534899386646,-0.0015562858557396442,0.0007931503075880051,0.0033712625210823082,0.00045744219455606675,0.0008744305445154317,-0.001082786146804093
2017-02-23,-0.023690015249828174,-0.0036709062577091832,-0.015714525732023615,0.0014412398778475388,0.001187315806036964,0.0016596264590673592,0.00041889897125923353
2017-02-24,0.01360587660365937,0.004586656891784028,-0.009440719511369353,0.0028758928404599864,0.0026439706562861923,-0.0071818488471159245,0.0014922502320316529
2017-02-27,0.0033725938062326224,0.0007320307079093061,0.009976995596432597,-0.0026360014662824673,-0.005112123231627027,0.00412269858597787,0.0010174652677336642
2017-02-28,0.006711544839936299,0.001370842992454938,-0.011604508168499032,0.006935498481975342,0.010107249231846804,-0.009587185378425712,-0.0025817061151949088
2017-03-01,,0.004101456303362135,0.01588846723362759,0.004755107702387302,0.0009392107403888001,0.013954336093379068,0.013581211083725323
2017-03-02,,-0.037911801968516186,0.00877760260289334,0.007326026251861031,0.0034570102898151614,-0.01183541919664358,-0.0058771169721052695
2017-03-03,-0.04475773988259845,0.026844839363181907,0.012370324346255795,0.00023525592781159898,0.004078505011107048,-0.0004409714451453256,0.0005037503685347897
2017-03-06,0.02090649966586929,-0.013891678648948618,-0.008405675161991233,-0.007087061564276781,-0.008447229886094755,-0.0038011905158772106,-0.0032826227635658124
2017-03-07,-0.006920482265663461,0.004280701237913131,-0.010340516128920035,-0.004514784921660553,-0.002831956242755799,-0.0023054953914796454,-0.0029176259020898777
2017-03-08,0.003466265230754555,-0.01562920821676363,0.0034937593128263225,0.0,-0.0001827162615707976,-0.007573993937349977,-0.002286827964063899
2017-03-09,0.0034542170349088157,0.007423934981013418,-0.01187578552065263,0.0009521764136235551,-0.002565207116450847,0.003482225814417497,0.0007995756127663866
2017-03-10,0.006872769806837183,0.007462022305169931,0.0,0.006167267004774601,0.005214605399374527,0.004180724131585622,0.0032633397058585423
2017-03-13,0.0,0.002969270538827795,0.001085480296507647,0.002620029586861844,-0.0016433723564305996,0.006546735953353221,0.0003665656191696328
2017-03-14,0.020339582673862926,-0.006413433582316188,0.0024382444380888946,-0.0014278518201515638,-0.0006404392402057849,-0.011619209694086892,-0.003384748980891005
2017-03-15,0.003350432575965213,0.012970259954922061,0.003510987382812522,0.0035671796004362807,0.016058363155041364,0.010207420935879305,0.008339879124686365
2017-03-16,0.013289090816408897,0.02013829757548747,-0.00026943785207343885,0.003082223739632351,0.00027015157439007505,0.0,-0.0016280347991836145
2017-03-17,0.0,0.00808629410349377,-0.020434139554738658,-0.00522155151991708,0.0022470487637437516,-0.009137296220119407,-0.0013151792642314352
2017-03-20,0.032470428197632864,0.0017880269888899774,-0.017213249601980788,0.0035628260969240897,-0.002157014454707264,-0.0018733625844880738,-0.0020119160803802947
2017-03-21,0.08274239714950292,-0.0038483290541006885,-0.033023104924053776,0.0075578763541896705,0.005562410450562293,-0.005461288504071492,-0.012485594590102116
2017-03-22,0.0,-0.005214529413618041,-0.004641523100729915,-0.0028273631491942328,0.0022344889409508604,-0.005039944097715934,0.0018881028474626675
2017-03-23,-0.029853069330328115,0.00036062223577347686,-0.003787555772671117,-0.004967490917229377,-0.002144778639120984,-0.002891626185100605,-0.001060832144830083
2017-03-24,-0.006078949218913545,-0.0010818439145727768,0.008718569951804997,-0.0011865206044052667,0.003036958593312628,0.007662155812536783,-0.0008443522139384829
2017-03-27,-0.012269895289592348,0.004589713760180373,0.004330717541892769,0.004737356742387244,-0.0025899030108066093,0.0033170244588522314,-0.0010201075858456302
2017-03-28,-0.012422656214539538,0.0014358182844345835,0.02419383551297327,0.0025951773080155867,0.005528772082116761,0.006067668872021731,0.007225308829623951
2017-03-29,-0.025317604913844435,-0.001794930636612619,-0.0005625236987909181,-0.00023546085093164993,-0.00017799474378912985,-0.001749021402409831,0.0010847362038301697
2017-03-30,0.015898227331336702,-0.009657363641573343,-0.003664709781218644,0.0042343962233138965,-0.002226057854640396,-0.0017247384457937847,0.0029308109117050134
2017-03-31,-0.006328827888628635,-0.004545129845844071,-0.001412676048937292,-0.0037626867345921747,-0.002856398717666703,-0.01317021418838337,-0.0022575939382668176
2017-04-03,-0.006369621624993208,0.008888711062825816,-0.03423347201977098,-0.000707768245125212,0.0,-0.0009210459996983926,-0.0016434753080133316
2017-04-04,-0.029175264220975675,0.0009929400707237707,0.002922265432277012,0.006346502451209988,0.001964878958592701,-0.004710734085406234,0.0005593660746613713
2017-04-05,-0.013245515561333167,-0.003343408993689634,-0.007909898881671316,-0.0025803160323768816,-0.0012500140075662268,-0.017464711613604526,-0.003059536811522123
2017-04-06,-0.013422877877901735,9.054314951074045e-05,0.004694771864343749,0.0023462945207966936,-0.00322138378705603,-0.00604800810204642,0.001927650293734993
2017-04-07,-0.02393286344540525,-0.004990337695792314,-0.013260922281022288,-0.001406960025175608,0.00026892191278901325,0.003878716223733137,-0.0008274724629448716
2017-04-10,0.010326986841746042,0.006617969094762319,0.007683707522802189,0.0018756069417270285,0.0036669992138346134,0.0006604916466567035,0.000687450135783276
2017-04-11,-0.024264270095418542,-0.005708795819230361,-0.0014731347353223808,-0.0007031426403856712,-0.002592309465481898,0.003955331791183295,-0.0014349082919582845
2017-04-12,-0.007042474109939329,0.0018158705142154574,0.0005891162212712632,0.0065421476989753905,0.016686269919744583,-0.00906339213747862,-0.0037670374189869064
2017-04-13,0.007042474109939353,-0.011036762913417245,-0.016337617564301087,-0.0034994176967034474,-0.008219519672332197,-0.012021996229904238,-0.006838020289804216
2017-04-14,0.0,,,,,,
2017-04-17,0.010471018022917977,,,,,,
2017-04-18,-0.021053069946959938,0.003978436306795788,-0.0062140472969082995,0.009474264800337126,0.008436017452955025,-0.007567219583255531,-0.0029076028458332546
2017-04-19,-0.028779200591266263,-0.007881609299409818,0.0029639055034990773,-0.005766514360611611,-0.005792047084277799,-0.006668550757180758,-0.0017178253968685745
2017-04-20,0.032318778405368634,-0.007852517697046785,0.009132238181869623,-0.0032438702223893056,-0.0002639833935932176,0.013104304593959212,0.0075288503629738525
2017-04-21,0.0,-0.007452626608404388,-0.010316853184864257,-0.0004638802173361286,-0.001409541531782284,0.005456796337828781,-0.0030396881071153782
2017-04-24,0.0,0.03867706642749007,0.004729399228094783,0.0048637638437649825,0.007815589074540216,0.0038393992192905396,0.010781736588111827
2017-04-25,0.020979757363612,0.012098858354917936,0.0023566032864363287,-0.003935625557981948,-0.0014006243081471585,0.0160405456228792,0.006072214211751177
2017-04-26,0.04400053699096088,-0.015213512743251358,0.011408783093780761,0.0030112528146892382,-0.0072971078478749445,0.010885961077018147,-0.0004858214756873499
2017-04-27,-0.02684732468838367,0.0002674417813718676,0.0046429347788130085,-0.005333631752150298,-0.006106769366957752,-0.00455946250278964,0.0005527670002992063
2017-04-28,-0.02061947753333174,0.008958989265359311,0.0028910066466270802,0.003249775058584435,0.0056657226221560235,-0.011675597497566066,-0.0019149794714900413
2017-05-01,,0.002516795170686883,-0.012783552084017038,0.0016208765584960862,-0.008866780880591882,0.0014783345996795536,0.0017307918268938255
2017-05-02,,0.007779267341808121,-0.029675794326576556,0.003925746734741108,8.912019562678631e-05,0.008642158793946237,0.0011883435858115294
2017-05-03,,0.006835066216278286,0.008398560144814358,-0.0016147567766380353,-0.004463199889208693,-0.0033928570705281124,-0.0012721693958273864
2017-05-04,,0.055323684306915304,-0.009905479621967252,0.007818124414855016,0.010411784894187783,0.0026603234108912104,0.0005819332878695465
2017-05-05,,0.009247888316001334,0.018529955083299684,0.0006871016661031603,0.002299454019352921,0.006847100266366671,0.00408035940747836
2017-05-08,,-0.012266020827483431,0.005905204508298236,0.00456698269451019,0.0,0.0025442821244398323,3.7445271907879016e-05
2017-05-09,,0.0,0.008500334885317339,-0.008696104728049762,-0.0044261845038484,-0.015824505009578407,-0.0010257745567932176
2017-05-10,,-0.00100797109045084,-0.000875808936307703,0.001378582178704384,0.001064021477542092,-0.024736432109122002,0.0011299627174494742
2017-05-11,0.006369621624993271,-0.0008406645077344194,-0.0035119166939830047,0.002292446493625727,0.001770887352856069,0.009687281810584428,-0.0021651513741066187
2017-05-12,-0.016000394583545897,0.007875368794819348,-0.014469547275349463,-0.0018335365772588113,-0.0011507608542502558,-0.0035630231501338765,-0.0014795353407942593
2017-05-15,-0.00647276133223116,-0.0017539481647330165,0.0059312737591381065,0.003206836875068459,0.009081128008910632,-0.0004697606608585139,0.0047651423030152336
2017-05-16,0.022473155915777043,0.006914572372727902,-0.011897735384969403,0.0027403727221516024,-0.0013178036433178812,0.0047813070538917915,-0.0006871330369860457
2017-05-17,0.006328827888628641,-0.00783459723175443,-0.030379097980735348,0.0018224416670214948,-0.000439443741240366,-0.010624980689805712,-0.018345468171115042
2017-05-18,0.04019087830555311,-0.02122610967430535,0.0015411022390494178,-0.002963652667761414,0.0025466472325368023,0.009221017451692983,0.003680038627215951
2017-05-19,0.02985306933032819,0.00859527303876302,0.007669879813337895,0.0022806553108607477,-0.002986284169480724,0.007371710903800825,0.0067447032082007
2017-05-22,0.0,0.0034683756540828223,0.006093923701449722,0.006357537829622122,0.008844723120949083,-0.0005578665238466512,0.00514686329600843
2017-05-23,0.0,0.0014345198425628272,0.009071579204561695,0.004742085319741763,0.003046919689623759,0.005380947432928593,0.0018361851723804105
2017-05-24,-0.03593201854924161,-0.0005061821660217224,-0.0006022274459546919,0.014314897413583048,0.008740181627632801,-0.007056682141130196,0.0024860338045762944
2017-05-25,0.0060789492189135055,-0.0014352466761995203,-0.018237631660864135,0.008403453073554992,0.012586445818311413,-0.00018642519393618744,0.004432112041978175
2017-05-26,-0.00913223847108058,0.0010977759414145612,0.01431459450532087,-0.0004406256956066794,0.0032283874354358724,-0.0018658113169259197,0.00031050178530242343
2017-05-29,-0.009216606037425341,,,,,,
2017-05-30,0.012269895289592265,,,,,,
2017-05-31,-0.006116062527222128,0.002139902691964007,0.011859200409917106,0.000879831919110596,-0.0028623328685142596,-0.003156403857727098,-0.0004600746199513276
2017-06-01,0.015220782833831721,0.0035847751325608873,0.014628805755434942,0.007013158700689657,0.00307534456541674,0.007965212639390373,0.0075425955848472245
2017-06-02,-0.015220782833831761,0.007131303288526407,0.0005803922531603856,0.002181424371021538,0.0037459077183342377,0.008908584276377812,0.00370087461804602
2017-06-05,-0.009244941712219948,0.0016063147261898309,0.0002902005567640838,0.0021768984367639076,0.0017833542065518984,-0.01483021329304238,-0.0012184071404286387
2017-06-06,,-0.003214833010756769,-0.0008705928099245327,-0.000217788035959766,-0.0015277518276256227,0.00037122448654411074,-0.0027829086662040834
2017-06-07,,-0.007398775425135186,0.008480443035420575,-0.01027452264373499,-0.005538261153290827,-0.0025077815222518604,0.0015670287963475379
2017-06-08,0.006269716464592783,-0.023055115226726205,-0.0067201654535670625,-0.008384572135199693,-0.009959429907818625,-0.016408611831492784,0.00026716903566476714
2017-06-09,0.0,-0.008597314114436457,0.006720165453566996,0.004200735259936109,0.0004312497379210632,-0.0003780455163880306,-0.0008303338661872762
2017-06-12,0.015504106349162699,-0.004769140204367691,0.009852481472146186,0.00022062107855449172,0.002498183408818275,0.0066920752184445546,-0.0009792424797181137
2017-06-13,0.012232440202575237,0.008111549293302042,-0.004914268201486613,0.001556048357629367,0.0007739163357750315,0.008977961224735279,0.00450135884323014
2017-06-14,0.026988524165283034,0.0008778688314865622,0.0028935449831145347,0.005978378343585763,0.008986316763686325,-0.006632242113540867,-0.0009963269653176028
2017-06-15,-0.0361485817401112,-0.006778663850011407,-0.0002889715849701535,-0.001104380771799074,-0.0013638388828911164,-0.00865974881325081,-0.002242109796840374
2017-06-16,0.012195011746135699,0.006076414663292415,-0.008999530674807618,0.0013249763527796716,-0.00299064433480403,-0.008353906477126648,0.00028359915005969524
2017-06-19,0.012048407692549423,0.002192529072406466,0.0017480976746156933,0.0015434784348071675,0.003673013330611312,-0.0019082679392664185,0.008312583206893995
2017-06-20,-0.0029986827535695504,0.0002627555449587453,0.0014545252610510232,0.005055752996357294,0.005610876775524129,-0.008440533247716715,-0.0067191604469316645
2017-06-21,-0.0367011145629841,-0.003157948325859033,-0.007879820828460393,-0.008587579140294456,-0.004503507110184162,0.007102493967273007,-0.0005828141932715965
2017-06-22,0.006211436165648661,-0.004137793445331315,0.0017564161118093654,-0.003322686274981753,-0.010874727290274895,0.008854947616631161,-0.0004558859724380852
2017-06-23,0.015361004239442217,-0.00044119838508248734,0.0002923712012204661,0.0039860576313321475,0.0069497644554433234,-0.0023725669384909,0.0015596985554090976
2017-06-26,0.0,0.005457165437437589,0.009313157478353415,0.003970008811405802,0.0013669259944952374,-0.002473712378681119,0.00031575193973236123
2017-06-27,-0.02157244040509078,-0.002636758661683978,-0.009020741529006936,-0.008399656472904821,-0.010126279446199584,-0.004200014901981253,-0.008105586575672907
2017-06-28,-0.0031201110990410905,0.0007036628681585057,0.010757911149768776,0.005974947176320471,0.0037875947568013074,0.007338512653027289,0.008769501646551084
2017-06-29,0.012500271236648425,-0.027100750363342422,0.008064316182468063,-0.010870748888275623,-0.010364444026910318,-0.009253449138208556,-0.008637216844141348
2017-06-30,-0.009360456380889802,-0.002714867430498895,0.0020059903036931774,0.00044554048641895044,0.0026880083540028374,0.006496094906416324,0.0015320576108735333
2017-07-03,0.024769081938167004,0.0005436448572812636,0.018156397685507288,-0.0020081965358402236,-0.00043310684900733183,0.009570961263774576,0.0023081679791475806
2017-07-04,-0.031058736953751553,,,,,,
2017-07-05,-0.015898177775093274,,,,,,
2017-07-06,-0.0032105107794383188,0.003358009733116802,-0.004006754219830418,-0.009414998934601874,-0.0014756350156411514,-0.010001192056639697,-0.009412987306866183
2017-07-07,-0.026060054588246277,0.004068970918219141,0.0020052882557177357,-0.00022546000961476588,0.0032949948187180915,0.009448137967680705,0.006382712569615801
2017-07-10,-0.02337304878044407,0.008446282279187091,0.007129420877420041,-0.00022528234644813896,-0.010792713799999994,-0.002307397601230031,0.0009273361035125654
2017-07-11,0.0,-0.006192885502884268,0.005950416470718723,-0.0011268304969652382,-0.004649234570167806,-9.238918842495126e-05,-0.0007829870660821734
2017-07-12,0.0067335109315594084,0.012881358336596229,0.0028207106397412866,0.004051777589826793,0.009014982433198222,0.0152239107343135,0.007279050947821435
2017-07-13,0.0,0.004788089504813876,0.0100894436681322,-0.001798586039958091,-0.006556057994084943,-0.0002728569457011447,0.001872829473473065
2017-07-14,0.03300644750107728,0.010908809137956282,0.013571978829617385,0.00561103738096066,0.007949403984930058,0.003271964604822186,0.004662616170009233
2017-07-17,-0.022989365446526105,-0.000875171921059318,0.0008250187591526756,0.001118348608468302,0.0,0.0011791605303396802,-5.291423670686425e-05
2017-07-18,-0.016750592986110712,0.0026234568813368804,0.00137335747053167,-0.0013422820045982118,0.0006958128310466598,-0.002995568014954162,0.0005976786981109875
2017-07-19,0.003372422976255983,0.0027912897635381374,0.001097561648369005,0.003575234089880501,0.002865032919664101,-0.0027311154341778383,0.00535825821605345
2017-07-20,-0.0033724229762559822,0.006078607134694856,-0.0016468862964998169,-0.00022295783694977264,0.001472774195413614,0.0012755583139701353,-0.00015367108860704477
2017-07-21,-0.0033843454827237507,-0.0066885755312735004,-0.009381589984992814,0.004674409638617177,0.009649400191931145,-0.004837074644565266,-0.0003679393292088825
2017-07-24,-0.01709450884311946,-0.008489803789151953,-0.0069553722222082965,-0.004228317501205554,-0.0042960615717566476,0.0009144793230090341,-0.0010643009954088047
2017-07-25,0.006872865561080657,0.001668713833790153,-0.007003712784942465,0.008881090737726974,0.0027516606650066005,0.006559283062077735,0.002918907519898033
2017-07-26,0.013605988764762671,0.01523942332034898,0.0014044846387760365,0.01099150039462785,0.006334624775216621,0.005794391743655845,0.00028262400611947947
2017-07-27,-0.01018715207616073,0.05979577877905589,0.008943666366842589,0.008273580405934957,0.0012791159051102317,0.00809211914837853,-0.0009731616373937137
2017-07-28,0.02027106781537895,-0.01360559190832915,-0.004741137588729386,-0.0023877291020647073,-0.006240482537009024,0.005269425457535138,-0.0013420156781160386
2017-07-31,-0.030562770065061227,-0.004300356708099734,0.0058535931227129715,-0.0037020411543674577,0.0,0.005153289736612928,-0.0007284108345598019
2017-08-01,0.0034423742893900013,-0.0069860684442186495,-0.034495885636139256,-0.00305862690746186,-0.005934907571282314,0.011717558576514693,0.0024461207749384662
2017-08-02,0.013652134553729628,-0.008886025510788664,0.0017245458025438446,-0.002409810901414011,-0.0026775838414874902,0.0001754578102060577,0.0004925274073474498
2017-08-03,0.006756768458979634,0.008635489518902785,-0.0014365839481002033,0.0017526406045678066,0.005950597709796385,-0.012868202508269361,-0.0021860418349456704
2017-08-04,0.010050422825088234,0.002001484125888633,0.014277657971579032,-0.003729098659864451,0.000601517414042719,0.008039964158872306,0.0018873214175395684
2017-08-07,-0.013422845801344242,-0.004174226087147104,0.0008498290659776186,0.0030724960990477185,0.005057422731018721,0.004302438070024925,0.0016458446442804673
2017-08-08,-0.027399432735526846,-0.005957772506021941,0.0025463582113174404,-0.0008771790964675131,-0.002139880363791145,0.0007883474019778604,-0.002417352230385335
2017-08-09,0.013793443970764235,-0.009980681179230892,-0.003112893796457112,-0.000218858947283524,-0.0006860233148646555,-0.00985396226129064,-0.0003636747927123762
2017-08-10,-0.006872865561080571,-0.013521786348685939,-0.011402918343687682,0.003284627659372982,-0.002145855016247249,-0.006386316894998718,-0.01458021840074153
2017-08-11,-0.020906642479269252,-0.002070018801619433,0.001432886447856806,-0.0032846276593730935,0.0011167234102972652,-0.0023164488131488903,0.0012747571279871366
2017-08-14,0.01745245178706473,0.005081168121195565,0.01534093168370517,0.0045955302332860316,0.01135024017297169,0.008083615073494187,0.009993651246049404
2017-08-15,,0.005311913073717213,0.001971839938420444,0.008479178745834108,0.009543734773305204,0.0022092308041664808,-0.00049893232688349
2017-08-16,,0.006133443156693329,0.0058914255190924344,0.00021656512539851592,0.0010920833604252018,-0.007887435944053481,0.0014190955233323716
2017-08-17,-0.0034663877174790254,-0.007501409135287157,-0.02120254094293778,-0.007386668079529278,-0.005978866475556338,-0.008398919835104613,-0.015557342487191416
2017-08-18,0.003466387717478965,-0.0048892764462087,-0.004868653942756421,-0.004151965420421767,-0.006695281498011492,0.0025090842877262647,-0.0018370536613519935
2017-08-21,0.023933045018047668,0.003947515853884414,0.002294140558710318,0.00021969676495236482,0.005596559453158823,0.008821711151499278,0.0011619757145661966
2017-08-22,-0.006779890802525092,0.0011127337433803168,0.011109424666736077,-0.0017534784222365486,-0.0028791616595717495,0.0013297349876254729,0.009891695260625078
2017-08-23,-0.003407261273635781,-0.006867560167600012,0.00536830527177956,-0.0013163222948644022,-0.005356679672624071,-0.00017708929767777806,-0.0034595701326390073
2017-08-24,-0.020690351021030735,-0.001896772080952536,0.0008445633340168767,-0.0028586969154228265,-0.00916497587190134,-0.005598276142091782,-0.0020766167471384417
2017-08-25,0.006944458079143829,0.005336447575999311,0.002250126797532686,0.0035171859207124324,-0.0031884245490411385,0.005509509374527554,0.0016714716689374216
2017-08-28,0.0,-0.005854437573806553,-0.002531631380864626,-0.0032971246007594767,-0.0026798203034089844,-0.005064318078087036,0.0004869534732960745
2017-08-29,-0.0034663877174790254,0.008940192845961942,0.00028150458333202344,0.0006603398015653415,0.0025931490423495365,-0.001693510894218684,0.0008424667620097917
2017-08-30,-0.00696858098555825,0.0077575312477555355,0.00841067438368268,-0.0013210042288502955,0.0009994277076950052,0.0018717686869155017,0.004604531788061044
2017-08-31,-0.017637068364968967,0.005166503635571111,0.019901367491761104,0.003518621902650157,0.005024414731163897,0.006126061641727191,0.0057046735847135445
2017-09-01,0.017637068364968967,0.0021941629859622076,0.022193050109695273,0.005036821249524793,0.000949694643351403,0.0004424492570453222,0.001980578042335197
2017-09-04,-0.021202242594550037,,,,,,
2017-09-05,-0.014388709598228657,,,,,,
2017-09-06,-0.014598612472544981,0.005119746496342896,0.011749325049975565,0.0008706274508612101,0.00413390643204836,0.0009676345199964229,0.003123842493144133
2017-09-07,0.014598612472545021,0.014626774720450705,-0.010242967939329788,0.0069385231496174775,0.00548568495302176,0.0048242605672780435,-0.00017845204485370908
2017-09-08,-0.018281889719153326,0.002307306615964748,0.0024352548952637477,0.00043202227733601413,-0.016808586276565778,0.006019789309038246,-0.001489960143457705
2017-09-11,-0.0036968939474192135,0.0011516230463109072,0.009415022226504517,0.004740621231121749,0.005634516488511058,0.010899686368592879,0.010780975197147024
2017-09-12,0.007380171194027481,0.0005754253636744254,0.014354305319638931,0.004289756853004283,-0.005982052972239922,0.002663422883063885,0.003358302594883113
2017-09-13,-0.014814973574909018,-0.0024681366399863956,0.008410027443780593,0.0032054195543946983,-0.0047941181133920475,0.0006006713283168742,0.0007568342480825294
2017-09-14,0.022141076630588685,0.0027967075930534933,0.015065481162662063,-0.008422193839304155,-0.0022739253161770173,0.004193086415451559,-0.0011013238508279736
2017-09-15,-0.0036565791132106597,-0.007254658835937436,0.002317477353071553,0.0015166291361338093,0.005762890407101636,0.00502601509655452,0.001845477546159349
2017-09-18,0.0036565791132107425,-0.005725486624367465,-0.007486762105720103,-0.0015166291361338644,0.0012181840710758225,-0.0008502757774449479,0.0014548619291293301
2017-09-19,0.02166121901509415,-0.0007492317021643303,0.0028463102838525026,-0.002823307949110164,-0.004357766190410955,0.020787564827471298,0.0011095796167313857
2017-09-20,0.01418475951052261,-0.016626506731408502,0.004640451821867413,-0.0043595135785111675,-0.007980044722666195,0.0025788042481037377,0.000634146702309437
2017-09-21,-0.003527295255884776,-0.009528608029279394,0.0056424871090327445,-0.008334917192576547,-0.006890887202521077,-0.0026620818949961577,-0.0030505659469148337
2017-09-22,,-0.005056423355098387,0.008150824148453436,0.00198033522743361,-0.008458223556950327,0.004819856791874492,0.0006475839951670207
2017-09-25,,0.003858918702514585,0.022078275752966673,0.004386473086878112,0.0008048575291789065,0.0028144509982352167,-0.0022245226998538568
2017-09-26,0.0,0.005547690450799148,-0.000993307462468445,-0.0026297067107534434,-0.0011623077222378342,0.002971683749709194,7.216412589487934e-05
2017-09-27,0.04506822770030815,0.008559882877974052,0.007917122487966511,-0.020619190610215516,-0.006370305310179369,0.0013176498255787167,0.004076822401987925
2017-09-28,-0.0033955453198013462,0.004210507356072572,0.0,0.006029923770614882,0.004848831788903575,-0.0007772104261283794,0.0012038906289380277
2017-09-29,0.02353048378863586,0.0025177757749764817,-0.0049405919735370845,0.002224693777513499,-0.0018828237138671777,-0.003601995814566584,0.0036982630684988258
2017-10-02,,-0.002685943765676107,0.04289965304201477,-0.004676879511292557,-0.020948002312823285,0.0011744577720548585,0.0038665188297123134
2017-10-03,,0.00920270671912561,0.030376458946078468,0.008667963469399501,9.127646716920948e-05,0.008595804248164267,0.002156511184660919
2017-10-04,,0.007219042111615344,0.007566239618384015,0.006836432096479852,0.0019222825428781116,0.005221500262277835,0.0012459436611136387
2017-10-05,,0.013386750084902853,0.0015974894419027612,0.00043960551170995526,0.01010081435090832,-0.001075112852680004,0.00563090403129274
2017-10-06,,-0.00794479495330521,0.024331183575837127,-0.0006593148803343336,-0.00045293269192800417,0.00848750703703676,-0.001074211165239725
2017-10-09,,0.006475263355884605,0.00886311069501914,-0.0017604119382277031,-0.0035385729410033753,-0.0016424655573079644,-0.0018060638680135568
2017-10-10,,0.013793284908072828,-0.0026506752169876587,0.010079017597346971,0.006974668419415794,0.019614117351441532,0.0023197196304780643
2017-10-11,0.02614550818876443,0.0006444762850513181,0.005734598765871208,0.005001668037728496,0.006568128820454634,-0.004199668023821388,0.001801882929663564
2017-10-12,0.009630631729381663,0.0035369978739288968,-0.01283774012333451,0.00021712979591625674,0.00839451836232495,-0.002998969281939751,-0.0016881771203513885
2017-10-13,-0.012861610513806057,0.005920306879119347,0.021814237155130922,0.0015166291361338093,0.0015106119726709416,0.0015410198787163974,0.0008777220048463043
2017-10-16,-0.009756329293853307,0.0028678034079209517,-0.002618857316406744,0.009483068390429785,0.008399830808191068,0.00032421460774140405,0.0017492225323057532
2017-10-17,-0.023141444806839183,0.0023832843648219676,-0.0163036775977405,-0.0021473499820701494,-0.012225038450212205,-0.0008917104733999739,0.0006723529054339931
2017-10-18,0.006666677246892736,-0.0017471815157321681,0.0022186650430237294,-0.0025827263485026014,-0.0021420032452218692,0.007674617586118393,0.0007420595113295467
2017-10-19,0.0066224557943331845,0.0011121894360776245,0.005084578615881936,0.0040862149970275746,0.0064112171379152195,-0.00962276629979198,0.00032794411501048555
2017-10-20,0.0,-0.0035795152361050493,0.005717236420146952,-0.004517372883832812,-0.009452668681451473,0.005186879775648563,0.005103796185030386
2017-10-23,0.0,-0.003112683018243782,-0.010137018015196274,-0.0012946987705385498,0.0007165056028176993,-0.007627643525309658,-0.003980395312997195
2017-10-24,-0.003305888344873524,-0.008831713368532463,0.02903193490005189,-0.0030271354025131147,-0.008451425167731166,0.009000762456205975,0.0016166008745580412
2017-10-25,-0.016694737459314542,-0.01987388643842351,-0.029696731920884616,-0.002819132487697947,-0.006159218871503616,-0.01250935988929323,-0.004673955687259985
2017-10-26,0.07145902396255031,-0.009505231075493338,0.002877178347113289,0.003901343377931518,0.0059781411297138935,0.012267319477633718,0.0012701392506023993
2017-10-27,-0.006289655015584668,-0.005997541168094361,-0.013572306690626581,-0.0034668778717864153,-0.0011747423013050435,0.003063432564265217,0.008040609979727099
2017-10-30,-0.015898177775093274,0.00931401445115149,-0.028862209978311033,-0.004568806639885422,-0.008626463215750783,0.0012872144289253313,-0.0031975773767407194
2017-10-31,0.03154828917156759,0.016175218049753082,-0.009033120494785309,0.0026135365361943355,0.0052756820094677125,-0.0031402759711071254,0.0009440129366793155
2017-11-01,-0.0031104492790553907,-0.005226333066963597,0.003483956005057797,-0.003922486310524409,-0.0009077879156877167,0.003461632909171041,0.0015908441079038695
2017-11-02,-0.0031203561700964676,-0.009956017113063013,-0.012364639411513138,0.0017449955436715486,-0.0007266587388614437,0.007047433668359965,0.00018994776966671517
2017-11-03,0.009331409898764126,0.006593528752122992,-0.006122337053543779,0.0019597470136241803,0.0015435306203980868,0.002470805653686761,0.003092289326314394
2017-11-06,-0.018750715846086827,-0.009492041371591615,-0.004734525432391066,-0.010936247299938653,-0.008747492647828667,7.959945321090729e-05,0.00127044388477643
2017-11-07,-0.022329123298886682,-0.01605110584733572,-0.010496172627109782,0.010283497938254619,0.011013523635436874,0.014461567049698693,-0.00018912080508191734
2017-11-08,0.0,-0.004307199970865981,0.0097839779488916,0.005210430200156621,0.013754430173553583,0.004071209020288221,0.0014426139320604147
2017-11-09,0.003220434744355229,0.00042293912893397173,0.0,0.0010822108902334947,-0.004653407958004408,-0.01988690379527318,-0.0037689813393701364
2017-11-10,-0.0064514135287796915,-0.0003382609138986489,0.012976366404593728,0.006683260089430571,0.011327639967140974,-0.007761643770230107,-0.0008980469760537102
2017-11-13,0.038099764200730274,-0.0033061723024468198,0.021107357481957374,0.003860023137040844,0.011376170367558584,0.009433882657911572,0.000983150911293032
2017-11-14,0.0,-0.009944291659423473,-0.013168842817948813,0.01508292273483812,0.014969901497471924,-0.006386099737980748,-0.0023122805602819227
2017-11-15,0.0062110537286677,-0.011127165633513318,-0.003261256279165991,-0.013158699177371037,-0.005717810493055226,-0.0097371724924871,-0.005540998742123611
2017-11-16,-0.012461060830502248,0.012346258597770068,0.01711833562674474,-0.005569493680452915,0.0011289276970924296,0.00572509772511124,0.008162652782972403
2017-11-17,-0.015798254411284157,0.0006959798479117854,0.006401438496372108,-0.01821000554536915,-0.004784526397582986,-0.008721865662426956,-0.002629416978897395
2017-11-20,-0.0031898921738056476,0.004685121782431222,0.022533730951029292,-0.005484332916181977,0.002003507511868809,0.008078437280582012,0.0012748698887901106
2017-11-21,0.0031898921738055786,0.0007786474764549026,0.0020032232966330785,0.00701466380407696,0.009871939523240607,0.01191672381902948,0.006519838879752696
2017-11-22,-0.012820523903187126,0.001123839079978649,-0.015236799273234375,0.0013098507953449897,-0.008393203337322247,0.0023822754487723185,-0.0007505427033295442
2017-11-23,0.012820523903187265,,,,,,
2017-11-24,0.012658642625970922,,,,,,
2017-11-27,-0.0031500432302713852,-0.00042532645763703755,-0.006544047810865129,0.00043585571629726474,-0.0004313679339032693,-0.0005553232881693255,-0.00038433158680325395
2017-11-28,-0.009508599395699589,-0.0005958364607877979,0.016837779638909464,-0.0015263268518906012,0.007910115693267805,0.007748812928427669,0.009800332196793644
2017-11-29,0.022048261513118624,-0.013286065831805652,-0.025021330769774027,-0.007226424272583444,0.0005992624455301062,-0.0032346339407235865,-0.0003692938827907781
2017-11-30,0.024616510845180156,-0.012154035958565465,-0.01657110322631922,0.014081746991538243,0.0041708496454782315,-0.0016606746488470432,0.008157586662811174
2017-12-01,-0.018405457116512442,0.008436796989355901,-0.006986698666187729,0.004359706072136526,0.0022291648841582115,-0.015796118736467316,-0.0020265829358053324
2017-12-04,-0.006211053728667819,-0.0004332172534207245,0.00605763346462526,0.0056401380796391705,0.005806041295801888,-0.003544577785089865,-0.0010527105492864532
2017-12-05,0.0062110537286677,-0.021368780818521442,-0.005823848893723284,0.000648776058158729,0.0011060700303272728,-0.0019385497478247064,-0.003746390525955308
2017-12-06,0.003091352593513167,0.00026555111860378965,-0.01530361770712089,0.004098811289491022,0.011078480560777329,-0.005757054316377448,-0.00011411217053034995
2017-12-07,-0.003091352593513188,-0.015517901393470607,0.005967678738869166,-0.01452909772966537,-0.01841894133232695,0.0034096908560516098,0.002928067010109385
2017-12-08,-0.018750715846086827,0.0037676128826348407,0.0,-0.01031962620513842,-0.0013716940856835836,0.008553911551939424,0.005491202035518141
2017-12-11,-0.055118946121877656,-0.002330680197676818,-0.008364464148325925,0.000441271825646189,0.007010073925756611,-0.00418723145382192,0.0031968421216958323
2017-12-12,0.0,-0.002696044310757628,-0.0033653271672252887,-0.0008827384580823436,8.494620271407659e-05,0.0025787683451906746,0.001547723722089516
2017-12-13,0.00995020297909984,-0.0018916051044011195,-0.0031349618314458713,0.013378582367468554,0.003401322287265385,0.005377921684533625,-0.000473068970150185
2017-12-14,-0.006622455794333282,-0.003703653767006145,-0.014354056326973013,0.0028283461392941372,0.0018660204166302877,0.0006402593534758325,-0.004079167730762682
2017-12-15,0.022989365446526012,0.0010854226528873925,0.003424599566798681,0.003470128731569999,0.010116215308356572,-0.005294044938625342,0.008934313410142761
2017-12-18,0.0,0.007295610376589717,0.028882883642171214,-0.00564449262504833,-0.009862162890174051,0.023683990385579105,0.005348478579597589
2017-12-19,-0.006514597886579572,0.003136037074874025,0.008034543612926968,0.004344442842895313,0.004732393903267285,-0.002437921841101,-0.0032354980431185012
2017-12-20,,-0.001342811817058311,0.0007054267157647657,-0.001084180114712484,0.0034508942426600786,0.004869548211603158,-0.0008282360735725663
2017-12-21,,-0.0025113690384045684,-0.008502599320320818,-0.010471133455129794,-0.006406046765177351,0.00508005270785123,0.0019836870126583982
2017-12-22,0.019802514744713087,0.0018841376378457122,-0.0033260447433708924,-0.00021952400149750125,0.002870903574531395,0.00031183225762554764,-0.00045827163811375547
2017-12-26,0.006514597886579579,-0.0013453821864189191,-0.005249469178836898,0.004814182990414047,0.002442285151169652,-0.002653349947318948,-0.0010589757000585695
2017-12-27,0.0357761553025633,0.0066202106498340916,-0.011791682273465392,0.002616211738030278,0.0034425279335107044,0.0019516088122772958,0.0007906283102422613
2017-12-28,-0.003199693668439395,-0.007967484852942268,0.0016933042134429197,-0.004582953953058614,0.00041895547725465115,0.00031202677469126976,0.0018323190029195554
2017-12-29,,0.0026926563895272155,-0.009469736088144559,0.0034931808312519057,0.0047646319403567864,-0.008612808330674399,-0.005196632292748298
2018-01-02,,0.007679294800530975,0.019568114148167098,-0.007437759833173322,-0.01563173388701256,0.009391866625184406,0.008269078218398127
2018-01-03,0.0066666803359716155,0.007709107050687149,0.024108921024537103,-0.0021984432413827155,-0.0026295241586487437,0.013617306162717906,0.006378433243936035
2018-01-04,-0.026937754809312583,0.002732565190536419,0.03036107249323365,0.013986238924545508,0.004913751415658199,0.015479437188097758,0.004020542855326989
2018-01-05,0.01692067443772642,0.009985203394645526,-0.0029494171426960006,-0.00021712877548918637,0.002869122892161127,0.012781182683924346,0.007009145888585348
2018-01-08,0.013333652821500388,-0.006908979348433563,0.004760356778187139,-0.0015207890395516849,-0.005746841796976365,0.006775137170791852,0.001660963767296979
2018-01-09,0.009884710196445386,0.003329251461687706,-0.0038520008690880758,0.004987693693164042,0.0007628380667230287,-0.007821659837087045,0.0013020835172984225
2018-01-10,0.019481176068562287,-0.003592743725039212,-0.024125152717831836,-0.0034669046536124526,-0.0050944479881437415,0.01984374564668337,-0.0011128458115206878
2018-01-11,-0.0032205759510807066,0.002455015775568874,0.02729826243875027,-0.0006513442113029756,-0.005120362496769273,0.0037321166731760567,0.007009025768882019
2018-01-12,-0.006472504779284277,0.006110914604913983,-0.002719191419904931,0.0023865152011563785,0.004268929971770432,0.0021158722035598816,0.006726926399094035
2018-01-15,0.006472504779284263,,,,,,
2018-01-16,0.019170021250607405,,,,,,
2018-01-17,-0.003169536170586369,0.003800955918408531,-0.0036272341573280113,0.006212925806166576,0.01113733953985448,0.01973587354738918,0.009371006206502086
2018-01-18,-0.016000485080021127,-0.007442776435824116,-0.003868157897884277,0.0012810093735635994,-0.0010913058230515268,-0.014963646649631405,-0.0016176974974736241
2018-01-19,0.04417134901823594,0.0009550452686158407,-0.01632078332421092,0.005954889776713791,0.009363636224149369,0.00876203017494238,0.004375647986990156
2018-01-22,0.0030818238813662534,-8.669386279306965e-05,0.0032393879976208967,0.004654181746166142,0.011089230676945325,-0.0032230196377654244,0.00803436438221324
2018-01-23,-0.00927378401400649,-0.006268438442176454,0.002076856928534603,0.0014763162047987544,-0.001729830461817543,-0.0008613097851275167,0.002172004968222319
2018-01-24,-0.028348543896959476,-0.002185929845169475,0.01782107284470237,0.007976746464956514,-0.0013199813873295046,-0.001796433993902313,-0.0005601325472320471
2018-01-25,0.012698431881531578,-0.005001551523959199,-0.022905447188839478,0.00020882697728222496,-0.0019828709571447383,-0.006132629140077898,0.0006024393988328895
2018-01-26,-0.03858987698764926,0.010848754196224449,0.007617000660776021,0.014319971225862385,0.007088256150972256,0.009937387419025898,0.011771638106084168
2018-01-29,0.01302968684046238,-0.012257255924154864,-0.010865856994003704,-0.01725045369265754,-0.017314247951469755,-0.0002149105568770397,-0.006754736284863033
2018-01-30,0.009662064597215941,-0.0051221613924295264,-0.007466067352063919,-0.006098583686815604,0.0018367208801439376,0.0006448611520187274,-0.010958642805337085
2018-01-31,0.03774019769803918,0.0047697257611957825,-0.006815075137640552,0.0037894977905779774,0.0034141139086190666,-0.012250518659626206,0.0004888658586947881
2018-02-01,-0.009302476068951723,0.005448726768701724,0.0004715702366501074,-0.0029460050792059615,0.0,0.006360038624538581,-0.0006482983520233253
2018-02-02,0.012384299950317862,-0.020721623155938965,-0.03428365487781958,-0.015290245843211118,-0.013642156042772345,-0.0158306715491055,-0.021436680516698812
2018-02-05,-0.021773926165968144,-0.043805193879449686,-0.036258804924280075,-0.040171328013800155,-0.03612130335589265,-0.034931946376318905,-0.041842540938381426
2018-02-06,-0.009478761653612715,0.01843244926939151,0.05701729397425424,-0.004912756536312638,-0.007893769375083477,0.050474468517660326,0.017290573348937088
2018-02-07,0.0,-0.017497969474815713,0.012582009032771605,-0.002465570678021148,-0.0005285324255158351,-0.013641233867716852,-0.005014138223752627
2018-02-08,0.021978903805574393,-0.032945525355404334,-0.03945666821632436,-0.03331372934664506,-0.02995991521085792,-0.01806105922759958,-0.0382590522458017
2018-02-09,-0.03797938888559551,-0.004353139944640042,0.01727343217356973,0.0006957592759249023,0.009307572550650752,0.01579373697186819,0.014825645199524345
2018-02-12,-0.006472504779284277,0.010127976649363596,0.01294058896544689,0.019288871619079218,0.0067231516562518915,0.01590855612344814,0.013818665678186272
2018-02-13,-0.009788095338197314,-0.0038461265202022026,-0.014388788717184207,0.00499122474243908,0.0018745933977990029,-0.027174884506007715,0.0026095219802775584
2018-02-14,0.01302968684046238,0.0038461265202022416,0.00985422420350855,-0.0020390293421554636,-0.027391819864615148,0.003179289194084056,0.013313439808897013
2018-02-15,,0.004404818142523794,0.000956443357423023,0.015301980317010392,0.016903550832892453,-0.0014032568525138651,0.01199686177677526
2018-02-16,,0.013853481275806573,-0.0183268935953886,0.004456320348600873,0.0008103522164510633,0.006777403722660809,0.0003733996499216942
2018-02-20,-0.009724225881593189,,,,,,
2018-02-21,0.041472811431491854,-0.0027565188487243325,-0.005163686985395483,-0.014886778956701853,-0.013610677092881523,-0.007759166637990921,-0.005511664483310908
2018-02-22,-0.018927848984781805,0.002661526239976674,0.00859185391395686,0.004144858281168275,0.011599501968710336,0.0031848018991780256,0.0009730774855778604
2018-02-23,0.012658510168516976,0.01796942935227504,0.0,0.011877921739966033,0.0038362125640420824,0.013222770818883537,0.015901278245121022
2018-02-26,0.012500142151961704,0.016185354317108176,0.01528227329040655,-0.00022730097863341467,0.01142265997223987,0.010164919581970307,0.011688438620627399
2018-02-27,0.0,-0.025647131311561443,-0.03353634771374155,-0.00935518371335258,-0.00045081281298218036,-0.017489185308988766,-0.012788311441467541
2018-02-28,0.0031006745888141466,-0.0005650638500460059,-0.020624426955957124,-0.009212724594199343,-0.010515787434076907,-0.010568179923990001,-0.011157806083656078
2018-03-01,,0.03033210285961292,-0.04045162846152898,0.0048472931079591814,-0.0074179182326587064,-0.03177743668482782,-0.013413965854876449
2018-03-02,,0.010723580074358197,-0.009571938140602379,0.006655155060000199,0.008472960350174693,0.0015326361239459717,0.005058785485198549
2018-03-05,-0.019418120344254903,0.009267194510478199,0.008247926803184105,0.003880992769088598,0.0035703131141542133,0.002981972490109822,0.01097161761052657
2018-03-06,0.02580770558917521,0.00980304535299746,0.005021898086482048,0.0009108830695126345,0.0013699992206224346,0.002744867723153409,0.0026353829319968104
2018-03-07,-0.029081336682598446,0.0004432392941043035,-0.00502189808648191,-0.002507155390911479,0.002369871219720494,-0.011640348571039174,-0.000483991825716375
2018-03-08,0.01302968684046238,0.021311935197357305,0.01276621062172984,0.01427475546652265,0.020187857346323446,-0.0020050780999222436,0.004453148208884627
2018-03-09,-0.003241591502265181,-0.00043381411557638524,0.0,0.008289528477697462,0.0040960272796158265,0.0010801070506043526,0.017229546741207587
2018-03-12,-0.003251721102308782,0.0035529725152949787,-0.00026432623773580934,-0.0064915116655823646,0.0018642160058541214,0.004922245175597118,-0.001274797337998416
2018-03-13,0.0,-0.007816021520894606,0.004746987668595403,0.000897909483700579,0.007510676600063032,-0.0026118874848553636,-0.006383910414314703
2018-03-14,0.01615537720178983,-0.010517022807854017,-0.008454565670346742,-0.009095226337293072,-0.008753160063261232,0.0,-0.005740969825188786
2018-03-15,0.00956933375982452,-0.0055661861427546665,0.004235932062009686,-0.002515800576757366,-0.0055208052269907285,0.002995485592406152,-0.0007822363990965508
2018-03-16,0.0,0.0012396018081239147,0.002375170867398108,-0.004820414637977777,-0.003130240142848894,-0.0036879390011189043,0.0017019979472317418
2018-03-19,-0.03883997727454466,-0.0069258684715699575,-0.02481779940980011,-0.004611987435132579,-0.011531611969105973,-0.016062489857923225,-0.014306040541373417
2018-03-20,0.006578892077041887,0.003912681036764096,-0.0032474204895699623,-0.0023144531152362014,-0.004176835220639435,0.010968973631639838,0.0014807086617189258
2018-03-21,0.01302968684046238,-0.021894175232396406,0.018531189671929245,-0.0037140730932452566,-0.010611325670314939,0.00023214636787963157,-0.0018456921256294063
2018-03-22,-0.013029686840462436,-0.01600313648225357,-0.03327782442608464,-0.005597334147409093,-0.007384222555063811,-0.017636063092651432,-0.025484886972854417
2018-03-23,-0.006578892077041883,-0.015607883552900055,-0.03300086727212535,-0.010106977465194712,-0.016722358066098553,-0.020038945865846165,-0.02118980731175066
2018-03-26,-0.01328907090528961,0.008855729415168705,0.023047722098371994,0.00846858465421665,0.006198367339211128,0.02231930261892877,0.02679504070603539
2018-03-27,0.029656058320528807,-0.0026019193391491014,-0.03161405314948322,0.004674233067228161,0.007740950850363633,0.005717623591212928,-0.0174272856453219
2018-03-28,-0.016366987415239273,0.019899302922675794,0.017060451691828158,0.009975554247992855,0.01420559926793622,0.027577894954182315,-0.0029209188994626773
2018-03-29,-0.054250432717590495,0.002823743826370574,0.024231584040358956,0.002535873042170211,-0.00027505410164287207,0.007700128976896154,0.013675777493843445
2018-03-30,0.0,,,,,,
2018-04-02,0.03424986733053425,,,,,,
2018-04-03,0.023295560499640447,0.009142791121878642,0.03246536393848504,0.016502611405720197,0.010592755753422249,0.01380741835285868,0.012535961315741067
2018-04-04,0.029175342070575577,0.004219670686299381,0.029080197186420232,0.01963063100154717,0.01822643936942182,-0.0046074697745583605,0.01150010234644679
2018-04-05,-0.01610334976792037,0.007296741261671225,-0.0007893378250423517,0.003610382957965087,0.003533436943836606,-0.002821788108819975,0.006839421401651201
2018-04-06,-0.009788095338197314,-0.019268340962415923,-0.008456687300250652,-0.01086981467730452,-0.011552555061567084,-0.016062337513346167,-0.022164067057064987
2018-04-09,-0.009884710196445459,0.007108340492465285,0.003973071143618994,-0.0020514367754044457,0.0007317566944783984,0.0063607462345805135,0.0033309949675928295
2018-04-10,0.0,-0.003594126630303454,0.03225240987025829,0.0036438694127277726,0.00018290109899628907,0.016429299216839756,0.01658859899631407
2018-04-11,-0.006644462580554701,-0.01929489123133907,-0.00179295997827336,0.0,-0.006603221606022015,-0.0035146477951541713,-0.005540685772461173
2018-04-12,0.013245275812542423,-0.009931676701775138,-0.0043686214394747635,0.0009087279749452134,-0.003410162149055024,0.0063954568515447955,0.008216898697657044
2018-04-13,-0.00991738568190202,-0.0038093284248968185,-0.0025788521318298157,0.010843030414271539,0.00873301167598221,-0.0007779916852699883,-0.0028907998267066345
2018-04-16,0.016474913739783197,-0.004590838806825914,0.011296651413817041,0.0038120440440616702,0.006022191985638827,0.0022540108250018813,0.008076336801563068
2018-04-17,0.028987454104079442,0.022651775361228175,0.001275993628721564,0.004466290367913779,-0.009598252304930914,0.004028395142115965,0.01060507161386675
2018-04-18,0.0063287917901464425,0.0027139541688277085,-0.007422018603159255,-0.008278334411975572,-0.01751261667305468,-0.002089634260437,0.0008310204075532664
2018-04-19,-0.00315925561956019,-0.01829716883045335,-0.03025002910478943,-0.004503724245199762,-0.013267746606749906,-0.004503851709120579,-0.00574258179583257
2018-04-20,0.012578564299291113,-0.01071785339397621,-0.004245152944946208,-0.012947105071143942,-0.02970663728486716,0.005742503978491873,-0.008573177188352708
2018-04-23,-0.003129657094850089,-0.008405422915200855,0.0021250012879244656,0.005471928534858222,0.0009755954151347593,-0.0012386522693712786,5.623011118453955e-05
2018-04-24,0.018634244444553513,-0.005740681480236076,0.006347245389966471,-0.020908375673092575,-0.01117531083873311,0.003094078247134773,-0.013470888006475166
2018-04-25,0.009188184501965742,0.007291962468526227,0.004734616803524651,-0.014971121830820748,-0.0028631710057072024,0.012511238403508994,0.0018353742328236348
2018-04-26,-0.0468105124129318,-0.012967667678306684,0.0036669058623445033,0.00751351961727831,0.020645554902968648,0.0038826799154833367,0.010380144187376953
2018-04-27,0.009539176261971353,-0.020322888236722816,-0.015810819135833737,0.013014302917772926,-0.01512456961118892,-0.00456936857316079,0.001113005271363815
2018-04-30,0.012578564299291113,0.0023009111296908814,-0.024466816544986558,-0.002311550257732299,-0.007599312691939051,-0.00022916483765553512,-0.008221192548921247
2018-05-01,,-0.00012316055461509667,-0.008748100593934254,-0.014452513928068187,-0.018093964960297897,-7.616594534416146e-05,0.0025458021710273926
2018-05-02,,-0.030272150625079902,-0.006058775377178565,-0.012522554893701968,-0.019353011410086378,-0.006050206434738666,-0.007231951201402355
2018-05-03,0.0,0.020282941032797548,-0.0013821589058188037,-0.004049514722184535,0.0037983421786884726,-0.0005379041325142512,-0.002256217585064076
2018-05-04,-0.012578564299291198,0.008451033836926585,0.015372442014143787,0.011157165493243994,0.01414125324017669,0.009256984322978853,0.012729810028334959
2018-05-07,,0.002050346223668718,-0.010130453827394683,-0.005207269570843559,-0.007707246329318924,0.0014455961168168578,0.003451980554989958
2018-05-08,,0.006126462190585032,-0.0002750001981617873,-0.007861747041218205,-0.014767731216655271,-0.004649128531644849,-0.0002656766117338216
2018-05-09,-0.016155377201789792,-0.0031607004691726775,-0.0016531416039966694,-0.0007174880346298855,-0.006530559200260612,0.04035124988789848,0.009635647934868785
2018-05-10,-0.009820271200346307,-0.02617447781452644,0.024242326874668926,0.009528073096235037,0.011477202677449547,0.015290821688453884,0.009327011603848374
2018-05-11,0.0065575280578811885,-0.003570150385920226,-0.007292387727305748,-0.0009488380203868793,0.001643560762118149,-0.002314909692713319,0.001706139270961256
2018-05-14,-0.01315834128986884,0.004408533346011891,-0.007073371033127979,-0.002375806027475564,-0.002878057794763199,0.0005067010842704738,0.0008830995101265589
2018-05-15,-0.01669474726765275,-0.019993367491787803,0.008427822800095448,-0.007640781194420053,-0.0036091567886309254,-0.013996261343469622,-0.006865655043990812
2018-05-16,0.013378174817738269,0.0036264004667424647,0.029080197186420232,-0.0040832968301663065,0.004021269628844218,0.008261119207451985,0.004052339847514407
2018-05-17,-0.00666668033597169,0.005203064190579818,0.0070743353293757204,0.01788984630182827,0.007482598435886595,-0.004962968183954962,-0.0008562387886101002
2018-05-18,0.0033387902053312484,-0.0012714649409526434,-0.013405293500126265,-0.0028411242293795713,-0.004195782741605219,-0.00462039567088773,-0.0026356652545503154
2018-05-21,-0.006689190240945708,-0.00106127897544642,0.007907312863453421,0.0054378329487782305,0.02030297795529645,0.003009235458273035,0.007359604547933372
2018-05-22,,0.00771977931134727,0.004975949021514804,-0.003779529666150491,0.004211890433947895,-0.005216982044360209,-0.0031406885928751895
2018-05-23,,-0.0016870140611500478,-0.011296903635633269,0.003544157250034412,0.005190219696934711,-0.006726417083372181,0.0032431452068987514
2018-05-24,-0.03163722057335447,0.010287851659271041,0.014166006743062155,-0.001888833126546156,-0.002691396569262394,-0.017885206632201712,-0.0020252629577225518
2018-05-25,-0.007168402711328377,-0.010815536644497544,-0.0023470714922706327,0.0018888331265461877,0.0012965667663173844,-0.018903014997697684,-0.002360003054185922
2018-05-28,-0.003603639845254656,,,,,,
2018-05-29,0.010772042556583013,,,,,,
2018-05-30,-0.018018439717300314,0.0194117800011891,0.011966538058572562,0.010488482082233592,0.007194446689273909,0.004174507553080045,0.012615875351923801
2018-05-31,0.010850037005971883,-0.0059658418866614885,0.1210968039995534,-0.003018347284999934,-0.006482679349669107,0.005799352894001863,-0.006903333243434208
2018-06-01,0.007168402711328405,-0.0018180513621740683,0.0116410760090404,0.002786675184853993,0.0,0.025765015744353612,0.01079079970923988
2018-06-04,0.021202176023015985,0.030155112291016247,0.01333664880775479,0.008544397037717682,-0.001297549037327619,0.02236625805255667,0.004469594898352221
2018-06-05,-0.0035025142874570057,-0.011910846581445644,-0.008487134277766118,-0.008776352280343914,0.0008984066461130073,-0.006125328271614703,0.0007023462695756739
2018-06-06,,-0.002842011097424906,0.011907472641720622,0.008085793701386366,0.006167699613088561,0.020102074572983908,0.008530900637311972
2018-06-07,,-0.009638348707133067,0.010507414593930276,-0.0004601061216545723,0.0032678385237098337,0.002054304463839679,-0.0007144436219845289
2018-06-08,-0.010582054969816899,0.007527800586294963,0.005438414333191172,0.011672256503577852,0.013061408751304264,-0.0017604967495573394,0.0031210289077513477
2018-06-11,-0.01069523358698327,0.02359197280478217,0.013468077684762488,0.0040870556302079995,0.007000805005782909,0.0068774009230239755,0.0010681370069403208
2018-06-12,0.007142800286915168,0.0074007580818584075,-0.015051354350081335,0.006324761201202654,0.012229816168789438,-0.019139247587587182,0.0017418672787038484
2018-06-13,,0.0015348701144221584,0.006092788140539923,-0.00519252566130575,0.007532868139937792,0.006371400895646121,-0.004034254541411457
2018-06-14,,-0.004406521669578407,-0.019995906456839803,-0.0048070433538267504,-0.0013306240810889642,0.0002213968411620481,0.002468500522503687
2018-06-15,-0.00743480931171509,0.011842927512768622,0.007773175744933695,0.012314843349914825,0.02331589117702695,0.0027279601063686667,-0.00101762031549408
2018-06-18,0.0074348093117151985,-0.01978237647573836,0.0009104454543958252,-0.013003743521410264,-0.020940675962376837,0.005214502962475858,-0.002128391180886516
2018-06-19,-0.026268085837462225,-0.0018650680058276182,-0.03921166654620358,0.0011475286420079612,0.00548878668917949,-0.002713887966788842,-0.004031517951391294
2018-06-20,-0.015325785806834349,0.003933403197663738,-0.007362404076284862,-0.007828721720796166,-0.0014167987732736716,-0.013160176692397527,0.001710690224112545
2018-06-21,-0.01949397113767306,0.0050491883262721625,-0.0199839923936338,-0.003937407910005283,0.013424314872707017,-0.012807694755160828,-0.006365728843220268
2018-06-22,0.023347412575639503,0.018735881836446894,0.003156504122647969,0.003706204334568106,0.010481964592799785,-0.012592120019393123,0.0018602032551338834
2018-06-25,-0.007721952960066135,-0.013200884319787425,-0.015636938932522902,0.007601296825721043,0.0057049713553013,-0.018723628315971,-0.013819722967770653
2018-06-26,0.00386851152209973,0.0059112843603447715,0.00980163787328654,-0.005753389514643269,-0.00866226809905588,0.004965468565589011,0.0022021505056967236
2018-06-27,-0.015564491614486095,-0.006831570765035631,-0.01572917541124617,-0.006018624817006346,0.002034149059431751,-0.01638628000153273,-0.008641586313141117
2018-06-28,-0.011928708593196533,0.014524720312748292,0.0037090777307989425,0.009244776033242273,0.0037794744661818714,0.015457023951336928,0.006159680019031288
2018-06-29,0.003992095354225064,0.015905837840150892,-0.02802964787356052,0.00893143356286386,0.001746853185140907,-0.002171556765042038,0.0007581158875170001
2018-07-02,-0.01606456332271788,-0.0015891539794217373,0.002534647848355448,-0.0025111968659574497,0.006044073351059821,-0.006855047024168937,0.003063260834293461
2018-07-03,-0.012220166928067345,0.008216644466532102,-0.013508495670985157,0.005470776430986679,-0.006687209860749653,-0.004151546370065254,-0.004959629280533677
2018-07-04,-0.020704623089305145,,,,,,
2018-07-05,0.01659785102562341,,,,,,
2018-07-06,0.01632693899174919,0.01376921722631562,-0.007885212478473748,-0.00044817969747407144,9.115690973211392e-05,0.0037890739794823073,0.00844551760058016
2018-07-09,0.008064708286433613,-0.0002888885953975962,0.01495419145455487,-0.0053911222913712,-0.016565772734386815,0.008760411467929998,0.008784290785341506
2018-07-10,-0.008064708286433655,0.0007703226350873802,0.008517118490871676,0.012756490350391588,0.046507453008873816,-0.011001249659297413,0.003467249318821859
2018-07-11,-0.016326938991749133,-0.008021385668325647,-0.019902594299150745,-0.004010657410960237,-0.0031051666181697293,-0.009404477405315883,-0.007119486371916502
2018-07-12,0.012269978041682334,0.003390523682541478,-0.0007632165799846904,-0.002682955383665341,-0.009015008377246071,0.0087078508361707,0.0087109915801719
2018-07-13,-0.004073059591028858,0.004919694228578888,0.0022891028862030757,0.0015659319637846949,0.01034705003958581,0.002551336772601318,0.0010786555366086475
2018-07-16,0.028170722642531197,-0.004822988453570895,0.005068128106876514,-0.00022355449102296114,0.0023931428221991573,0.0,-0.0010286646208985384
2018-07-17,0.003960474460253712,-0.006499633397008856,0.011810820464402566,0.011558093790432818,0.016854190031801063,0.014868531732217288,0.003965824343443431
2018-07-18,-0.01996069250053615,-0.002631077366656861,-0.00400534974969876,-0.002877268035436095,-0.0004353543205261677,0.0048568729537176855,0.0021581820767374625
2018-07-19,0.0,0.010193690820951326,-0.014144954455942643,-0.00022134557007235433,0.008152638118674862,-0.0024252436136668024,-0.003960826849049506
2018-07-20,0.023905378572345173,0.010473433009401905,0.0022871035148280473,0.0037614245132585,0.002070987504409854,0.00022758173505735694,-0.0009488977712743676
2018-07-23,0.01949382937722553,0.002577245648360529,-0.0033048507666691286,-0.007314540817447179,-0.014062886637638543,-0.0005315001529929601,0.0018363623432315187
2018-07-24,0.0,0.0007623940693178409,0.005332930676826335,0.006872932324456775,0.0030551108581619605,0.006432044212162419,0.004769518886053562
2018-07-25,0.007692246804344499,0.016627840910772042,-0.047460886176499247,0.018172367772558613,0.004087996380649272,-0.002794651913288549,0.009060435070372713
2018-07-26,-0.003838686817402736,-0.05152512774819816,-0.024195051214653172,0.003249447772257857,-0.001824397001222253,0.008435526472154623,-0.00303690274886736
2018-07-27,-0.0038535599869418194,0.0037416050289444166,0.021002584201989367,-0.0006492575657331996,-0.00628072498736554,0.008439568088033299,-0.006583834644845457
2018-07-30,0.007692246804344499,-0.004728488451731559,0.0037230810639767497,0.0004324256968971838,-0.0008752997673431535,0.0038599527919420174,-0.0057707893155871425
2018-07-31,-0.0076922468043445595,0.004433580247087636,0.006351046883126489,0.008615363572425176,0.007156024754708768,-0.0235376009759302,0.004872837219303094
2018-08-01,-0.007752039409371887,-0.005520551053727257,-0.020520224763637563,-0.005160137031637047,-0.012160576997351558,-0.0015940262475119655,-0.0010408930675711336
2018-08-02,-0.023623089278634032,-0.007242455619562711,-0.014100304981186905,-0.004537225456128156,0.009461264197482104,-0.004416135495930543,0.0049143495822087
2018-08-03,-0.012024079261564801,0.0020889128147451195,0.029861115305358323,0.009482764876124773,0.01394031907404005,0.0019060120550800788,0.004633432065347987
2018-08-06,0.004024224225280453,-0.006579655883913177,-0.0034518394759877344,0.0006434445539121893,0.009243434461846204,-0.021945264039812732,0.003531982650801626
2018-08-07,0.004007759682059007,0.007672154187348824,-0.0005317163926601971,-0.0032207384315293304,-0.027290409309059377,0.0005448537716961361,0.0028202017464857678
2018-08-08,0.019802909789008144,-0.012183328428311069,0.0021261961304414284,-0.007554722857861154,-0.006411571428966244,-0.011189048358529666,-0.00026241439329510795
2018-08-09,-0.011834675656065465,0.001806929820048308,-0.003990519154015614,0.004323683511266459,0.001848735564822347,-0.012988147832470329,-0.0014427146770399496
2018-08-10,0.0,-0.0334484833279284,-0.02483268279325105,-0.00584237354152361,-0.007326616937052246,-0.009772611595236097,-0.007139312263244473
2018-08-13,-0.020040702101435503,-0.0003111806646331709,-0.01182137230182755,-0.005440078821691569,0.0013278000669021375,-0.005893539865806038,-0.004014037665980266
2018-08-14,-0.004056960950066821,0.013497580057222496,0.0011055876319926606,0.0013084230304452314,0.0007078706739302354,-0.0004049297232712899,0.006368930016417421
2018-08-15,,0.006833749602486537,-0.007208325413455555,0.004131655791246356,0.0030898153628356496,-0.013045395256716668,-0.007631208581378815
2018-08-16,,0.0009143023098873811,0.009691319337124443,0.003033698298159571,0.007027098504517428,0.007440510796257256,0.00788821455263811
2018-08-17,0.0,0.01401730237677646,0.0024773154198622564,0.008188201037346294,0.006195069453586032,0.004226910543462074,0.003317606375263089
2018-08-20,0.00787420119581178,-0.004617040850874793,0.010662927736125575,0.0027856981118007003,-0.0010445442730876236,-8.122175119975558e-05,0.002425074902128281
2018-08-21,-0.01581081443478303,0.008215644677911957,0.00379988778797472,-0.010973899149147025,-0.009800580239351256,-0.005694777658642154,0.002066399954627058
2018-08-22,0.0039761387787177055,-0.01761590620381373,-0.021358231363398324,-0.006293915462802184,-0.013099731745746204,0.009500256825086564,-0.0003982310542435054
2018-08-23,-0.011975993815001905,-0.0068272182881490085,-0.012813950830309407,-0.005020021301351651,-0.0027657810281951057,-0.012032591697097849,-0.0016926939235351061
2018-08-24,0.0,0.004183284459384861,0.007819055117923562,-0.001532904136297173,0.0019636171237329635,0.004732812638561792,0.006179705928285333
2018-08-27,-0.004024224225280603,0.004774468642922159,0.04726584519465689,0.0013138317257672695,0.0023155504149871627,0.029122495650648037,0.007641141407110444
2018-08-28,0.008031983907339595,-0.0070170012025706045,-0.00986569832980299,-0.007028430670279048,-0.01109233737463377,-0.0031678805162316808,0.00026924207759835515
2018-08-29,-0.008031983907339588,-0.0004082340016968689,-0.0053733742071459195,-0.0008815507257956833,0.007884503311819857,0.011122137907078953,0.005685242468911669
2018-08-30,-0.004040484061153124,-0.02438899083555831,-0.020686602770173458,-0.008418682922887744,-0.000803436599776247,-0.017567949878297757,-0.004440172044458075
2018-08-31,0.012072467968492786,-0.02499862269614874,-0.00856232009460417,-0.008489719342834766,0.0004465117469195279,-0.00946497385943494,0.00013446846730492032
2018-09-03,0.0,,,,,,
2018-09-04,0.011928708593196592,,,,,,
2018-09-05,0.019570048072480476,-0.011593621787421727,-0.00874567213782236,0.013756378741803105,0.018919214723459133,-0.012702191334761038,-0.002807062801265972
2018-09-06,0.03802753914247894,-0.0073979811120099504,-0.015298274190078781,0.008557875730922591,0.011591036879556978,-0.0023268898418718834,-0.0036589910366181576
2018-09-07,-0.00749057361783282,-0.005445433042240172,-0.013765464733699592,-0.0010932003891972713,-0.00671866084378933,-0.0074325773608821125,-0.002215797895014484
2018-09-10,-0.015152003934069293,0.001558783864927963,-0.0011801018299776231,0.007409153704702955,0.00733520694970854,-0.001006177834294636,0.0018960282146933797
2018-09-11,-0.02316724660802761,-0.020911276121793776,-0.00295661302380519,-0.0008686583459800159,-0.002115617392804881,0.006189705853792449,0.003732865689715426
2018-09-12,0.011650752394004876,0.0012488433021928896,0.008550980281837393,0.004769158233009482,0.004578093593763444,-8.334422423023963e-05,0.0003566083498935524
2018-09-13,-0.007752039409371887,0.013748314526920031,0.005562625074444702,-0.00043678664642678584,0.009963276028859153,0.016951674333880014,0.005268352159391334
2018-09-14,0.00775203940937184,-0.0006717011172064376,0.011033824839531947,0.003485052149925586,-0.003658984199158451,0.0026202163338260196,0.00027544390076635555
2018-09-17,-0.007752039409371887,0.00569536959516566,0.011199014038008326,0.007149769018044958,0.00721820862583167,0.0016345122146377605,-0.005585290991549207
2018-09-18,-0.003898712984632968,0.004001034124117335,0.0022816826902051163,-0.00845501577951437,-0.012381502272784152,0.020605863747389114,0.0053546528676252396
2018-09-19,-0.011787763055029682,-0.002554299631634377,0.017789528321211084,0.0006525719266790342,-0.0018439442753466287,0.00231674115274963,0.0012524880331719868
2018-09-20,0.019570048072480476,0.02199584603718425,0.009748362187014852,0.014687300954661118,0.012664689550634886,-0.002956863955776999,0.00781001418532906
2018-09-21,0.0,0.001195758731323842,-0.021289434501017526,-0.0012871487056991238,-0.002694442224221887,-0.001842325518450018,-0.00036860093700704873
2018-09-24,,-0.016762703571024246,-0.016269939086075498,-0.011009231596865548,-0.023242768610338332,-0.005789714886062964,-0.003521882314013849
2018-09-25,,0.0,-0.03514258270054859,-0.008501302705687984,-0.0026753901444813884,0.0070716886570754795,-0.001305948493117946
2018-09-26,,-0.009324273798215887,0.005350627860968637,0.003714473328554875,-0.004206310555376216,0.0020798830425220382,-0.003294699681159941
2018-09-27,,-0.017663641418142327,-0.0017803844876869033,0.003483428361695162,-0.004044002066676872,0.009903640698284335,0.0027594762285113967
2018-09-28,-0.0076922468043445595,-0.006034067628696801,0.0,0.003904801813392002,0.006730741928331958,-0.0020888164633187573,-6.870144138179519e-06
2018-10-01,-0.0038684673765540397,-0.011831826491136746,0.015618240591108643,0.0008653164862013554,-0.009797254359111496,0.003772537339645087,0.0036344923421985013
2018-10-02,-0.003883572032817837,-0.008354847657683623,-0.026668220263718477,0.00603863935884805,-0.018138542257809417,0.007105100701987966,-0.0003967689102790794
2018-10-03,,0.02064328659195081,0.02080322448180292,-0.01385611979687912,-0.011098668189810004,-0.02423540684512073,0.0007112667367183715
2018-10-04,,-0.006297638271124887,0.007326056029195467,-0.000436066223257545,-0.008499690160419184,-0.0042469460613557405,-0.008203035421009815
2018-10-05,0.0,-0.0047205136942927075,-0.003802609150298701,0.000654028047953246,-0.0011262643216568239,-0.005581214384059751,-0.0055433145846221455
2018-10-08,-0.02028487521450105,0.004720513694292652,0.003802609150298759,0.01299299197168278,0.01583781073634054,0.0018091549042230893,-0.000395194708349698
2018-10-09,,-0.005413152154909373,-0.04784158133820237,-0.0019384183411650542,-0.0006472152962207718,-0.014898428407314316,-0.0014189098341542976
2018-10-10,,-0.01841525238644574,-0.0015327136134936508,-0.01542307500702577,-0.007240427139265791,-0.018006388652169972,-0.03341638904260208
2018-10-11,-0.033901289918154914,-0.007912997749342973,-0.00893539424074684,-0.02303041395078783,-0.02146963211742713,-0.008783587447793846,-0.02078757997254153
2018-10-12,-0.00431983111692836,0.0,-0.01622513754675094,0.0008954576452460806,0.0020918656385550166,8.563970125140641e-05,0.014106235408376288
2018-10-15,-0.01746783440953792,0.0034326457683293413,0.010327131521120953,0.005134650279333131,0.003318748102811185,-0.009725251426874163,-0.005922482291300048
2018-10-16,0.02608873619162966,0.009408683696662128,0.006825998311868383,0.012832040240358021,0.016524846982464102,0.02062809813253617,0.02126782803490127
2018-10-17,0.01702173193751711,-0.020339036007793736,-0.012758930876672549,0.008100689999569996,0.00853057181302097,-0.002629461105477885,-0.0002526942626648821
2018-10-18,-0.021322802602680452,-0.0034703336980471036,-0.026981296737238262,-0.005466271135636144,-0.0035145815682474015,-0.009044562467525871,-0.014496490575341185
2018-10-19,-0.00431983111692836,0.005260470322021134,0.003853637034381556,0.01566283218942076,0.02163038102834263,-0.0030042371124743695,-0.00036123513527937907
2018-10-22,0.021413953916443833,-0.004781044217725512,0.004476972312104291,-0.007800856611191877,-0.008102446127504069,0.006683195643485964,-0.004308797096477868
2018-10-23,-0.012793052134352043,-0.014968883281845544,0.02458361995555661,0.008448110814469957,0.006650630463198703,0.00740201401530973,-0.005527076180694164
2018-10-24,0.004282561164045663,0.0003646285579812872,-0.04978706696020435,0.007949377574494394,0.025372375857171628,-0.029244236286561604,-0.03135077386114084
2018-10-25,-0.061693504735429984,-0.09842739687711931,0.04604421299644576,-0.004718957696585053,-0.0009747106630532141,0.018077713378823242,0.018453717978714167
2018-10-26,-0.0183491880231481,-0.006190352467923553,0.020108967843629214,-0.01276689129375462,-0.021496227279696734,0.005470877332556347,-0.017479138010003174
2018-10-29,-0.018692283005989355,0.010474054131720366,0.014594295392255542,0.011691383266172441,0.021850887906788772,-0.017110606701908667,-0.00658120829519397
2018-10-30,0.014052012571478069,-0.006970305616877086,0.012299618935130173,0.02487097005915691,0.007765023073656259,0.008032892443901977,0.015545322971877482
2018-10-31,-0.00934623097650818,-0.0048544312764490435,0.08703622922082556,0.005234847162696206,-0.012293126308408335,0.006944240282173774,0.010792878754571094
2018-11-01,0.0186053391510439,0.03584623444698579,-0.0032851483491773787,-0.0029282719857698985,-0.0077714769266507755,0.005537808616875167,0.010502498868529206
2018-11-02,0.013730350283123695,-0.0022196507095489705,-0.01213813981607042,0.005431658551609785,-0.0030538434588551987,-0.01921485753588922,-0.006336721055879746
2018-11-05,-0.05608972108669226,-0.007082833449557843,0.006087545110189457,0.014272536364989478,0.02855292693464272,-0.00043333058893343425,0.0055846936971941175
2018-11-06,0.03310026262903304,-0.0006585394025453578,0.005776402745944585,0.008589242276097362,0.007143221255913482,0.018628011559451593,0.0062397877444086355
2018-11-07,0.0,0.00943919587878434,0.011453658524591312,0.005279842111953394,0.0034659219729813624,0.014606371732439127,0.020987078560774024
2018-11-08,-0.018780043287624396,-0.026844641338531143,-0.008441210025940034,-0.0008103574501792301,0.003884635500065587,-0.017075697960002755,-0.002512068988491457
2018-11-09,-0.004750590943769246,0.00013391676965574456,-0.02407723252354652,0.007070393351222211,0.012161030916682518,-0.00042656816820293666,-0.00924158591537243
2018-11-12,-0.028987360901822558,-0.019213104899386338,-0.0002804632082150294,0.0038167016131425992,-0.004350802200260159,-0.014346480551011103,-0.019898150985467496
2018-11-13,0.0048896658273374855,0.00013649614649422303,0.006702418110273116,-0.00020052140506456368,0.0014522880563152085,-0.003988232063580637,-0.0014830188221738934
2018-11-14,-0.009804080105183313,0.045265233192592576,-0.019674813330013523,-0.002007428645567472,-0.004191692260642016,0.015259481148973542,-0.007596188818450545
2018-11-15,0.014670563311561797,0.008190910866814383,0.009042043622664158,-0.0004018720274897319,0.0012851716963405485,0.0010262832570226703,0.01053803274264194
2018-11-16,0.0,0.020759171431390874,0.005609934987906988,0.008607424346616828,0.013183040011941058,-0.00034213241664061316,0.002220837537483983
2018-11-19,-0.014670563311561828,-0.006999521663717576,-0.001959887500036467,0.006754194816074917,0.005561470589038916,0.0015377849560366259,-0.016783161235721437
2018-11-20,-0.040206219985704304,-0.028631001933095264,-0.01667398411519624,-0.022625629431218833,-0.025617587147643298,0.0012798638374022946,-0.018317995556585972
2018-11-21,0.0030721486372177324,0.005896892381629562,0.01302393662732576,-0.013250585831209897,-0.006226079351411853,0.016572585033220167,0.0030386693107672014
2018-11-22,-0.0524776940601799,,,,,,
2018-11-23,0.00965127804243955,,,,,,
2018-11-26,0.014830943279918858,0.012396483301418673,0.046759944619125436,-0.00306475788458594,0.003891607845898886,0.012947197746470527,0.015412975845366429
2018-11-27,0.06019137734686759,-0.0025886432097724445,-0.02582871845822629,0.010179312652654225,0.0049934008808559536,-0.0022287407857728794,0.003256384364612641
2018-11-28,0.0,0.01398047648059217,0.00706143843986703,0.006863364379163482,0.017536885747600126,0.004781916475226889,0.022714051303113776
2018-11-29,-0.00995020230689284,0.0022036416068048465,-0.005155335852919464,-0.0069176172290637454,-0.001943097820598639,0.0016436181200455736,-0.002185494545393453
2018-11-30,0.06765848408029361,-0.00480208037289279,0.031859361859296276,0.028579101437705874,0.03055926244394989,-0.002466366723979761,0.008137547716617559
2018-12-03,0.01392140255163747,-0.012962291011830935,0.013088997768933285,-0.01418770120899045,-0.02457376255187101,0.016572376607035883,0.010882001794362436
2018-12-04,-0.00925910817453563,-0.021446132773652284,-0.051498601768128906,-0.0022159647859771683,-0.009967136907501433,-0.021523809272402213,-0.03290022883855611
2018-12-05,0.0,,,,,,
2018-12-06,0.0275245072403158,,,,,,
2018-12-07,0.00451448060313061,-0.020974042016042034,-0.02869948084206753,-0.00589035822037995,-0.008768198957650472,-0.015384745220309599,-0.02359633545632224
2018-12-10,-0.004514480603130555,-0.003113337126009954,-0.007813625038916696,0.0030512374651472975,0.00318955856965702,0.008052830691270486,0.0017606032229163218
2018-12-11,0.00900904784729567,-0.0025547970923110726,0.007813625038916769,0.006073809849955505,0.009422651223864745,-0.004391995440961394,-0.00035640967530566644
2018-12-12,0.06088857887894916,0.01718843774921923,0.028139137997335906,-0.006480071337365163,-0.0024754046704013777,0.012216371121458566,0.005404871010351243
2018-12-13,0.0,-0.004059261944986952,-0.0161045846723027,0.005066200429450723,0.011472034746026089,-0.009148296179586922,-0.00019995031241503897
2018-12-14,-0.017021731937517052,-0.022696025181434567,-0.0002848403433539681,-0.002631201295930337,-0.0378864850591723,-0.005645940247726046,-0.019271212268699812
2018-12-17,0.0,-0.021315766665043052,-0.012615012537195058,-0.020682741112451455,-0.009522771400307672,-0.004590194665160052,-0.020992284828576645
2018-12-18,0.012793052134352011,0.007592437497657851,0.006900679918000708,-0.000206485738721813,-0.009167779557807187,0.003840472396882441,8.639685378910398e-05
2018-12-19,0.041499722250032615,0.0007270764888401269,0.0008592313321275449,-0.008730359100245333,-0.0162252053850906,-0.005263397850076133,-0.015515459175936802
2018-12-20,-0.012269978041682412,-0.014936754970806152,-0.01907582275444826,-0.007544138553064254,0.001543874189143488,-0.007820625536322894,-0.015897809484103957
2018-12-21,0.00819691845065358,-0.020720619733064757,-0.03836884643527497,0.0006309072652403943,-0.007194105932935393,-0.03864339482437417,-0.02080312049854063
2018-12-24,0.0040730595910289085,-0.014565593399992322,-0.018669393642592604,-0.03443093590589275,-0.031471540045946496,-0.019046671344935855,-0.02748657287831441
2018-12-26,-0.024692555131393137,0.022666426682981307,0.03491032060749505,0.021098799232072817,0.02145988324915095,0.01693844942136316,0.04840317767080503
2018-12-27,0.012739307415271812,-0.009457235947666839,0.01304094643373423,0.012490703209490504,0.010011656796795543,0.015357982830170338,0.008526228968816992
2018-12-28,0.0,-0.006506926358440209,-0.001178470492255204,-0.006967237396676825,0.008554184750765241,0.007419444717516004,-0.0012423539102312722
2018-12-31,,-0.0009112689980917554,-0.01395269717731872,0.0031731209315788416,0.001086679968979956,-0.0022372318092139824,0.008456625862206874
2019-01-02,,0.0015184500191237286,0.005663850119535495,-0.008909598692517132,-0.010921108061699653,0.0017214275976134839,0.0012676930626261643
2019-01-03,0.021693186264728773,0.007707937868356528,-0.04219785174184236,-0.006198718381358532,-0.009377546678860269,-0.014117032856953647,-0.02506833181891511
2019-01-04,0.025424880214968668,0.03941160600194279,0.03293984937077068,0.01974386700330296,0.020298654740559904,0.0433552232817812,0.03375939906034647
2019-01-07,0.008333283016623103,0.0044771123024721395,0.030435242954876596,-0.0131188619224304,-0.008635809884517986,0.012862756647908308,0.006985975995229761
2019-01-08,-0.008333283016623004,0.01926564765070513,0.013011508857047275,0.011225249465440706,0.009540695086087594,0.008456815606283391,0.009648587336497393
2019-01-09,0.028867895101054347,-0.007234611595278332,0.010573098399947722,-0.019352103526428795,-0.028341409640046247,0.004974957901455421,0.004089671332822161
2019-01-10,0.0,0.007375909396838282,-0.012873897806571923,0.010679330716873145,0.006121467813805073,0.012691677252945356,0.004508241374462229
2019-01-11,0.0,0.041116172134130276,0.06816720799523496,0.005719973657727193,9.202622430366191e-05,0.004648314361989424,-0.0001463085444824661
2019-01-14,-0.01227003111307613,-0.016409872448797956,0.01282723051749077,-0.004022003094984045,-0.007796466325205589,0.002555081529211842,-0.00527139458724949
2019-01-15,0.04820226491733556,-0.0001379081777091461,-0.0029247228967952347,0.008868414703802343,0.015441033151167226,0.007072844453175466,0.010664618879761001
2019-01-16,0.007812525717280012,-0.028249545716529073,0.0031902033806908855,-0.01375841153033611,-0.0059817360008352595,-0.0049218331562196705,0.0022195205290883643
2019-01-17,0.007751805340416594,0.020775777510975892,0.01554121411657448,0.0029793977373716012,0.008089888229269145,-0.00590636716946226,0.007562730706235749
2019-01-18,0.011516462521372664,0.02293572565899597,0.009106164506502595,0.011619537245107453,0.007752227290528185,0.0034363365173582347,0.01309691283985578
2019-01-21,-0.031010265581989452,,,,,,
2019-01-22,0.003929472002920386,,,,,,
2019-01-23,0.011695820975434553,0.005562915994916028,-0.012661983906596296,0.011459947409417663,0.007432983144341245,-0.009184429677688016,0.002200489919450871
2019-01-24,0.0077221124464052805,0.004589426173852506,0.01292394492893263,-0.012088567518038138,-0.011170296375082158,0.00293507148539623,0.001374780110977555
2019-01-25,-0.011605407704559945,0.008181902918226003,0.012500297369084812,-0.0067331069915998396,-0.0013708569272894778,0.007219650651467561,0.008452867700518018
2019-01-28,-0.015686729306912242,-0.015888169234337498,-0.004669278335921931,-0.00423087019174607,-0.00485871751305426,-0.010073156122638078,-0.007877775848708898
2019-01-29,0.011787816733754754,0.004198615142643095,0.00025995892751715446,0.004864142794008435,0.0016527539056361916,-0.0017161385008560234,-0.0014573079351148383
2019-01-30,0.01165071791357414,0.012757836124094053,0.015987958685887323,0.00965797699852615,0.016559449171838467,0.006277891224453008,0.015429609891560045
2019-01-31,0.0,0.019818266347936413,-0.001792437826013806,0.005625621960148806,0.016555953382661404,0.001055962808057791,0.008560648809767757
2019-02-01,0.0,0.005219151228279241,-0.006169698252626648,0.01177334658834393,-0.004269275523852546,-0.009544494996357494,0.0008982065848071141
2019-02-04,,0.007390739638366543,0.00386057378715078,0.011230136350201396,0.007990159426135787,0.007350098742887386,0.006753381117479676
2019-02-05,,0.018557986379572153,0.009459465385837182,0.0002032724521715445,-0.0016816037765760867,0.004627183872215917,0.0046973704373502
2019-02-06,,-0.007126499270921591,0.015402201675268604,0.0,0.0013277806478271261,-0.019794650992684893,-0.0022269157175087858
2019-02-07,,-0.018041770242419073,-0.03208021317881142,0.003242555992205093,0.000353823128748836,-0.024587224973058406,-0.009401193202230233
2019-02-08,-0.003976182595339126,-0.009800545342428437,0.0012929543829293259,0.001617587263881462,-0.0006193586569074828,-0.006796387685347935,0.0006759725660127
2019-02-11,0.0158108213462872,0.0028847147892731148,-0.0018103003121340837,0.0022199308607617698,-0.00044231444546595364,-0.0013648380757010044,0.0007088518038183947
2019-02-12,0.007812525717280012,-0.00026185243944015096,0.010301460226816854,0.0010072207672419044,0.0072324586209996395,0.022201487802960152,0.012807852902838604
2019-02-13,-0.03162313100118012,0.01804180222133644,-0.0007689903295405069,0.0026144622232551116,0.0028956052405940775,-0.0012530897697218936,0.0030194315937109753
2019-02-14,-0.02439165963343537,-0.023953086803028288,-0.002824521432472369,-0.08812576729985248,-0.013497771862068027,-0.0031814585254981795,-0.0026551633836986214
2019-02-15,-0.004123752597647221,0.02330981464431094,0.005129505873595788,-0.007707000686866198,0.029061461675976192,0.015807330984700056,0.010820004664957538
2019-02-18,-0.004140828373708141,,,,,,
2019-02-19,-0.008333283016623004,,,,,,
2019-02-20,-0.004192999939885131,0.0073647360155964965,0.010568923240858048,0.006004819417525479,-0.0008627725847070296,0.010643750835927567,0.00177553356074094
2019-02-21,0.008368321873809361,-0.0023198633476286474,-0.008294807230070965,0.016711138417011516,0.0023284328045860368,-0.012703643647404908,-0.0035326693258413886
2019-02-22,0.008298789456406835,-0.032256477595893514,0.009295594952062397,-0.012728113041053257,0.005668532434366206,0.004772473369186573,0.006390638694710404
2019-02-25,0.0,-0.002401804463836888,0.003743980449166304,-0.00753683618050473,-0.006013515740009813,0.0048316398538580186,0.0012311044497517107
2019-02-26,0.012320673097161049,0.004531657709378458,-0.0007475080841190772,-0.005578844445396948,-0.0007757259099939839,0.0066765146324456485,-0.0007907696728402984
2019-02-27,0.0517011653932563,-0.006403445290336325,-0.0027466679826201757,0.005578844445397038,-0.005187053705142332,-0.0074119354595234355,-0.0005441974362980739
2019-02-28,-0.019570024565066898,0.04501023437099653,-0.01308509228301129,0.008861064560853664,0.0104137104242791,-0.01051971211998942,-0.002829507598950442
2019-03-01,,0.047473287950407096,0.0012655769377348026,0.0008818457109794829,0.004659037923774703,-0.00579986655431368,0.006871656588713028
2019-03-04,,-0.002198689494169633,-0.0071081636573392835,0.005932362847758229,-8.622905771051245e-05,-0.016083513438008,-0.003888107395255168
2019-03-05,-0.004106733399568198,0.0051226719824875935,0.000763987306604938,-0.00109627465262533,-0.001205827681379266,-0.0013520363225602914,-0.001132173489706859
2019-03-06,0.024391659633435387,-0.0008519929989872639,-0.015651282686951252,-0.0032946738977329545,0.0054148934901813274,-0.0023702790446747143,-0.00654547360412503
2019-03-07,0.007999783937612952,-0.021786515856243246,-0.006550737219283193,-0.003747488388728499,-0.004811631805019819,-0.0062922896561090885,-0.008158911138331157
2019-03-08,-0.04481398562510247,0.0027336869424882167,-0.001315159511033643,-0.009765070756698803,-0.0075219543202236635,0.004000942449043653,-0.0021339641314536495
2019-03-11,0.008298789456406835,0.0027263397950146873,0.016447353316893717,0.02944658959930849,0.011733303707459022,0.011991300988261087,0.014559535563489445
2019-03-12,0.03651519616869562,-0.001238295184264696,0.0,-0.0028189203929772284,-0.0001716109153881607,-0.0031105591951001944,0.002948965727805163
2019-03-13,-0.02419452307153449,0.00037174464391924304,0.004650027715006447,0.003684836774721386,8.593319505765244e-05,0.00462058188600114,0.0069255467570192835
2019-03-14,-0.02898778442737742,-0.013468287941347367,-0.020045049508893513,-0.0026223900391727944,-0.009307105258121041,-0.013586195167067956,-0.0008683993315961826
2019-03-15,0.016667111330216408,0.01988874150604793,0.0010511161018803374,-0.008791372570562212,0.0013843483614076396,0.010732428038444788,0.0049725194084307206
2019-03-18,0.0244909812261676,0.010041950816858462,-0.0023668404310369677,0.002425068531400042,0.01382386066699551,0.004528554625469256,0.0036990967989080333
2019-03-19,0.0,0.02169531184871853,0.0076066721529680645,0.0032982543428599,0.006968176582303322,0.0018391762033570511,-0.00013057007992675946
2019-03-20,0.0,-0.005260047929769744,-0.033748726252843385,-0.0006588231679218617,0.0019458650281153303,-0.0005012719150618665,-0.002948696740769673
2019-03-21,0.004024431004914992,0.005856036024803816,0.00941521308934915,-0.0004396668182041291,0.009421266494341916,0.006413925789412603,0.010794015494689354
2019-03-22,-0.008064792878935365,-0.03863003136061845,-0.024665606074208316,0.009186821710463975,0.010659618914251013,-0.0018283993630893735,-0.019156827134273257
2019-03-25,-0.02874940880855413,-0.004842043639708733,0.00847105142895357,0.002174781810245394,0.0010761980645869963,0.0022433352236770616,-0.000839372833310059
2019-03-26,-0.012578546376590144,0.020693076294468066,0.003259914895621816,0.01316476882635929,0.009634964222090809,0.010567179283461776,0.007157052947934055
2019-03-27,0.0,0.005228089217155277,-0.007076685957005234,-0.0006432550958893288,-0.0010660314285515884,-0.006095625179660174,-0.00465514327659887
2019-03-28,0.00840322444266586,0.0029063823808571742,0.012216778284427986,-0.0006435664968729702,-0.000410302701704379,-0.0163267752350853,0.0035830547152617266
2019-03-29,0.0,0.01524005866832963,0.0010788370323373557,0.005993057219340584,0.005810721253534454,-0.008857517910387516,0.006711706043324668
2019-04-01,0.008333283016623103,-0.0039377103506555355,0.017633150020588687,-0.0029924995317317676,-0.0044985186224533276,0.015637041827164022,0.011502195518044496
2019-04-02,-0.01252628295650816,0.006435624224163759,0.0013234950093556194,-0.0032151034826669493,-0.00262612940057419,0.006402801999913306,1.7455554858152623e-05
2019-04-03,0.041158092556383946,-0.003927968934972144,0.015223219264124396,-0.00841012299813342,-0.0009866784162501946,0.0034750035231579848,0.002146072420089187
2019-04-04,-0.004040361874020469,0.013504107062381258,0.010365674694681276,0.00647538800338295,-0.0007406085325209916,0.008307627541581363,0.0020824652429942735
2019-04-05,0.020040759411887495,0.015527809083404646,0.0038592997203814147,-0.00021490457429779373,0.0012339108789309109,0.0037608831635503747,0.004625717623099122
2019-04-08,0.01574825189507053,-0.003016638602124971,0.003077070945405402,0.0017198962968117423,0.0031195054704146147,-0.002451051511615927,0.0010469117505236662
2019-04-09,-0.00784308514704277,0.004290087129223732,-0.005133474817419921,0.002574566912247088,0.0013926419528719706,-0.001473653456062184,-0.0060859764356695385
2019-04-10,0.003929472002920386,0.009213547948133156,0.009986177934517277,-0.0006434562521901931,-0.0010644848931537672,0.0009826768927961049,0.003471837754499924
2019-04-11,0.003913613144122492,0.008447492728261815,0.002035885554043313,0.0014998331607256707,-0.0030365385250399673,-0.009374425486495596,3.8122340342693696e-05
2019-04-12,-0.011787816733754754,0.006458576295447601,0.009615300423799027,0.0006425944993604904,0.004592021100533087,0.011173446225080009,0.0065875783895457275
2019-04-15,-0.00793661775665491,0.006417226311630071,-0.0035315548701293064,0.005547277430968592,0.01163157897566594,-0.003519376692136338,-0.0006295672443571088
2019-04-16,0.02362334706356698,-0.004386428086722658,0.0022717389709323477,-0.0010647142315547693,-0.010159951980825789,-0.0018052201392458674,0.0005092283251399622
2019-04-17,0.0192682678617893,-0.004405367511162252,0.008286352445395424,0.007004171837406262,0.03688972900738154,0.018956886725448194,-0.0022764008207388597
2019-04-18,0.02264266866153259,0.018285155192515508,0.0077219541457486905,0.004221248099552189,0.0006297989029413408,0.008666142019656485,0.0015778468242496745
2019-04-19,0.0,,,,,,
2019-04-22,0.0,,,,,,
2019-04-23,0.014814908771332999,-0.003913932535164153,0.008319569593490051,0.01694418353990556,0.005127766639893204,0.006262435466754104,0.008802351174995391
2019-04-24,0.018215446936949178,-0.011721069641338075,-0.0027649482840479732,-0.004782288743842047,-0.001338692655562087,-0.016625586040531704,-0.0021941686030362366
2019-04-25,-0.003616819398799145,-0.017958728907320996,-0.015477177930387146,-0.0029220433725942736,-0.006243823993845416,0.0025198391618701374,-0.0003690417402728576
2019-04-26,-0.018281829190882178,0.010790935543773188,0.014469015224774446,0.008740837320565402,0.0021384719566013544,0.003484363115584758,0.004674350323304823
2019-04-29,0.02550221340603049,0.004897980075074963,0.008282402270634325,0.003309674718999949,0.00229160893073933,0.0015357603226203718,0.0010709485042338864
2019-04-30,-0.003603564816349139,0.010511398542173228,-0.026850850836297353,0.013131404518511693,0.010677739664401196,-0.0016973944646791815,0.0009509646987914453
2019-05-01,,-0.012786472709722009,-0.005147903741909709,-0.009626485641176375,-0.006345925216620053,-0.005516915949481088,-0.00753044585029134
2019-05-02,,-0.0030796225667990324,-0.012987180102722717,-0.004124519400522525,-0.0032275440009405278,-0.002688199071745846,-0.0021262446486827887
2019-05-03,-0.007246470703432813,0.0063768713088046105,0.014276883670614322,0.006796348538677604,0.006601345206641116,0.008609444653493746,0.00959212747891747
2019-05-06,,-0.0037529630694617382,-0.018468571130468632,-0.005144538275243266,-0.0031381680461911336,-0.005433297764934016,-0.004481013189072523
2019-05-07,,-0.028027424715338114,0.011485126106550161,-0.009744039380944258,-0.01018752195234157,-0.0039107094574207515,-0.016649488088905522
2019-05-08,-0.003683201652732205,0.008037880896428236,-0.008339823235849263,-0.003129731578545386,0.00031748537769806754,-0.006059041121122269,-0.0016067153894199682
2019-05-09,-0.033774375780133474,-0.011842861926209137,-0.01662498341490305,-0.009448802243791694,0.0002380670254066096,-0.020242964841234647,-0.0030259986619282898
2019-05-10,-0.007662860157229336,0.002379759205567864,0.008215022178984743,0.01652906218584041,0.015429659573710949,-0.0004192334199476369,0.003713394069918638
2019-05-13,-0.007722112446405273,-0.016899770544508422,-0.03573238986663439,-0.002909490608699303,-0.006662227874035872,-0.008504190260360771,-0.024426469138497504
2019-05-14,-0.007782207831312165,0.0033789258969813434,0.013043714022377324,0.013231657679743524,0.001964308583464779,0.006826029731279649,0.007983987523216093
2019-05-15,0.0,0.009829935458045334,0.008869888763197742,0.01001335219770867,0.015111328234048205,0.013099297250300113,0.005821994327723055
2019-05-16,-0.003913613144122449,0.0005961265205565797,0.00026735800296468865,0.008100395622523055,0.007087647433380202,-0.006152897075586293,0.008855957116499086
2019-05-17,-0.015810821346287092,-0.01489346399903455,-0.010218169364145066,-0.007693531846486529,0.0018405556217268894,-0.012589202483929227,-0.005854437174043804
2019-05-20,0.027506642321721772,-0.019921063784994607,-0.0008108691291942277,-0.00713962426662227,-0.003992123810285136,-0.002452356668116136,-0.006772257975405369
2019-05-21,-0.01562529297835492,-0.00012356550621750348,0.004318624538927997,-0.005130615889586448,-0.0072579093127461995,0.0011845758323336206,0.008459949093190606
2019-05-22,0.0,0.019802663977465607,-0.04348512437836623,0.02137501918610164,0.007872903808005174,-0.007895655346497969,-0.0028283923638994365
2019-05-23,0.003929472002920386,-0.0038806561603746113,-0.011884840244167071,0.004019674275765257,-0.0007691360598295648,0.0012775924902478678,-0.01198569224128196
2019-05-24,0.023256664297523287,0.005573693753366504,-0.0002844841489685549,-0.004825609532254856,-0.0036226316172326047,0.009152019294436783,0.0013526437720373175
2019-05-27,0.033901536030402156,,,,,,
2019-05-28,0.011049706554263078,,,,,,
2019-05-29,-0.01848444464158693,-0.012832393106034618,-0.001722751813377643,-0.010029846113785094,0.004222123978301419,0.0012554262635330574,-0.00693591016723137
2019-05-30,0.01113170711860074,0.01319676431141321,0.0008618961088349483,0.01308002155052227,0.003426956474570012,0.00167165560523712,0.002096272674997037
2019-05-31,-0.007407504574503053,-0.011967591177514017,-0.04343412844866799,-0.0024395318507431686,-0.004754361519978019,-0.018287345014429097,-0.013283205250452958
2019-06-03,0.02930615316418437,0.010752844868675344,0.010739784641816803,0.017153000447412782,0.007627278892752088,0.00466676841205375,-0.002769070654307939
2019-06-04,0.0036035648163490652,0.019974176275648882,0.058492950734903085,0.00040025706888856987,0.0006975755554098153,0.01186543165204788,0.021205927081077776
2019-06-05,0.014286006730189661,-0.008013918247871472,0.003073935125008187,0.015479776214785626,0.017815030405852438,0.00567238987980185,0.008128726978813691
2019-06-06,,0.009918318596093443,-0.0076433745249604845,0.01213534951852545,0.011775542394424288,0.008943227980972282,0.006116840676004416
2019-06-07,,0.014402184992824545,0.008489069065881483,0.001749240044460449,0.011226297229483343,0.008945951457093908,0.010442979247260026
2019-06-10,0.02120224538448314,0.00011730939616830569,0.014545436574180916,-0.002138686116777581,0.0008985924473178427,0.008947602773935259,0.004649220074765499
2019-06-11,0.003490434788585118,0.005609332883615191,0.005262543861378164,-0.0009735340933484762,-0.0029235982082772027,0.012073493841938652,-0.0003499414579512858
2019-06-12,-0.017575151380484953,0.011471153032218464,-0.014749008147857075,0.00602167103556166,-0.00045072644733628486,0.0055052129231116945,-0.002039657827237423
2019-06-13,0.0,-0.010073648930020367,0.009764059695410464,-0.0021493526991515207,-0.0015030024201750755,-0.0071065856462453865,0.004089010502850191
2019-06-14,-0.003552432007643851,-0.020575539506122287,-0.010044379219990405,0.0035142336921433425,-0.0015811248315106986,-0.0032105321006978957,-0.0016128117861529605
2019-06-17,-0.0035650967849393984,0.001661588807463473,0.013370437736078232,-0.008612241287278336,-0.0015833398376640835,-0.0017702143828742124,0.0009313154323528439
2019-06-18,0.00711752879258311,0.029793710369507256,0.015376390271060702,-0.004531697829535929,-0.0034771361719713404,0.009617767292586685,0.009670489592970687
2019-06-19,-0.007117528792583229,0.012014614135071846,0.0021777244885500236,0.009433911722311004,0.005964436395542789,-0.0012770369966372248,0.0029807167930238428
2019-06-20,0.0035650967849394284,0.02048935946428989,0.004881858241589357,0.010508372735692937,0.009811813214817255,0.004700915847607925,0.00942760533587314
2019-06-21,0.0,0.003781382329523406,-0.0010829110376554512,-0.0021320438834945966,-0.0014914957180791704,-0.007740376326095034,-0.0012600162797279978
2019-06-24,0.014134559628964838,0.0,0.0010829110376555588,0.007151920319021864,0.0013427316316385978,-0.0003205233338901464,-0.0017333884605870258
2019-06-25,-0.007042270727785982,-0.01882601249093736,0.019293305700113315,-0.0030863829427230437,-0.0024630654625688083,-0.006915376998944813,-0.009541775640387554
2019-06-26,0.0,-0.011720119862113977,0.011871892044986981,-0.012441866228497009,-0.01119790192417988,-0.0051777310196734075,-0.0012346956788039985
2019-06-27,-7.214518698460807e-08,-0.0019476464226726557,0.004970675605459072,-0.0007825367614365707,-0.004772410715562932,0.0030773680221764413,0.0038158857925908473
2019-06-28,-0.0035650530237652652,0.014911271259440587,0.00546496264931134,-0.003137216764821987,-0.0042615023619540756,0.002584261958570868,0.005740941840599626
2019-07-01,0.007117441580598721,-0.000904352342627344,0.005693719515393897,0.013265865431601723,0.005627290983684973,0.014412820244794082,0.007643018610953927
2019-07-02,-0.028778783514818856,0.024794708349291095,-0.010637023053770659,0.007337147873205973,0.0042377841441215945,0.009573297262224955,0.002923847276988696
2019-07-03,-0.007326086334762968,0.03554390350434437,-0.004705943152077055,0.0023059356972414285,0.011711189949574641,-0.0013393271603741625,0.007643095660684157
2019-07-04,0.02181896535544474,,,,,,
2019-07-05,0.01782586151458811,,,,,,
2019-07-08,-0.021429455591495564,-0.011172208921014858,-0.007037503696751379,-0.0021132487495950287,-0.0034641882197242223,0.002367514007257144,-0.004847173010123794
2019-07-09,-0.007246455094309574,-0.0018559081860210225,-0.003931147129889636,-0.007915590124625397,-0.00620505522257549,0.00023633625758231805,0.0012357930584538906
2019-07-10,-0.0036428298494644825,-0.0017498729120736076,0.0005245141939903695,0.004448342485085918,0.020064586600709047,0.0037755115458621945,0.004500546936082614
2019-07-11,0.014492879020681634,-0.018673561353934293,0.00862420224111769,0.004236309697650576,-0.0004463830281900485,-0.004958109377997482,0.002282619578948549
2019-07-12,0.003590654800583979,-0.030806463855540072,0.02009367127927145,0.0015360789527612227,-0.007996261049258744,0.0075452810481276816,0.004609534302066538
2019-07-15,-0.010811022728332878,0.018461905196616158,0.0038183849876159163,0.00019194644998731444,0.006506092047774358,-0.0006265443254648476,0.00017585372838413283
2019-07-16,-0.036904345415304345,-0.006229803543903685,0.0017768660863623864,0.0001916366531254691,-0.0026122389650108267,0.007649025673252149,-0.003409584555010327
2019-07-17,0.003752183490195485,0.004647734568311616,-0.006871047927266862,0.0007670887485954024,-0.007652545156081367,0.005814758486659762,-0.006552665466093182
2019-07-18,0.003738535445841158,0.010351127334051326,-0.001022252224268718,-0.0028784821863828427,0.000752941517232038,0.003472652609159253,0.0035755977088190827
2019-07-19,0.0037243093858585945,0.05381976700129226,0.00916036652286572,-0.01237735542392491,-0.021220050550183733,0.002769340074056337,-0.006195889464844692
2019-07-22,-0.011215028321895235,0.007292084820513801,0.009579389568565343,-0.0033133967920104587,0.001459720752204008,0.0074242248460955175,0.002824701686250326
2019-07-23,-0.0075472535575199645,0.009014671878419391,0.021100376235302216,0.05894651646203217,0.003524487118204922,0.004640825673608642,0.00682414513927642
2019-07-24,0.0037804791374474525,-0.0028213977147841843,0.004167088958021195,-0.010174942844915104,-0.011771587377378054,0.009442757921937094,0.004677192813475714
2019-07-25,-0.0075756899647132295,0.04030280777716261,-0.0031850459470798855,-0.013289849014356567,-0.0017039748364419346,-0.003766464791199702,-0.005276296483599537
2019-07-26,-0.007633597093418508,0.010000994735430866,0.0004905592170649049,0.020515519168810954,0.01714027897763514,-0.004159521293786773,0.007360535770783042
2019-07-29,-0.019342970731851834,0.011674145530352203,-0.002209919540170612,-0.003328296288577763,0.002359613294259268,-0.0016687751971436345,-0.0016174219290574364
2019-07-30,0.0,-0.0008856151007975115,-0.006164425690441672,-0.005013704875417244,-0.008014930421012697,-0.004565001808103156,-0.0025819853720443708
2019-07-31,-0.011787832427525154,-0.00592403494772641,-0.0022286265467710933,-0.020499132930628397,-0.020675212408749942,-0.015989335077828078,-0.01094520695213996
2019-08-01,-0.007936681123266008,-0.0051630234679437715,-0.004721081748150775,-0.011465357461012606,-0.0052560911854206685,0.004407086650629352,-0.009039527568806017
2019-08-02,0.01581094651965709,-0.0026912739699058966,-0.009258102929187724,0.005749427740779681,0.006116494641487544,-0.005182332947147217,-0.007309388539565105
2019-08-05,0.0,-0.02016391131813236,-0.019546460355430506,-0.013080229943749733,-0.02790294476007471,-0.0050534504046301386,-0.030230182169694777
2019-08-06,-0.01183489301051736,-0.005002891257611729,0.001792899664187266,0.011932677242861072,0.0163447760169596,-0.009790514306578218,0.012933023911166613
2019-08-07,0.007905391078006016,0.004799077557032921,0.007901242752918118,0.01725978228684436,0.010462885925655127,0.009166922831432157,0.0007665823338588767
2019-08-08,0.023347199457015543,0.003457401508019772,0.017864101626568155,0.009544199888980765,0.013139177103736178,0.008774357452419732,0.018588462466865085
2019-08-09,0.019048127296613405,-0.002948159395861281,-0.012294348309834089,-0.005041525242745974,-0.006742286763245761,-0.0028647207414911114,-0.006638593133657111
2019-08-12,-0.011385049799354804,-0.02005314200780751,-0.01911650077713614,-0.004126735881918972,-0.0019458262301845506,-0.0058317283647559455,-0.012393809115915354
2019-08-13,-0.015384938633617402,-0.006251988824823841,0.00385260504329682,0.005623074206081379,0.012235054077408396,0.009237268493360005,0.015018346267301863
2019-08-14,-0.011695836388145394,-0.024441655319838107,-0.0477778635192242,-0.009578258760973924,-0.0062538071606191474,-0.02297846266404685,-0.02973035245453567
2019-08-15,,0.0028876970860102647,-0.019550005875484923,0.016470397106387123,0.012315285953316086,0.0069333833735063,0.0024612366981802422
2019-08-16,,0.01757410254401694,0.014427688998265947,0.009974162138952018,0.00792458310708215,0.011165453655355442,0.014323058172245003
2019-08-19,0.0,0.006589595563113613,0.009682919089036183,0.005132981747797188,0.006128742062693037,0.006578161300083657,0.012033175564397505
2019-08-20,-0.011787832427525154,-0.010164214346070987,-0.010764436399058644,-0.014921520407065163,-0.0038543080424255282,-0.004716537924217741,-0.007946215312115467
2019-08-21,-0.007936681123266008,0.009642933880554429,0.004319844356582765,0.004075023362280015,0.0021176175775619002,0.006566106304059394,0.008212979557352937
2019-08-22,-0.01202423074544123,-0.0030297306529129303,0.003764326542824979,0.007182995877168536,0.00241535698883274,-0.001772583273205255,-0.00050620295927854
2019-08-23,0.016000284254581044,-0.014649451191414658,-0.032736134542699656,-0.013859623872374634,-0.01818016183544695,-0.014137129337958344,-0.02628888112283785
2019-08-26,-0.011975904149208114,0.006455238203672763,0.005255151979208239,0.014776584207669181,0.026288293000168064,0.022815268019178936,0.01092311273079789
2019-08-27,0.004007762817594406,-0.019277417200073026,-0.009980672253095724,0.0032948755817397823,0.007597679455983121,-0.0024497855565133527,-0.0032083218005562386
2019-08-28,0.019803034342131237,0.0069658415166641546,0.015208239060274974,0.007102071881183695,0.003185865592902511,-0.0013040611335051397,0.006524151530562512
2019-08-29,-0.007874265396391147,0.017152382949882992,0.012815617713340973,-0.0010892029431584615,0.0061207906357296765,0.0016105172193261058,0.012607482441094399
2019-08-30,0.015686616433948412,-0.008010256296503671,0.0048647060214795,-0.00018185033715697807,0.005206167328953715,0.0009958372911367227,0.0006425807598767749
2019-09-02,0.019268423984205592,,,,,,
2019-09-03,-0.019268423984205633,,,,,,
2019-09-04,0.0,0.008161508537935541,0.03539949322825447,0.00846331925329831,0.01221981561184858,0.004020275021884994,0.010783725278421427
2019-09-05,-0.0038987840064231708,-0.01574665298331141,0.022719439546636862,-0.011723408925686322,-0.01615812534047225,-0.007065111443244024,0.01292591292175976
2019-09-06,-0.003913567031134065,0.003425744825236535,0.0012901614386091381,0.0019935778097058066,0.010170236973077043,0.0066865130899761965,0.0009101908043767861
2019-09-09,-0.003929501932511205,0.02334411128340962,0.02041916525810227,-0.012938673146011851,-0.007086532828233403,0.005889354400398884,-9.401467889992668e-05
2019-09-10,0.007843068963645212,-0.016633880589382883,0.0,-0.0022032938443105805,-0.003966311982222063,0.005929706281539915,0.0003222524259310153
2019-09-11,0.007782269357011324,0.0007428986125204547,-0.0030364520935367103,0.00677849790747502,0.0036737057859721634,0.01434081506180296,0.0072036723263872
2019-09-12,,0.03338174142642335,-0.009932424297637122,0.006188444045080836,0.006796728954518213,0.001768931342533643,0.0028750162782333164
2019-09-13,,-0.01103841735342369,-0.005389696074733834,-0.008259277710747099,-0.0062104874239262454,0.006386587301644691,-0.0007246768769660504
2019-09-16,,-0.006870182984839289,-0.043387868588889364,-0.005544240567506894,-0.011499380423510269,-0.005282475413975415,-0.0031405129163559896
2019-09-17,-0.015748460041651376,0.012765530003285662,0.028611446751733525,0.005175805067721675,0.006061035972751946,0.013734835892440289,0.0025784253724619854
2019-09-18,0.01183489301051741,-0.0007221192284645891,-0.0028769585272526276,-0.00018470289307050648,-0.001474951853019817,-0.005602752189306114,0.00034263328426719085
2019-09-19,0.011695836388145454,-0.020013082258408796,-0.010532105774597096,0.005333424967626437,-0.00014768507185099566,-0.0036550236808537543,1.9974521929475905e-05
2019-09-20,0.0038685404887806953,0.01400955092924881,-0.010911772463780904,-0.011251432051576348,-0.005699736334006688,7.335501790617981e-05,-0.004907599104880387
2019-09-23,0.026668222364264003,0.00020764052536000155,-0.0034844779137720035,0.004257101718824388,0.005404300741553272,-0.0013924726500649178,-9.694061782751375e-05
2019-09-24,0.007490718936036745,-0.026398786353460206,-0.012701318141238047,0.002951201640058741,-0.0005905713478892803,0.007597640165303994,-0.00845198896355148
2019-09-25,0.0037243093858585945,0.008278304360239576,0.009204217297181778,-0.002397144027984325,-0.001996918224819264,-0.0057659466082716606,0.0061396852419639035
2019-09-26,-0.011215028321895235,0.0039032905386118997,0.013383443119031809,0.004053072412853634,0.004653007734603216,0.012366668833683762,-0.002431871009613191
2019-09-27,0.003752183490195485,-0.005913578327728144,-0.0050645637144168905,-0.0014719839416430407,-0.0008847197379980488,-0.0015397439364951966,-0.005330534579128577
2019-09-30,0.003738535445841158,0.0077017431011969124,0.0016021429692789405,0.002390712615694573,0.011000983728120304,-0.013221884213549367,0.005034910215248393
2019-10-01,-0.011257493356109215,-0.01920581973209758,-0.03723754906518532,0.0038502453187799802,0.0019675323099569322,-0.008962649752487511,-0.012334126945412846
2019-10-02,-0.030653473783560436,-0.024730132424704208,-0.0404064938870338,-0.02914915874605231,-0.025285740965712275,-0.01374833736635633,-0.01806540418764383
2019-10-03,,0.009182402794818429,0.008613117099324745,0.014216578640014861,0.029354175152556963,-0.002056035382163929,0.007940304773866787
2019-10-04,,0.0154404877110906,-0.0020033896762636895,0.01291760922571264,0.016893929472287395,0.004714562987083208,0.014116785239259274
2019-10-07,0.011787832427525236,-0.0035421015361473017,-0.004593534097613032,-0.012360552722281443,-0.013925902751556245,-0.005095625572562822,-0.00448835227368152
2019-10-08,0.011650809845792094,-0.011354409793181437,-0.025354624257334236,-0.005397951875842544,-0.007982928384349094,0.0021325726476166223,-0.01568315955210993
2019-10-09,,0.006287958472468851,0.007644638799800937,0.004655170055246644,0.0044347190470030405,0.01194994600507357,0.009063296514845923
2019-10-10,,-0.010538474854219116,0.015116922339272589,-0.0031633215630679904,0.00029006444674142834,-0.0027102354431539893,0.0063952024117826045
2019-10-11,-0.003960627614126234,0.00815779699859442,0.02591628337629455,-0.006731400929606807,-0.0018145091634077942,0.02088853029010354,0.010879579673789056
2019-10-14,-0.0322607461626403,-0.011220618399158009,-0.0019701263178261287,0.0,-0.0013815974701739014,-0.00280935341724279,-0.0013880816732189801
2019-10-15,0.0,0.008726110220907178,0.021182368402292654,0.0039324338212102655,-0.008181730841656397,0.013238288624659159,0.009906445376489171
2019-10-16,0.008163198507854092,0.0021697043996082455,0.010698378313988932,-0.0003740406339410537,0.000660165479380995,-0.0008037391792144533,-0.002001544553193733
2019-10-17,0.0,0.010778193806411271,-0.01263064159298423,0.005593082905500725,0.003950201039945234,-0.005940513255532406,0.002759021969775287
2019-10-18,0.0,-0.0026836092735517073,-0.0005526812806661185,0.018237408218892283,-0.005197499862955837,-0.0013249275501314513,-0.003927045709799847
2019-10-21,-0.008163198507854108,0.004290450927178532,-0.006657584478722976,-0.01009105504841921,-0.0009543910649969638,0.0040427617381972305,0.006848114105333746
2019-10-22,0.0,-0.01662031947460653,0.010520851268769739,-0.007031778081851656,0.0039592383197631946,0.00022006281392726322,-0.003575049258376838
2019-10-23,-0.008230552695597781,-0.0046905039941684285,0.008228161730908564,0.01456383203608795,0.005764016930519981,0.0070889362397636565,0.002843103345830729
2019-10-24,0.008230552695597824,0.0015294315017568354,-0.021815230020656894,-0.00054920422810622,0.0031961066335817784,0.006025888091276761,0.0019186046591713529
2019-10-25,0.012220231085155697,-0.11278713096610654,0.025359674800837582,-0.01587317736426474,-0.009106624538845705,0.0009407641010293317,0.004064429510656049
2019-10-28,-0.016326831139273797,-0.010441729370507467,-0.002725551172349833,-0.0033546637607150707,-0.0005121568469788599,0.00043371148272920224,0.0055658199161177
2019-10-29,0.008196653130327353,-0.008059140252031674,0.041956677475626314,-0.0029910378835825047,-0.003594556968420338,0.0024545601345943406,-0.0008327519564807664
2019-10-30,0.0,0.007688468522517519,-0.007882579625521005,0.009874093611610043,0.006007818537287539,0.002448743052857208,0.0032480894008573105
2019-10-31,-0.004090053076209218,-0.002226086557668686,-0.019981556601869108,0.009043297308630441,0.001970403528188474,-0.003386469803251317,-0.0030274386345390905
2019-11-01,0.016260461908059354,-0.01761102591343556,0.02156343721216099,-0.009785202354537269,-0.001751146847722646,0.009195986995904699,0.009615930559647514
2019-11-04,0.0,0.0007557327008667935,0.011000359993890308,-0.014200377956647133,-0.013010668388188668,0.005207182974154314,0.0036972458053124275
2019-11-05,0.008032142922967072,-0.004037332168802774,-0.004176266050227405,-0.013641780815364874,-0.008544772878577364,0.0012798056325512613,-0.0011864027118206639
2019-11-06,-0.012072373745870717,0.0029033596577984467,0.004957629646782067,0.00722291161707181,0.0032037751437475094,-0.002632558128064366,0.0007022505922896238
2019-11-07,0.0,-0.012047506292645165,0.001820423064599014,-0.009705864526867145,-0.008366177181722521,0.017583275960716096,0.002726375244280665
2019-11-08,0.00404023082290365,0.0012752579869480475,0.004665551249667906,-0.0015307842395825342,-0.0014261124220819846,0.010652900331233303,0.002557403145115828
2019-11-11,-0.004040230822903561,0.002926262468752846,0.0012920567989547125,-0.0071122107470817115,-0.005573864071915042,0.004629518716641784,-0.0019643954133371925
2019-11-12,0.016064461568344797,0.004689724272124734,-0.0033628896520782854,-0.0025111315774084242,-0.0031016254774178533,-0.003590940746184804,0.0015634233012630327
2019-11-13,-0.007999850640068423,0.0025259331298954925,-0.03695330509044468,0.013446232696743653,0.00987669286647572,0.00013824709146170998,0.0007112815701162954
2019-11-14,0.0,-0.002146604250085965,-0.0105422151757004,0.00418907513527686,0.0003002002807634503,-0.004784707471952022,0.0008366926144567594
2019-11-15,0.007999850640068418,0.006802689246348532,0.0024427867947788033,0.0007597113462420724,0.0035934734495546156,0.0027765775281057676,0.007666028777973181
2019-11-18,0.00397605350913968,0.005009485210743929,-0.007346112845778718,0.006811731771058059,0.0018666807126391485,-0.0046548656553492725,0.0005030263228096366
2019-11-19,-0.007968141331613832,0.00039165809769053917,-0.0065753932961083285,0.0009423679198698583,0.003796972578388435,-0.005236548280010367,-0.0005927700996925261
2019-11-20,-0.004007762817594319,-0.00964372283891393,-0.030702840245599623,0.0026341101685559264,-0.006187000094691527,-0.010414592449893678,-0.0037632564209410676
2019-11-21,0.0,0.0017834913788872038,-0.01744130763019013,-0.004897429180304295,0.001270479872517623,0.005432014787162133,-0.0015840060861895076
2019-11-22,-0.008064610928276381,0.006470071452981322,0.01885765882629813,0.0013209510918786125,0.0011939978028063993,0.002739971722702284,0.002172573942375937
2019-11-25,0.012072373745870632,0.00012631453979247145,0.013494661459563937,0.0035764780884258223,-0.001791815859328052,7.022625502746825e-05,0.0074792518874672075
2019-11-26,-0.02020255175481727,-0.0005055645369415669,0.002788521924119973,0.012696009208133602,0.013876468841900882,-0.004006881963770899,0.0021931636449402277
2019-11-27,0.008130178008946606,-0.0059634751772915115,0.006384390239732163,0.0009273389836772999,0.0015463616447414167,-0.002186112257355695,0.0041657356252997445
2019-11-28,0.00404023082290365,,,,,,
2019-11-29,-0.02449101460365705,,,,,,
2019-12-02,0.004123952641479606,-0.000882582344654526,-0.0033390276070390922,0.00653308724779299,0.00036804579296893195,0.00042787025493851486,-0.008668483693963605
2019-12-03,0.0,-0.004551204556492032,-0.009802895479957002,0.0009294637528058226,-0.0030957326901360055,0.003273889284290938,-0.006660225258045148
2019-12-04,0.004106600054118179,0.006063681359594392,0.0075707428204527995,0.009066623226515734,0.013491733987589613,0.0186553729190598,0.006303657608769993
2019-12-05,-0.03333646814722325,-0.009745132412684833,-0.0031105673278260574,-0.0018434222347149594,-3.6764086075421166e-05,-0.0038435017437129953,0.0014991269266302707
2019-12-06,0.004228491964902627,0.00924122761181724,0.0064926365412375005,0.004235085505108933,0.007453746110754158,-0.0004200745321338496,0.009094246030426013
2019-12-09,0.00840346412418006,-0.005813176866209788,-0.004511972267688189,-0.006451963871600979,-0.0014572261993795108,-0.006182735135588783,-0.003167833684474369
2019-12-10,0.004175271036104689,-0.009551294516862553,-0.007660909931653359,-0.005563792875624411,-0.006509904363348307,-0.005016563299191151,-0.0010975361689841293
2019-12-11,-0.008368218437915912,0.007902308455255474,0.0036957648816445107,0.0033418157406980282,0.0060723014414629,0.0031116610895047304,0.0029039375293507703
2019-12-12,0.008368218437915912,-0.012776447758931974,0.024111163132714,0.0035156526272122337,0.0005835656438434376,-0.0001411804704716102,0.008538667375555057
2019-12-13,0.008298688326438005,0.0017985063357100163,-0.012543464775779662,0.005158288379314986,0.005524833089804535,0.003524930841808491,7.25791502146863e-05
2019-12-16,-0.016666906764353923,0.02659723455550101,0.012820396931626574,0.0,-0.006399964945517358,0.0030215081911029082,0.007122360942542787
2019-12-17,0.024897459459951598,-0.006268768873874967,0.005523819023797566,0.0,-0.006515015033295338,0.0016823787828352747,0.0003352360284609262
2019-12-18,0.008163198507854092,0.01212597234353235,0.027167987467384268,-0.009415409515605136,-0.0014694848376188908,-0.002665059384563665,-0.0004323936405227425
2019-12-19,0.0040570325773017,0.0003726160257762266,-0.0013410548628977606,0.007576394909712487,0.003670501212474652,0.002594946257725369,0.004449378821864254
2019-12-20,0.00404023082290365,0.018215871031501508,-0.00026838366048478256,0.011895071412780282,0.010568805136475543,-0.0055489213647404445,0.004932595804334098
2019-12-23,-0.01217040883185012,-0.0015867906288970475,-0.01296983709971728,-0.0010921819212737882,-0.006400897001866416,-7.06342422812693e-05,0.0008657687142985109
2019-12-24,-0.004090053076209218,-0.003058537116995064,-0.005180604070531238,-0.003648846891367626,-0.001095084013891042,-0.004376944197574551,-0.00019546730246814044
2019-12-26,0.004090053076209144,0.009269378290307304,-0.0027374347079031393,0.005650213441437154,-0.001462164113943123,0.001343538047850651,0.005115062410053991
2019-12-27,0.008333295722925021,0.009064170136959156,0.002190392659379212,0.005979671746506643,0.006198868505145453,-0.0017680418892562285,3.3984139657930306e-05
2019-12-30,0.0,-0.008942799464764664,-0.0032875566284870737,-0.0014463604098531157,-0.005321299711147034,-0.004753677486147551,-0.005797596079349905
2019-12-31,,-0.004135802560573835,0.004380901365399988,0.0014463604098529782,-0.0010239166739437167,-0.0004979924187391816,0.002941690644190719
2020-01-02,,0.0170405767780626,0.02108795136041135,-0.006524862297729497,-0.006238589058579118,0.012023459102107609,0.008343895362316707
2020-01-03,-0.0170942570946009,-0.008423478410678387,-0.028767142126223708,-0.005470709305159394,-0.001400052753266097,-0.010530161664359215,-0.007084909364954553
2020-01-06,0.0,0.006984557710128815,-0.013304044851858826,-0.0003659056980453488,0.0038266838277276408,0.00014196943016571816,0.003527145194272564
2020-01-07,-0.004319872959874112,-0.020856602479441138,-0.019440381209667946,-0.007711922439657893,-0.015842727539134644,0.005243048284299354,-0.0028071750845948405
2020-01-08,-0.03077151687223448,0.004523379714792843,-0.014326902708883373,0.0018415573319898709,0.00513536687514302,-0.0024762572928040483,0.004890473485641129
2020-01-09,-0.004474234073862859,-0.012273092559644016,0.01233372387168883,0.018051425696187107,0.0006678477724900107,-0.004615622784928971,0.006633214116906491
2020-01-10,0.01777832454680054,0.006278122155071454,-0.012333723871688797,0.003427583188004392,-0.0019302911453797245,-0.00556651719681868,-0.0028592624875049015
2020-01-13,0.013128983111477512,-0.002580506162654177,0.009479185967386986,0.01074705783947359,0.014756726726544938,0.005922390978109653,0.006951994045933256
2020-01-14,0.00865831624769334,-0.01574826592860925,0.004847716741496383,-0.0023189661330783535,0.0023412578579315407,-0.0013527524955132418,-0.0015156808368957204
2020-01-15,-0.008658316247693289,0.0019977513758980205,0.0,0.012422504539888789,0.017026223861102616,-0.007221122128467388,0.0018684502436879626
2020-01-16,0.029981116648484782,-0.0062562187158534295,0.01131581782225103,0.002114076107143332,0.0029410490366310227,0.005295955513735348,0.008331747422232019
2020-01-17,0.0,0.0045084566389480335,0.0014052898273695172,0.0021099446111512185,0.011749425208766,-0.0004284534400555264,0.003854723247485144
2020-01-20,-0.00422854330619071,,,,,,
2020-01-21,-0.008510602288823041,,,,,,
2020-01-22,0.08201327410658883,-0.008921741172400119,-0.0022890188028896843,0.007666986750187254,0.010657909817565613,-0.005775941770070931,0.00028903429668107475
2020-01-23,0.027186012029838193,0.0019184454917151772,-0.0008596047617552194,0.003811359860770893,0.0018813069716246745,0.010540445435758874,0.001140326193358241
2020-01-24,,-0.006666685310296364,-0.016476705074741717,-0.002597210641813112,-0.005094912999735414,-0.0020993199960578916,-0.009083289426193788
2020-01-27,,-0.028178091346309633,-0.026581659928903233,-0.0034732299700577984,-0.005472193484879704,-0.011979462916411601,-0.015855752356844034
2020-01-28,,0.008956847177788364,0.006860783167612331,-0.008210517658005893,0.002108337021732025,0.010717965537516527,0.010003383500352516
2020-01-29,0.0,-0.0038102167174278037,-0.0011897252957284482,0.0,-0.004997227173404349,-0.007250150920858145,-0.0008672501435846315
2020-01-30,-0.027080750212799272,0.002629265930195564,-0.008068396470698022,0.031935192869009976,0.014708369132700851,-0.0033260937362336374,0.0031294569302110597
2020-01-31,-0.019803047639907527,-0.011487676721536007,0.001798557617912539,-0.007845930923077503,-0.012664325860935398,-0.016004908583577476,-0.01786444357136295
2020-02-03,-0.012072457291974488,-0.0027925997972760496,0.009834836536566265,0.0030774405792020477,0.0034442694696507296,0.0005760159751047863,0.007228425761232584
2020-02-04,0.004040367889730174,0.015854567850598886,0.01909283440187282,0.004428512100796972,0.00496981198512174,0.014507062079183635,0.014869315917506062
2020-02-05,0.0,0.004968461329044977,0.019020818653596613,0.00016984470134092142,0.0075126984916729,0.005448093707790185,0.011187778658972936
2020-02-06,0.06252048263732989,-0.0013050869161421522,-0.02018514294526814,0.002376149001364682,0.00020754823502334426,0.014917745354361875,0.003320155057001924
2020-02-07,-0.007604595382378779,-0.023387419810950848,-0.020601111097319862,0.003384553646666963,0.007179975745842594,-0.01055238631344087,-0.005415491009458352
2020-02-10,-0.007663020806690271,-0.002811627503006788,0.018267917174866918,0.009416759283827078,0.0019929123654934475,-0.007474883829437289,0.007299690120573207
2020-02-11,0.01904807585350725,-0.007535914941580911,0.021947082539452094,-0.002681668057114688,0.002879297088988593,0.005857542665061627,0.0016870486860021178
2020-02-12,0.026072560769588665,0.00040507435152183974,0.013617542651928936,-0.0030252811337170282,0.0,0.0022493522439731035,0.006441853105203067
2020-02-13,-0.022305818741291502,-0.00487288512550672,-0.005651581175631106,0.0033610596294240576,0.0026664280069612018,-0.009381742311636422,-0.0016317763599886593
2020-02-14,0.0037522365664519075,-0.0033976390665966245,-0.015132689371216966,0.005687464465477079,0.0035438495938945663,-0.006755517761202919,0.0018418360984854144
2020-02-17,0.0148702294418551,,,,,,
2020-02-18,-0.022389208036604265,,,,,,
2020-02-19,-0.007575716627023248,0.001359674915248857,0.014712244530813254,0.004023539430371519,-0.00048117984668164383,-0.011110616624599414,0.004694748284284925
2020-02-20,-0.011472359226484014,-0.004630207368911472,0.010539959836797756,-0.0008371349755322622,-0.002545281743024429,0.009171312840018072,-0.0038228174279975285
2020-02-21,-0.0155041805935608,-0.022919835390200684,-0.01830218061555167,0.006841902031210412,0.0047421673215078,-0.0005032349545755104,-0.010573809232819777
2020-02-24,-0.04391917623287699,-0.03178459518942252,-0.046066388782075585,-0.02492133023284095,-0.022254955208293146,-0.03327177600086635,-0.03408807942044074
2020-02-25,0.0,-0.03581242134456121,-0.04133840984270383,-0.014252722510240503,-0.010855119508270093,-0.003426383695846858,-0.030747904375353224
2020-02-26,0.0,-0.009458779012635123,0.007843181426044591,-0.0038121825577310158,0.006217289526650638,0.008173775267901064,-0.00378569732353003
2020-02-27,-0.012320601464934735,-0.09620077667942711,-0.04114747668676654,-0.04746287837209434,-0.040314255421034895,-0.027991341855111262,-0.045168136352261155
2020-02-28,-0.050858486162827066,-0.031036222402037694,-0.006861701224399719,-0.026565093914678678,-0.03234253681595125,-0.004958695291478589,-0.008272463109653077
2020-03-02,-0.013128983111477619,0.003932455735285309,0.02971786274375746,0.044427523757857454,0.04117629656397577,0.014879093709742329,0.0450108687694132
2020-03-03,-0.008849610243362553,-0.03384264303210575,-0.02906229739982981,0.002500661409422025,-0.014643759975075128,-0.01335071548388434,-0.02851048492291458
2020-03-04,0.004434550787001491,0.020269765191388234,0.03255723714586852,0.04975781216911628,0.049008066481137744,0.006849382178892626,0.041336349360633136
2020-03-05,0.00881053833833761,-0.03951817262151685,-0.034288979882686345,-0.03770108301375389,-0.023861992706740342,-0.020303345658255353,-0.034510782439981125
2020-03-06,-0.031182779471447847,-0.03237010290656777,-0.047976805608139446,-0.026430127060804658,-0.006101580755341277,-0.016308782543029875,-0.01720094365238617
2020-03-09,0.0,-0.10784188696731924,-0.15015028798081165,-0.06350160691693645,-0.05311224602846684,-0.03457723532795993,-0.07901041294037148
2020-03-10,-0.08004270767353637,0.05693991807575463,0.09387318476811408,0.0341199479693447,0.030119615653518544,0.033632653867600344,0.048215052425859106
2020-03-11,-0.019802714544646202,-0.03847787257642111,-0.04217492121258941,-0.02739342049050662,-0.03327472739357152,-0.03363265386760031,-0.05010289280860541
2020-03-12,0.0,-0.11147677479678957,-0.12086465940765334,-0.10172814888974352,-0.11772507144012492,-0.09019269368327854,-0.09994485240247351
2020-03-13,-0.1369656917824557,0.006342125410877863,0.06997623468030306,0.03613071616472664,0.09983988017228228,0.035288151358391535,0.08880840694923595
2020-03-16,-0.05056937779282234,-0.17445002452972372,-0.16268550791891234,-0.06852160701251414,-0.11954026938220812,-0.06882082818072212,-0.12765219747281742
2020-03-17,-0.03435933702435509,0.023905275927883638,-0.032916865750622026,0.041546689070272785,0.12165638967581018,0.0914483438755009,0.05822631263569171
2020-03-18,-0.08599032944651192,-0.07973647028145851,-0.19022659080388918,-0.05064639881699507,-0.05471110621031963,-0.024005071870202295,-0.053222272332080246
2020-03-19,-0.10914703769283565,0.032991499282180786,0.05275021705931976,-0.06970997971095169,-0.0300536115066651,0.018438363378808796,0.004696760970401053
2020-03-20,0.07594890300361731,0.10288231667531848,0.023990391366916188,-0.0881636519080624,-0.12135804217469151,-0.015084008924920704,-0.04432762405336681
2020-03-23,-0.03143111498834334,0.03654483351460176,-0.030220641248006126,-0.01951021614020571,0.011955670362195168,-0.047117269760759146,-0.02973150100957679
2020-03-24,0.08216181162290463,0.04970102280121061,0.18184775644808154,0.049094184758117436,0.07912071299695503,0.04617222171721172,0.08968323251796326
2020-03-25,0.12193367167587439,0.03709090346308318,0.017840832081614338,0.053306260926102245,-0.011840779184035814,0.04158161062673127,0.011468990420822226
2020-03-26,0.004722625802839156,0.015453688414958776,0.04859072997201889,0.06241845596811549,0.0667031181649263,0.04079235516207755,0.06054383107424656
2020-03-27,0.01751328404267031,-0.07417440285518669,-0.053722473917616385,-0.03398705604756026,0.001661209535689493,0.007098282050611802,-0.0342678455416263
2020-03-30,-0.01164157019105133,-0.0027953441444589664,-0.0028101708770450562,0.04989100364376351,0.040828822499695216,0.0016385200063067898,0.032966590569974794
2020-03-31,0.03791373956958839,0.028740934813447507,-0.025654891842172907,-0.016807521505790592,-0.04382159841400163,-0.04299734655434382,-0.016142310788415843
2020-04-01,-0.037913739569588385,-0.024550891720328937,-0.07596040915529939,-0.04933245967189651,-0.01662370055193274,-0.02738260650343603,-0.04514636273278691
2020-04-02,0.013953914525484544,0.021145236414669713,-0.05715853539355298,0.04253003224146832,0.04745085024711492,0.009465799298812425,0.022572657056960366
2020-04-03,-0.0034704101197568274,-0.011666454150631327,-0.00828018887560502,-0.002734191973477738,0.005876320171180341,-0.024225905265409024,-0.015252860825944299
2020-04-06,0.028556984296855527,0.027684784289063805,0.08038360263937276,0.0627830918818875,0.051389782226708154,0.06244387878735204,0.06796824414483035
2020-04-07,0.01785765484620393,0.045716093563674245,0.08573166108007006,-0.003434220589887098,-0.005197833921233565,-0.004174927404327957,-0.001604339048362459
2020-04-08,-0.004434551370367723,0.02387364097879786,0.08242364781452716,0.02777637712218361,0.016192514789252644,0.013363868084143358,0.033489371191284686
2020-04-09,0.07593166264899034,0.02066187073974291,0.03942002286684069,0.024376309935514356,0.007662272546814506,-0.0010528763063683926,0.014383470303699339
2020-04-10,0.026424430164188568,,,,,,
2020-04-13,-0.019241099825610793,,,,,,
2020-04-14,0.02224557760448184,-0.027292159938816018,-0.00130456885372913,0.04152917869139217,0.055790496664153276,0.02749240301456338,0.03011455957230757
2020-04-15,,-0.054067216459782796,-0.059157128477076854,-0.027143443064244033,-0.024650961475683998,-0.013326389158944471,-0.022276732672369248
2020-04-16,,-0.0008787338751779535,-0.03715422725837091,-0.010769952127727642,0.004507431703480788,-0.009476477671954106,0.0057998378395412884
2020-04-17,0.014028241386459134,0.009841559177866293,0.07431311696901535,0.02017725606312747,0.013983093794113341,0.02256224594888055,0.026440932021320578
2020-04-20,-0.029280031353035873,-0.030044294499380994,-0.004458373719679725,-0.032352764892851105,-0.02205154408205206,-0.02354758439294454,-0.018042845615347775
2020-04-21,-0.04291612831447499,-0.03305909259819359,-0.05228154795423063,-0.025026038120825152,-0.027196626388938085,-0.008581802712424667,-0.031155115236330667
2020-04-22,-0.00967230069548096,-0.036109939536521175,0.0028208343795304495,0.006589082285159217,0.012748724623052257,0.006278366175764982,0.02267130058213675
2020-04-23,-0.0021621405845647763,0.007660931666854689,0.010276003892259859,-0.013443727902414727,-0.017955530425922454,0.0020568056914818315,-0.0005395676601955963
2020-04-24,-0.025206988036205517,-0.0004769995271793739,0.0197841820890336,0.00795587941645808,0.0309904985145161,0.007206096230085377,0.013822090566839217
2020-04-27,0.016511371727404713,0.05229503334286812,0.022523554826149345,0.029283262236486998,0.0007437109732793603,0.013292378840609015,0.014606868181735996
2020-04-28,0.01731637634646136,0.05913150276284252,-0.012099673308707704,-0.0008553586717325554,0.013738403643197348,0.010332991609377748,-0.005256170190483643
2020-04-29,0.0042826173585756265,0.037906336741005305,0.06965393129840543,0.008096960769779933,-0.021952898083540038,0.018709807825276193,0.02623670404507307
2020-04-30,,-0.04497496642056952,-0.06470691430699549,-0.02645041594751265,-0.00805598015630555,-0.03396629516522921,-0.009255143319054839
2020-05-01,,-0.03789743588123679,-0.0643889361003784,-0.006339197070829661,-0.01638553525256228,-0.020187802823434662,-0.028460211014775954
2020-05-04,,-0.05507245780100177,-0.007202948314441276,-0.010139046349836114,0.005975710015527322,-0.003473799124183001,0.0042408225788494016
2020-05-05,,-0.021460131106343896,0.02428109687123624,0.005743404434331174,0.005712575250084133,0.010385043475516737,0.008999935197779802
2020-05-06,,0.02710587126730913,0.029202702091066686,-0.014420683477919619,-0.006782356213994677,-0.003120650017978205,-0.007003880399042588
2020-05-07,-0.0064586194530957056,-0.004702469091995247,0.024815229724377795,-0.0033576870435076712,0.00587057422273287,-0.0004935609415119138,0.011438955754890805
2020-05-08,0.020310693864549898,0.02122026724708942,0.06428781118611578,0.033295972342914586,0.020167535978753797,0.012918223702409654,0.016730795065226244
2020-05-11,-0.008501662341128877,-0.014174878856990564,-0.04837259391298972,-0.012438858938841184,0.0011168925663719376,0.004215294430647609,0.0001330693667907644
2020-05-12,-0.019397172514181674,-0.02896666271035208,-0.010582039693283552,-0.015936665822839053,-0.010773676378934357,-0.028304922872331814,-0.020713365772047604
2020-05-13,0.012973234203346444,-0.03181881414579398,-0.0499877289684582,-0.019829166488535346,0.00015057307895358977,-0.020258846275885325,-0.017616996624280044
2020-05-14,-0.008630059689582022,-0.017308885328345715,0.03884431430183967,-0.005476918422081866,0.0009019762673345556,-0.006902178625570387,0.01145891780407149
2020-05-15,0.0,0.011322342425608659,0.01424156278419536,-0.01011998788916688,0.021336759424627417,-0.0005129554433583821,0.003918675203723029
2020-05-18,-0.0043431745137642785,0.07562584811490676,0.09197027468600058,0.038767409649882165,-0.0031680342192974675,0.021831782856501714,0.031015208770073424
2020-05-19,0.07542835996729341,-0.043861490429418525,-0.004848582838273182,-0.009607918316068607,-0.028364878834041665,-0.010518034798433265,-0.010539747711599283
2020-05-20,-0.01833036364468791,0.022052647604533446,0.03149552187459001,0.029859343392498322,-0.0035740950338736793,0.013443473295456866,0.0165139906134157
2020-05-21,-0.0010283687912093931,-0.024722175122491384,0.012480836794252121,-0.015813947689513486,-0.008031711984585518,-0.01573004292267562,-0.007803968309953686
2020-05-22,-0.028170792676085514,-0.006093909084884899,0.006952415109227608,-0.0031041036255269544,0.0020716719020757337,-0.003311764976498848,0.002350945686812366
2020-05-25,0.015748504113369435,,,,,,
2020-05-26,0.01857629331378124,,,,,,
2020-05-27,0.0030625560902284724,0.059882274385077705,0.014133270684965733,0.013790267251345118,0.008136557977096327,0.02152168637448072,0.014718447490314346
2020-05-28,-0.009216560841293625,0.007186665278316267,-0.040761882391963516,0.00767424354490216,0.01125020450107635,0.012148990190199238,-0.0021101393249195488
2020-05-29,0.008196784228391103,-0.012717323343984958,-0.030444025895726274,-0.00874482523589074,-0.005609031978212539,-0.018477626892950235,0.004800793552307952
2020-06-01,0.020202798127155842,0.04279947286040957,0.04014173097589509,0.006619402682398191,0.01088668408033059,0.003485792403843639,0.003744216478364391
2020-06-02,0.02469245582684747,0.012995010132298321,0.017295713380961492,-0.0019173926183819593,-0.0027104208882599043,0.00023725893901305515,0.008177307282398658
2020-06-03,0.05688735573046379,0.09224289098506706,0.05879900332423046,0.021097587412857614,0.001431421213364959,0.01763287527619698,0.01355667081256392
2020-06-04,0.0,0.012249927488190626,0.0030909753765377313,0.000417752181150618,-0.009353330608624946,-0.004437615957637245,-0.003374389083608904
2020-06-05,0.022780065689012516,0.03832562103167445,0.04852897539084314,0.024122167070198992,0.014220011683580242,0.022680921980971804,0.025874012821635813
2020-06-08,0.01785778610496916,0.012858620956332032,0.0022842433540816868,0.015363238476413393,-0.0017380067140895883,0.007371642124969932,0.011969656405806002
2020-06-09,-0.008889031016576619,-0.04017290764650001,-0.02709126045811394,-0.01719834409279505,0.005732014639362438,-0.011269562134846312,-0.007829743419721978
2020-06-10,-0.004474234073862859,-0.02796880164442014,-0.03788210520992932,-0.007785471178925723,0.008685895650815574,0.003211072021518929,-0.005327255735182077
2020-06-11,-0.027274586703542058,-0.09015457050599004,-0.08149301074393148,-0.06544373236291788,-0.04803010915647,-0.05144973457309334,-0.06075269299628893
2020-06-12,-0.0471786404035662,0.04998552909909102,0.05363016584199514,0.010360770755791148,0.009033093969531173,0.026799174968223413,0.012976286605211731
2020-06-15,-0.06486036334748468,-0.01507021730875727,-0.006818573989871923,0.015234068167624659,0.011407721772715202,-0.0032913424384096858,0.00827786081817526
2020-06-16,0.04534784609111493,0.029150792807900054,0.0003601619642920279,0.01009997652304009,0.009078762861616413,0.017121131696645885,0.018784852866710527
2020-06-17,-0.009901262430565848,-0.016609061793186903,-0.02257103315874137,-0.004070584491582768,0.0006831499062685271,-0.005571080661691613,-0.0036067962326294138
2020-06-18,-0.004987391466809385,0.008339052927022078,-0.002580595476413817,0.008763830162410861,0.007711558641195526,0.0018604321898665489,0.0005940434038017573
2020-06-19,0.0,-0.026219436612966183,-0.018629591070893962,-0.02085908863516976,-0.011361232842548944,-0.010353843369357955,-0.005665513565673728
2020-06-22,-0.015113680474698686,0.00868537606350824,-0.008308029812651087,-0.006103086647874615,-0.0017533771428720514,0.0026571083417661775,0.006474093296658384
2020-06-23,0.002028377309206509,0.02369499812478199,-0.004561093776048754,-0.0021881213388687034,0.0023626999851363373,0.00746439573166472,0.004298169191483789
2020-06-24,0.0426441870083533,-0.0629785978571795,-0.03765230154924995,-0.021930580785561347,-0.013797575871095228,-0.010043309604985966,-0.0261952655956623
2020-06-25,-0.035577092453938065,0.020035061974099017,-0.0019800263330936566,0.006251405481232896,0.01417807258996267,-0.0002348081090702541,0.01089982772821816
2020-06-26,0.006018208611076775,-0.03797921982022004,-0.030994500864487618,-0.030736846849273653,-0.01905274543324297,-0.01268063868216234,-0.024525204274831163
2020-06-29,-0.023268787356291912,0.02568193405880194,0.03376500082810333,0.017969155720678694,0.01653827638403467,0.005769467585032975,0.01457888811353358
2020-06-30,0.0,0.0,0.0,0.007188197363189665,0.008961774640238649,-0.00997953745922154,0.015292349435755562
2020-07-01,0.005104805652270514,-0.006716211662894564,-0.013529677024725493,0.003127924715093795,0.0007560249147209525,-0.011931118171704709,0.005009563975870565
2020-07-02,0.008113750724938444,0.02301265842305086,0.011155590701810304,0.001338076118559816,0.0036953089101605563,0.017962423486063955,0.0045309704768169146
2020-07-03,0.0020180433331734573,,,,,,
2020-07-06,0.022920841543284803,,,,,,
2020-07-07,-0.022920841543284737,-0.006262470513270924,-0.023595391317260225,-0.00044247732162461234,0.0020235905987211183,-0.016035973807484703,-0.010877477869643567
2020-07-08,0.004024108666714524,-0.0022870279470737585,-0.007589204701438585,-0.0031014089129951464,0.004854504962350269,0.003594715666660371,0.007796986263430269
2020-07-09,0.0,-0.027075817446187048,-0.06288284782070293,-0.02607459078403723,-0.01131387952441821,-0.012678690073168318,-0.005659591476194623
2020-07-10,-0.013138101482982249,0.05250795366106742,0.04058306611283374,0.02784810379173106,0.013100339806057461,0.009163939700065975,0.010411809774443004
2020-07-13,0.03203483435955248,-0.024669159849909944,0.01908676269556799,0.0022121474081264773,0.0033413974261792614,0.0006400545108481984,-0.009406645216058874
2020-07-14,0.0,0.011185850805998414,0.030893401861361386,0.013608898301204602,0.004511089140478228,0.010975063103954304,0.01331730058290395
2020-07-15,0.07128891080392583,0.020896388125153282,0.04722889191797827,0.011488290613472184,-0.013595476018209873,0.00709340932905787,0.009041056936355048
2020-07-16,0.009132480264469691,-0.00462660629715499,-0.001116418758726974,-0.0054025488956696375,0.0014200610684831653,-0.0066188726466966585,-0.0034119152141152374
2020-07-17,0.06595807107239376,-0.001113703491027688,-0.01500961011247612,0.014413388363982172,0.0058093494316530095,0.004496072736935668,0.0028445625875835605
2020-07-20,0.0334760767265872,-0.005026494990534352,-0.016775179850681447,-0.015063791459631853,-0.011577011451377796,0.0017298393932316353,0.008371797255140334
2020-07-21,0.0,0.03430578171270142,0.005368081295922526,0.023147271280243385,0.009867336199898623,-0.007966842767919483,0.0016776293345600682
2020-07-22,-0.025001370197135206,-0.017831581697114973,0.005719700930905932,0.026757634448090425,0.01168483453860675,-7.907238078248549e-05,0.005730630594473862
2020-07-23,0.049392808613338286,0.0014676498961085733,0.017339361221691107,-0.004134155154253609,0.007836516175976428,-0.003173130778835789,-0.012396378412246847
2020-07-24,-0.016194837634061317,-0.0003666916850795862,-0.019242219706674436,0.004340258679760839,-0.00746868374036226,-0.005177935629323505,-0.006209640024276134
2020-07-27,0.008130122488446656,-0.008286503248117224,-0.021175126776592532,-0.00020610352550715604,0.01176336154232364,0.018672931289830795,0.007367928821482373
2020-07-28,-0.004056919492849373,0.028437782852700655,0.024218040333949965,-0.006207802635242088,-0.0021085283157549436,-0.016678157205417526,-0.006494435418646306
2020-07-29,0.016129376784823974,0.018871905203405533,-0.016852130177183212,-0.0033261557367190602,0.00399543509279874,-0.011785967423573827,0.012351783351742583
2020-07-30,0.01980304763990757,0.024047185622384025,-0.02701290108805315,-0.006895685263119258,-0.0017415452636844982,-0.012416595074513708,-0.0037573017634548516
2020-07-31,-0.007874363275740313,-0.0649059242573074,-0.012378078679000822,-0.00948090739875436,-0.00021801640034631916,-0.025808003570411887,0.0076412362421762695
2020-08-03,0.003944893387709633,0.0,0.02968758944894098,-0.020099059883771985,-0.006997928902862059,0.013318144303758585,0.007155362664358673
2020-08-04,0.04239527514764692,0.023423717735759325,0.0062211023352500994,0.008388044640378818,0.005616888233497806,0.016157826008549123,0.003605423026133557
2020-08-05,0.011257557458115833,0.0012554899750865376,0.020334418160046292,0.011287465975929212,-0.00891466502035628,0.015420310932253893,0.006409160435517922
2020-08-06,0.0754393514072029,-0.016445619228998214,0.010953838266316105,0.005491133003140737,-0.002866115951222162,0.02781030174824426,0.006407126020664802
2020-08-07,0.01715330942164312,-0.011361692136212131,0.0037495789536593337,0.006716948671879898,0.006456384879354665,0.012543747786698575,0.0006328292699566697
2020-08-10,0.14536577746554633,0.005330349166378433,0.04607751319597115,-0.0016749159138070323,-0.005573469896650298,0.004682734099361301,0.0027384652733919213
2020-08-11,0.05158729015313283,0.02498322325570893,0.019115692840921544,0.004390984579579063,-0.0063445984306857925,0.024062953127075327,-0.008001055401377298
2020-08-12,-0.03989125580069963,0.017721554768425817,-0.017330169681220992,0.010377941253075744,0.019640058416515175,0.01991234772051397,0.013899502293613534
2020-08-13,-0.011696034352433242,-0.010417749680321015,-0.01727278425002706,-0.0010331697720452992,0.002175009023496393,-0.005880513647308738,-0.002049272676156681
2020-08-14,-0.017804557063833378,-0.0021321291825610925,0.011189324432718467,0.0014460441977709006,-0.003918131148869625,-0.010524182874895318,-0.00017189739627902921
2020-08-17,,-0.0005338534190862639,0.07433869019617667,-0.004965779557825621,0.0026134776215727545,0.009712944137631832,0.002706177507423456
2020-08-18,,0.01851417967404192,-0.005680876605765006,0.004346166867506265,0.0013767400689055351,0.00405001608951075,0.0023007404198168474
2020-08-19,0.04031554992338592,0.0013966758655168604,-0.020996300819257054,-0.02192377655070818,-0.012092174108779623,-0.0064138444842775895,-0.004414123345182018
2020-08-20,-0.05948532996292037,-0.009993954202844461,-0.01343700168027159,-0.0004220957333694063,0.0019769211308928473,-0.008318107781082265,0.0031536547683461333
2020-08-21,0.006430886649834257,-0.020112866005236166,-0.00940933741944376,-0.0014792739144599272,-0.0019037583577020273,-0.0019406741277661706,0.0034351999829724668
2020-08-24,0.03464890169087907,0.030455666614820253,0.059470531231122566,0.014488321959509887,0.008610239625441062,0.006924980497927449,0.009993615364903508
2020-08-25,0.02748254721424466,0.012995051584635191,-0.02066733568980715,-0.0012517334864771655,-0.002473365087149222,0.0002225647614440261,0.003589899745540117
2020-08-26,0.008995767393125754,0.02112164885581551,-0.0070982156797046786,0.005204790057619551,0.008485421965464058,0.000741611861922807,0.010144001344841499
2020-08-27,-0.02417028961788109,-0.006256017035062779,0.007098215679704682,0.0014520732468000163,-0.0005058225823945301,-0.009908816064649788,0.0016716460318091384
2020-08-28,0.05068143232719937,0.003386491940210032,0.011053471700206364,0.032636323502408075,0.011065828701237337,0.0026918419032604837,0.006710002849570254
2020-08-31,0.025826303798673345,-0.017219738672658285,-0.013076435626005347,-0.006038925762232779,0.0008574500817463956,-0.011188402346375559,-0.002197375175508541
2020-09-01,0.01963604983744219,-0.00915610725170768,0.005385547305408273,-0.008312252473902096,-0.006231530427100186,-0.000982095772612368,0.007496831420705943
2020-09-02,-0.02247295822948325,0.033114479360740905,0.03852306373320913,0.04127794952366034,0.02903082123980945,0.0016615814038708407,0.01524905014386973
2020-09-03,0.0028369083920408667,-0.010125125376585083,-0.04898386279252336,-0.013967046392452512,-0.020573434886437068,-0.019583900920095213,-0.0357575941421853
2020-09-04,-0.022923516812463424,-0.008858520240848159,0.017485274919952273,0.01103249309752311,-0.004386439417160285,0.024476646438442197,-0.008166280754275102
2020-09-07,-0.014598821338643243,,,,,,
2020-09-08,-0.011834569823617006,,,,,,
2020-09-09,-0.0029805385332680105,0.025855785299843333,-0.013368557435929448,0.007599899415669781,0.0114429794338675,-0.0007621692175501569,0.019944760662180386
2020-09-10,0.008915564512556375,-0.005609934475527189,-0.05732418562132473,-0.00379231660583872,-0.017288255279144554,-0.007271145873295293,-0.017741245925395586
2020-09-11,0.014684455815525119,-0.01291724036605198,0.009566293191692901,0.020977933192615626,0.007761736789207835,0.008871124516361593,0.0005329301580873496
2020-09-14,0.04837347601735253,0.0017793767385366143,0.02336248930143736,0.0011838995556394051,0.006312285272405333,0.0183327026522512,0.012661335025022992
2020-09-15,-0.005571097835416044,0.0033720885102696044,0.012747228824624694,0.006682536277137375,-0.007712639854267937,0.001941674898791073,0.005205785930499657
2020-09-16,0.024829202432838128,0.010749934765437116,0.006627635450548877,-0.005106210578720476,-0.004729853763903636,0.0,-0.0046296468921518345
2020-09-17,0.002720900047575568,0.016514876052378235,0.0040810512349018025,-0.0047363610269726564,-0.01327494580107231,0.007211007276614433,-0.008447949528552457
2020-09-18,-0.01643877206669468,-0.00761502943788114,-0.013245216775314098,-0.0019803195089155077,-0.013072984066477996,-0.005570986130139961,-0.011245576947828505
2020-09-21,0.02185889008067898,-0.05536140140208042,-0.048790145217489755,-0.027327346453637387,-0.0017509996168195167,-0.022828358722970083,-0.011638564027297718
2020-09-22,-0.030180681765833498,-0.002205888903467511,-0.018843118083387816,0.011544572982601035,0.006909904413158649,0.00781872354580832,0.010463016398376152
2020-09-23,0.0,-0.033876133213653535,-0.003402628410858312,-0.02963348949638257,-0.008740554481623935,0.007833170600885443,-0.02400733891437413
2020-09-24,-0.04559191691050082,0.006640744845271483,-0.00786984063280307,0.010112549408383008,0.004417809393509443,-0.010862229624741997,0.0029830055546290505
2020-09-25,-0.008784911971196527,-0.001135330593685804,-0.0037858822057148392,0.00041065578920205733,0.014861223914753943,0.008458628209859482,0.015850439224188495
2020-09-28,0.031840337730211464,0.02910653078519801,0.015058351249376302,0.01142848331688101,0.03255982953623096,0.022604814589626546,0.0159821918538544
2020-09-29,0.016949721187089085,-0.001840545715557432,-0.024064348861872413,-0.007331732672288162,-0.005887787157039086,0.00190121391476848,-0.004824282704443997
2020-09-30,,-0.007396476714475682,0.029146411947858143,0.009156412752509911,0.010443796645267872,-0.013573893130149683,0.00821984256837961
2020-10-01,,-0.005210271017136894,0.026348157664461025,-0.0038558091392466927,0.015748477772584944,-7.564457006515502e-05,0.0052789495642950775
2020-10-02,,0.007434971650486684,0.0026298545142322024,0.0036534363382356543,-0.01965208888727063,-0.0052997277520079565,-0.009623812866370861
2020-10-05,,0.0236079793611315,0.016281630691280035,0.0004050736685073658,-0.0009420880353088678,0.0028047640730419843,0.017813109002900934
2020-10-06,-0.0243582424615734,0.027296294147467128,-0.018253471093694053,-0.00895058352847622,-0.01629976320075748,-0.006379222603978504,-0.014072064387523205
2020-10-07,0.002735572715940792,0.028112246586332268,0.03934738343527379,0.012589157377564924,0.009607228092878515,0.008874186282944313,0.017247163770241564
2020-10-08,-0.013755398717572481,0.020158168988928603,0.018487051688539674,0.01799698164901363,0.006112434809094383,0.003918981257046228,0.007978212894869286
2020-10-09,,-0.0021824558166295954,-0.001553382331189081,0.006912168922453338,0.00427080866404242,-0.006565301470054295,0.008755095180752877
2020-10-12,,0.007868115986411774,0.0015533823311889973,0.005495718016558758,0.026305038133943148,-0.002122254459441837,0.01628253015832422
2020-10-13,-0.005571097835416044,-0.030646642300028802,-0.01061194587474254,-0.017175477285363748,0.009871295937634986,0.006428366968363853,-0.006326891629163268
2020-10-14,-0.005602308927733977,-0.014373722058732297,-0.006295027484779036,-0.0019932543605880823,-0.007131014535722468,-0.008478901194819375,-0.0066451720840594065
2020-10-15,-0.011299551466333152,-0.042946533467731945,0.028635491245287786,-0.002597221093491365,-0.007677407927479099,-0.0027408887477376777,-0.001528923514213078
2020-10-16,-0.02298939540663242,0.009063044005754218,0.02604654393491146,0.0007997796022516414,0.002118859542548163,-0.0040487506733815045,0.00013491045663045577
2020-10-19,-0.023530604176050355,0.001982775626404936,-0.002994406207071659,-0.00822886542169919,-0.01456991125243769,0.001835481274165508,-0.016464663514942676
2020-10-20,-0.0029805385332680105,0.0247234158419077,0.06528796371520482,0.012616527951578686,0.00021491695691545258,0.0032799572087282448,0.0047161953200011274
2020-10-21,-0.01201221084470332,-0.023643462223771953,0.004763965106629443,-0.005187442132131209,-0.000787482736994837,0.013840410365389232,-0.0021981140115702774
2020-10-22,-0.018293185877661888,0.010379516423190103,0.04482861961778855,0.013708239126059604,7.139841879030592e-05,0.0021007872666207778,0.0052053540034913415
2020-10-23,0.027315948015416966,0.02496613790554621,-0.01562531455233464,-0.0031618188418110456,-0.00035810215771105435,-0.0010499394181406262,0.003439838320389479
2020-10-26,0.026589469035029876,-0.016103963997649986,-0.027806473320978447,-0.014354224583883142,-0.010806210709436022,-0.003231528321001767,-0.018764472985322012
2020-10-27,0.0058139093674467145,-0.025376707194701722,-0.026306056788857016,0.0020058667570923778,0.0076484269254083,-0.002939699612381187,-0.003030205350445511
2020-10-28,0.0057803031149055795,-0.0411991648839874,-0.023195972027749808,-0.03965355579940494,-0.0362293982082617,-0.018207978883583463,-0.03592554210857772
2020-10-29,-0.02037912445354887,0.006954312057755176,0.02319597202774982,0.0012500710601002346,-0.0013422634922376248,0.009792545346068965,0.01187652493999744
2020-10-30,-0.032887881342048605,-0.02811198034831764,-0.010371932889635782,0.00083257658705439,-0.005238124627790771,-0.00045679801348707746,-0.012203713445259962
2020-11-02,0.035824652658152295,0.006337031495509115,0.0005791262154588781,0.011584805410159422,0.01385808029081702,0.014743404175273716,0.012242950890591667
2020-11-03,0.0,0.030353848185978288,0.0228909921889833,0.014902786226524457,0.013887558444518914,0.01954643032287676,0.01764273768407783
2020-11-04,0.005848140655092903,0.00370725188719199,-0.0031167230293722837,-0.0036540856383731803,0.005966038148524458,-0.012665317569498862,0.021807525655091704
2020-11-05,0.020202668110822403,0.039363002195221264,0.05251265110271677,0.00547617956708592,0.0013771479094753475,0.021458725154618014,0.01927326577670128
2020-11-06,-0.026050808765915225,0.00814888199938488,0.00884643069560278,0.00020241386665826986,0.002387797720127111,0.0009476558981592302,-0.00028775658537381985
2020-11-09,0.011662050022539507,0.09806501627199089,0.03899470119243051,0.06118338983090804,0.0005053538785940828,0.017628151464169895,0.011631974746344153
2020-11-10,0.0057803031149055795,0.06321810573665851,0.05298574315841039,0.026468210905486223,0.023344118176630756,0.0021460354212550826,-0.001400775220867666
2020-11-11,0.011461213276662713,0.005838684050242717,-0.012738900327804394,-0.007437942277412504,0.015265326014249335,0.01798774059571326,0.007622728362991461
2020-11-12,-0.008583372606065882,-0.029540793844368946,-0.03104896168753054,-0.010695334827352826,-0.0004171036437803182,-0.01977581446220915,-0.01002865154706935
2020-11-13,0.01991515922546181,0.02009198839094142,0.04646209863176418,0.00826595130929734,0.006030338785571133,0.013721608791248938,0.013518546706294007
2020-11-16,0.008415165803525554,0.024413321495698255,0.02256453199442069,0.007455966580582828,0.007229659920827001,0.01742968439030248,0.011580734922832603
2020-11-17,0.01936465776519101,-0.021554239867032886,-0.0035669214367861756,-0.0031618408892957525,-0.003573727310634217,-0.009552201509751012,-0.004803443784647531
2020-11-18,-0.01657511903662651,-0.00996685412379895,0.017474167248320207,-0.020134467407524056,-0.012889107339453696,-0.006395518030276024,-0.011631210647481315
2020-11-19,0.0027815591068515093,0.0012133697257070916,0.002337975809355484,0.009835556549412292,-0.0004185521308810449,-0.006436868430605816,0.003938675690732779
2020-11-20,-0.01680727846362642,-0.01419758562151504,0.00512484894473979,-0.008695478946695763,0.0006972963587040613,0.008549801730350267,-0.006815737372918576
2020-11-23,0.011236180628210413,0.019790441886324187,0.039408043298536165,0.00018956955832579494,-0.0027927534321013667,0.007919075455106315,0.005620108181849693
2020-11-24,0.011111330413718954,0.0377180497339134,0.03705354905667313,0.010198477780974241,0.0070369059284373925,0.004040258681485481,0.016032458814031775
2020-11-25,-0.008321791685154612,-0.013150458911422141,-0.021758988023394297,-0.005463909365070053,0.0009022707008603067,-0.01774549049286056,-0.0015856747555094064
2020-11-26,-0.0027895387285645,,,,,,
2020-11-27,0.011111330413718954,,,,,,
2020-11-30,0.00275853936426518,-0.025906391353397278,-0.02744858195790993,-0.013283555620603906,-0.0025619431114354686,-0.04151794780195332,-0.004606140636972006
2020-12-01,0.010959332654853982,0.01680472966878685,0.018979408527310702,0.008491187188973633,0.012676660346412976,0.012417077389216347,0.011208140661592923
2020-12-02,-0.005464544667647284,0.0027981519187065275,-0.0022407168965170705,0.0013441590224797992,-0.009976287697099954,0.0014679694218993242,0.0017895645286042845
2020-12-03,0.0739120087476641,0.013293747422036598,-0.011052381537711629,0.012775432868202345,0.005922603861486208,0.003733603599085059,-0.0006243520802942291
2020-12-04,0.0,0.023378317467287066,0.007006628098011493,0.020070117469767258,0.009645581737825135,0.010395248927455242,0.00879746371518688
2020-12-07,-0.015384758903170266,-0.007256295811688758,-0.0020289415470910372,-0.01609939766168633,-0.0032967539428876134,-0.0009406895830038887,-0.001937513438963252
2020-12-08,-0.03684641038757658,-0.0030030362444669,-0.011576778043842205,0.003579324142204081,0.00103142330948464,0.004261725615046007,0.002783271170170473
2020-12-09,0.02645650613476813,0.009266555362977215,0.01428108981010801,0.002816751332454197,0.001167493913154646,0.015306762397809651,-0.00798096494847171
2020-12-10,0.0,0.004106913824921094,-0.035742465771713194,-0.005264108842878367,-0.007025877471088759,0.015425557176918667,-0.0012859345277717227
2020-12-11,-0.007863707381384942,-0.01595483290183246,-0.022409239445499274,0.005638743687393451,0.0020718763034692955,0.05394573440326349,-0.0012657980842328352
2020-12-14,-0.005277002579658214,0.005155963349747566,-0.007182253902932981,-0.0015003155850463838,-0.0051178674118969,0.016941995931395986,-0.0043687882451469585
2020-12-15,-0.002648928236976962,0.010516018224699145,0.0009605685927886475,0.01064331641873698,0.0037370302574056655,-0.004764479450151502,0.012838482022218645
2020-12-16,0.007925930816635344,-0.007947795153354595,-0.005777877397217588,-0.014593463489705562,0.0008288956732358498,0.014548173228071809,0.0017712256203230642
2020-12-17,0.0026281472666816906,0.017934517481129307,0.014619903447495305,0.0039501470709686175,0.005643308987614446,-0.0029056748043387887,0.0057411428089832834
2020-12-18,-0.007905149846339866,0.00069966726265297,-0.02456748718710832,0.008784216054304968,0.008337496547905469,-0.005641616759581924,-0.003517296952148704
2020-12-21,-0.010638393169068866,-0.021059535957453798,0.004864965253321609,-0.017457106466510344,-0.010467410323107424,-0.013091733497878219,-0.003913928486909485
2020-12-22,-0.01617279774635059,-0.005155343242606146,-0.007550760672553843,-0.0009474195729633689,-0.009536284429352448,-0.00661070536314953,-0.0020752446917703606
2020-12-23,0.005420118013984291,0.01212988986481761,0.03719663434673873,0.006047129590671185,0.002704128876348044,0.0025831536380036897,0.0007455332718186887
2020-12-24,0.010752679732366356,0.000709209025526841,-0.020707534272382446,0.006759352016167888,0.004491200930489002,-0.00457505527894795,0.0035303499794869524
2020-12-28,0.013280531840174204,0.00028326241834675264,0.0019221564817064724,0.013383162592934787,0.012672513829746022,0.01405647630451073,0.0086847075384115
2020-12-29,0.021220785109534516,0.005933999905929853,-0.0021626261952647123,-0.0005540564784293637,0.0034654200750163663,0.0048375441387564725,-0.002229864827278697
2020-12-30,0.007843242114993916,-0.004800934966988842,0.006473993222721036,0.0057103899330761985,-0.0007464809448289088,0.004878989945925596,0.0013406480950792154
2020-12-31,,-0.010529367138457273,-0.00479163156631409,0.0073209141844766245,0.006698476243246558,0.0031105417782854757,0.006418204711703793
2021-01-04,,-0.002004696003136939,-0.027512371785969585,-0.03866689183889743,-0.027550928593480576,-0.008315736042827497,-0.014864762712025787
2021-01-05,0.009592325144929954,0.013948503896092706,0.02799263632482743,-0.011053796117528726,0.0029758654288189095,0.0007173284701778542,0.007057631383362026
2021-01-06,-0.03151758458213738,0.015149660791129076,0.03119336562756678,-0.03233008969999272,-0.012307619826004592,0.0008470992155902355,0.005693603382474094
2021-01-07,0.014670405240626372,-0.008809435040449686,0.007879521213905585,-0.011146687153333648,-0.0032234719141306764,-0.005617296480002149,0.014738260107752971
2021-01-08,0.17745499536095155,-0.0016867615617664718,-0.006019824925339737,0.022170317142688717,0.011931010237883469,0.0011785115074040725,0.00547683739351537
2021-01-11,0.08378822576075252,-0.02810640483411527,0.04429009864982296,-0.01737789193390067,-0.014601968165262564,0.0035263208602709186,-0.006576327616621317
2021-01-12,-0.024599240693883567,-0.00159309170314471,0.06055940530698924,-0.0017942209896735187,-0.004655465140611706,-0.01074931091076496,0.000415702030569564
2021-01-13,-0.00769220972396823,0.0010140358225143704,0.01885085250302698,0.0009972268977384432,0.00816863031844205,-0.007275081644909731,0.0022730563867261076
2021-01-14,-0.033369316369128856,0.004045653985754085,0.05586931534312751,-0.018714868721044896,-0.0058382532851799646,0.004569716478853089,-0.003760513068743101
2021-01-15,-0.04281987772291789,-0.010290812763932379,-0.030741267245519673,-0.010824160419985612,-0.0026134443982440375,-0.019550233811992817,-0.007216000798278504
2021-01-18,0.004158017551693872,,,,,,
2021-01-19,0.08163730322583235,,,,,,
2021-01-20,-0.00960612668547949,-0.0005854614559226446,0.018428465809464868,0.003498452231472559,-0.005151327623949521,0.012411649189700098,0.013839417376510862
2021-01-21,0.021013188746480248,-0.007200193967972593,-0.014061640160562225,0.005531081376346903,-0.012245076414045125,0.00902704218427639,0.00031667316131354906
2021-01-22,-0.028765103268904867,-0.017854883125052554,0.005792784769853725,-0.009441741087192791,-0.0073328463968757324,-0.02265454392765277,-0.0030151526629377105
2021-01-25,0.011605415627478698,-0.029093498799122472,-0.036956070960019356,0.0059627119328507176,0.011407491135086227,-0.008348284905817502,0.0036093175130174657
2021-01-26,-0.03323866350172801,0.0067775730055494214,-0.025610973512211307,0.010400894027601052,0.01149017747505115,-0.005056367041803899,-0.001489943161153501
2021-01-27,-0.024146086752456705,-0.02612908043408556,-0.053277576209477345,-0.015539081430445356,-0.026874025034448152,-0.02314582850473793,-0.02601331512610035
2021-01-28,-0.028927609980895226,0.024285063994697955,0.03387472282855146,0.012694918306333541,0.008296044955326,0.0046165504860457215,0.009713298778760395
2021-01-29,-0.040647255458041806,-0.03649287636554917,-0.007078333926589471,-0.02055590889322564,-0.019002198692958158,-0.019590603144666378,-0.019500377654792
2021-02-01,0.04064725545804169,0.0188044633849839,0.016244643723059175,0.006830251964162453,0.002997619622015162,-0.0007831659368501489,0.015924300234678626
2021-02-02,0.008350713558661052,0.03082836503118911,0.02321899105779287,0.009852281817946383,0.010168656607725113,0.0191166075232461,0.013802528814310624
2021-02-03,0.020576896422234165,-0.00654829940228783,0.028607952231470134,-0.003888343822790138,-0.002605254875823319,0.03400201904787556,0.0010082606153447803
2021-02-04,0.01214592079402053,0.0015268580569702582,-0.002214325003830254,0.004909074561523367,0.011955504391188478,-0.0003378163039019035,0.010794847643921975
2021-02-05,0.004016077031996792,0.001219533732665617,0.0051592979620316325,0.012974012399979595,0.009122241756531658,0.01900497095037051,0.003889919607763825
2021-02-08,-0.0641377965001548,-0.008569275130369668,0.0443959405940238,0.005423133221336799,-0.003980839225301584,0.013627764345768326,0.007372107476289037
2021-02-09,0.010627153066096243,-0.005702325873763859,-0.014521244526205233,-0.004416671664648083,-0.005713990708093147,0.006972376215828053,-0.0011141454217211749
2021-02-10,0.035309944836888325,-0.003095942831624114,-0.02127354112956209,-0.002014210487353126,-0.01370404006616069,0.04792391929193056,-0.0003452445223915674
2021-02-11,,-0.011852987274661863,-0.025467350200864842,0.01401420315463023,-0.02002477172687638,-0.01634962034457185,0.0016610748145877074
2021-02-12,,-0.0028279420631540622,0.001867398491660934,0.00772386682060213,-0.008183393325327071,0.00970470175564135,0.004699970926162608
2021-02-16,0.0,,,,,,
2021-02-17,-0.01629382841433204,-0.006198617493013379,-0.010719322809762852,-0.002788729735191452,0.0005950285270645039,0.00031955542234822455,-0.0003204533489169501
2021-02-18,-0.033405930297709385,-0.006706799820785969,-0.013898343598009007,0.012685978219255276,0.006745069526342099,-0.019872898600198113,-0.004425614227243303
2021-02-19,0.027226742006753096,0.008725494505226153,0.00782981440178757,-0.013084952255252283,-0.02135362802727516,0.000651396808851544,-0.0018566190956649255
2021-02-22,-0.0020681361707155224,-0.0017079841091593587,-0.011286689478225378,0.010323457261334877,-0.003931984839736288,-0.007254922329903173,-0.007762892893710863
2021-02-23,0.012345778467679867,0.010357939045035345,-0.01687893344872197,-0.0017790586049400013,0.005967494792579663,0.001900424379526983,0.0012555296115265332
2021-02-24,-0.039629663339064335,0.0035311775340656827,0.03442346014797909,0.0033577219951029646,-0.005210441318438805,-0.0018351065357762818,0.011287667670985945
2021-02-25,0.0416726085075194,-0.08204978910356403,-0.04445208402756414,-0.010705765861185794,-0.015948615930170138,-0.021146677856407288,-0.02478339442417185
2021-02-26,-0.03319796683917902,-0.04039922285086071,0.014324009594569352,-0.02380089577834778,-0.006250405645445981,-0.008950755993610246,-0.004761532293798778
2021-03-01,,0.02750672052540981,0.02329939627766387,0.018404769073433074,0.011008176461931824,0.00948627794688864,0.02351217322569352
2021-03-02,,-0.0027000906659202227,0.029444263809351803,0.004000044748103026,0.0034392587455062897,-0.0008707605644408642,-0.008113678739508762
2021-03-03,0.004175297439315011,0.0005068182907260433,-0.026973095700375566,-0.002398124382339973,-0.014834458251644155,-0.002549933682323755,-0.01315233589480116
2021-03-04,-0.021053364335756438,0.02022974108881138,-0.016076736113330433,-0.0008007751779221896,0.005549690904520129,-0.013393019945812731,-0.013508038064390469
2021-03-05,0.0,0.008897724271310088,0.03637436581601904,0.016877189501036054,0.032080938841471264,0.01130808551532252,0.019308356338709188
2021-03-08,-0.019334643443192377,0.005888157712952553,0.022625717065769047,0.01659724610815404,-0.006788419936045509,-0.0019545805361054756,-0.005373643224025429
2021-03-09,0.004328934492456739,0.01392737491220036,-0.006020233198624637,-0.015219850489239255,0.0009077070633704778,0.02208441826241996,0.014055400743930569
2021-03-10,-0.01742949581188464,0.01879927071227991,0.03911539927237796,0.01133906251102053,0.010006869233754804,0.002241269280355784,0.006012203770988197
2021-03-11,0.004385894065965514,-0.01574834870549217,-0.008837168368811646,-0.010945970651036963,-0.002698967857769962,-0.010058648896497033,0.010341825500657608
2021-03-12,0.017354044734525887,0.007984721561310134,0.050707222066770787,-0.0019837407048277317,-0.0013519469179341112,0.001130114786974874,0.0010148833275308508
2021-03-15,-0.002152899006256598,-0.0031862683354528212,-0.0225264831077644,0.013216565214577258,-7.524158537573761e-05,0.015621905894239795,0.006470939539413048
2021-03-16,0.008583675572920384,-0.013170744519272871,-0.014253748507752177,0.003716380378858013,0.0073399719455370886,-0.005246038618662679,-0.0015709169785959108
2021-03-17,-0.008583675572920451,0.03151131319170448,0.05002323412641537,0.0003904325354270675,-0.0029148712765631997,0.010074113960985426,0.0028752446501592592
2021-03-18,0.008583675572920384,-0.016905452026455058,-0.013074243406664729,-0.013161951868213471,-0.008190777329916464,0.0261457287734691,-0.014870560065947797
2021-03-19,-0.01941807933347485,0.024086086972597405,0.009236833415489632,0.004734579968430176,0.014755191466096548,0.005501061504753061,-0.0006028856737550234
2021-03-22,-0.0021809874313245977,-0.01409791785787514,-0.02917453690392012,0.0037324419635779375,0.024239233380354285,-0.026194663567267015,0.007000556898342752
2021-03-23,-0.010977035366147329,-0.009351043756457888,-0.03396066033727848,0.0076180634110147,0.011974536210130442,-0.020535587153272108,-0.007660118119334028
2021-03-24,-0.02458224321092314,-0.012175611741429684,-0.0062520692784218505,0.002526367167046692,-0.004671647610197392,-0.004436958308125496,-0.00548233660034883
2021-03-25,-0.013667752248745486,0.0,0.014056059680880228,0.009658296678621892,0.005889908393524873,0.00265158355264556,0.005226583432729291
2021-03-26,-0.011533949204217929,0.02026386990422881,-0.0014142888998739617,0.01941801294161599,0.021748354379038385,0.015109759864386214,0.016494418658716575
2021-03-29,0.0,0.012401031060681703,-0.010314867952945254,0.015156124207317196,0.014677913772516132,0.00992638222529224,-0.0008683896263867381
2021-03-30,0.018391176078279153,-0.0018738986884527674,0.04491781185705232,-0.01308425723139319,-0.015799786927498262,0.00927138538564925,-0.0031628294096500294
2021-03-31,-0.006857226874061279,-0.017819455855982644,-0.01810847535037307,-0.008312923665390883,-0.007676490449529273,0.014132636881069064,0.003615953592419885
2021-04-01,0.00457658671534499,0.014845550962363601,0.0058995762654085885,-0.0038018315676457137,-0.001202254553677411,-0.01224964764897015,0.011755830427674127
2021-04-02,0.06411059373966996,,,,,,
2021-04-05,0.0021389171356005162,,,,,,
2021-04-06,-0.01724192288125037,-0.006862071060183302,0.014636729988463252,0.0071697469700411996,0.0035556548443098778,-0.011196520157958145,-0.0009740049407969285
2021-04-07,0.0,-0.0051776974513067595,-0.01808296042919352,0.0016906903664132271,-0.0018110821364088125,0.006810374642896281,0.0014741456981068137
2021-04-08,0.006500703325979886,0.024397163331796652,-0.012239718091978867,-0.003007632061303123,-0.006085211475545563,-0.008569269751577355,0.004211750940591775
2021-04-09,-0.013043601745919162,0.0038304515371442574,0.0011642844635367051,0.0011289855688590192,0.0002105229031541593,0.0058507714781525265,0.007690288135687276
2021-04-12,-0.011001187317583807,-0.004905698668929938,-0.008345896629570627,0.0031916358569813235,0.00315151868686473,-0.0012323868448519898,-0.0001960980747395339
2021-04-13,0.01754408573752307,-0.01066066333563014,-0.019806069528536276,-0.004885592548458531,0.00020975276638670237,0.010843760796276114,0.0032890718770625686
2021-04-14,0.010811146314586484,0.012042821310959802,-0.0001709417533748862,-0.00018839466144744045,-0.006593059815473617,0.0028847789569769245,-0.004096104320730151
2021-04-15,-0.008639377481063453,0.03868341125810118,0.0022204421256532296,0.0046988311426008,0.0014062087292631537,0.006953021215666597,0.011033101401119478
2021-04-16,0.004328934492456739,0.0060352802703284945,0.0017047932200437328,0.006541490192370316,0.012916240984127999,0.0016516093843680637,0.0036023233905179666
2021-04-19,-0.006500703325979799,0.00833040280872166,-0.014238199630796963,0.005943607098564949,0.004084467529159445,-0.0073893637083591555,-0.005320689893757947
2021-04-20,-0.004357143883548997,-0.0205860067088501,-0.03713588141778301,0.0031433293799567525,0.006610165512987506,-0.014878772418431885,-0.006825561005077803
2021-04-21,-0.015401829158358984,0.03388670050880197,0.030375083516091448,0.008089775813588364,0.008677884386217659,0.006726179633609849,0.009263020919853236
2021-04-22,0.002214887304384922,0.008580024138066541,-0.014542696933974851,-0.0031178812632930318,-0.006210356280369776,-0.0023233249336289583,-0.009253337860554323
2021-04-23,-0.022372336723096548,0.0031276274272782558,0.015238125469387282,0.0005509647682045766,-0.0016443212302198508,0.0013558921259097362,0.01086940989553096
2021-04-26,0.0022597601382235806,0.0019852485031261764,0.011750595315121818,-0.01498256167526123,-0.01708267426554497,-0.009399533395846083,0.001780684564582624
2021-04-27,-0.0067950117791567705,-0.0036898651201198243,0.012971666241713725,-0.001491868965336708,-0.0032838730832425514,-0.0047657858646314956,-0.0002149189814442344
2021-04-28,0.006795011779156692,0.014118560877673676,-0.0071476089477924614,0.00018688769551178838,-0.007445929318325389,0.002940465339369015,-0.0008458975873960478
2021-04-29,-0.018223684214350108,0.011291463504593056,-0.034402281157286024,0.012424647347334759,0.014767161035668823,-0.005430291131852958,0.0067400415367024095
2021-04-30,-0.025612485737410234,-0.016492216733074404,0.011424652077921267,-0.005173683479041185,0.0015274757136690055,-0.01094974218170486,-0.0072207134171198275
2021-05-03,0.027908657564791387,0.009397546265921932,-0.0012240035221477309,0.0092199197165608,0.011243492109938118,0.00963689580324152,0.002744321649512167
2021-05-04,0.02491652802876321,-0.006270189296913999,-0.032183454439314946,-0.006260134092514578,-0.012632147856319182,-0.010831667386654044,-0.0067007374898472305
2021-05-05,,0.00042502732916984933,0.03967909240024807,-0.0025893952457105305,-0.00048601746073573867,0.005496572000006503,0.0007032164471135163
2021-05-06,,0.06017457362496152,0.019605183167553684,0.00995042948268296,0.011539078073967722,0.010118883688412298,0.008132299498632055
2021-05-07,0.0022345112577057133,-0.005481605526982713,0.004587637054984453,-0.0005502574563461256,0.0,0.004500932552653622,0.007346291419186351
2021-05-10,0.02425697897067173,0.00388027716056525,-0.0271494936407166,0.0073110891450108165,0.007937665982394605,0.009134789745465196,-0.010490480503138024
2021-05-11,-0.013158022797472012,-0.007102928747338969,-0.02969995092483644,-0.010802854438390757,-0.007319264272010112,-0.01835379374512685,-0.008711750141781542
2021-05-12,0.004405386763791706,-0.00525930950997843,-0.03598903066005539,-0.00516795433775085,-0.009797320613014141,0.008372527087243615,-0.021682782358302413
2021-05-13,0.008752636033680396,0.01343018445073231,0.01550432320864038,0.00865971963113077,0.014728328419706553,0.011076949509452273,0.012099644578094055
2021-05-14,-0.0021809874313245977,0.009295035599900591,0.02531781345119658,0.004027716186782365,0.0015019494709663508,0.003986231054370006,0.014807778563623631
2021-05-17,-0.008771916057145954,-0.004238432347295137,0.0007140674099269185,-0.0016456970295911067,-0.0028694372549160786,0.017995714082334604,-0.002533258183961915
2021-05-18,0.017467554221396838,-0.007862111041550386,-0.002680225772167735,-0.005505546978375712,-0.0045253795084079776,0.012400753350502546,-0.0085537723840327
2021-05-19,,-0.0036184660058687173,-0.006462032406464061,-0.0031333148251955333,-0.0005501658658927741,-0.008564040815919863,-0.002947751811378411
2021-05-20,,0.011613195212351662,-0.00036035657984969944,0.008821960198058929,0.012301377903156736,0.0058214350081241244,0.01049942933450842
2021-05-21,0.013274640197876724,0.005426574440509197,0.021563899922096258,-0.0005493957892312966,-0.0008831735434285913,0.00584982135075997,-0.0007841880752528091
2021-05-24,0.0021952661743175846,0.002768049857002686,-0.002118075929782689,0.0032903020757590108,0.005085770132846752,0.010001818010896163,0.009862497481216075
2021-05-25,-0.0021952661743175326,-0.004088810115149488,0.0028228016225470168,-0.00018251536409120593,0.0030389579817878816,-0.003322766535452678,-0.002127545400828599
2021-05-26,-0.017738854194697187,0.002639886198031475,0.022989728579239782,0.004370875033101854,0.0,0.010911652665717225,0.0018750575506104544
2021-05-27,-0.013513918807923075,0.0,0.028682426741472724,0.008323972108330618,-0.012143999123360658,0.009284846188920275,0.001164636089862995
2021-05-28,0.050839812796854955,-0.0011871350141501042,-0.007726033065778774,-0.0036104525986289282,0.009713252156438354,0.00259404717892552,0.000768586452887337
2021-05-31,0.012848164968385475,,,,,,
2021-06-01,0.008474641668340423,,,,,,
2021-06-02,0.004210539782523144,0.013897212499719586,0.0,0.003971806138918656,0.003988531653598667,0.024588064780070865,0.0014458890369002922
2021-06-03,0.002098517846913921,-0.015467832400711026,0.06191560098080866,0.002519580424298787,0.0035615492346267453,0.017064455152570917,-0.003635303056049319
2021-06-04,0.012500185573607256,0.005877334416808983,-0.001419060296457154,0.010725754727001628,0.0011505996244930582,0.015135145391852178,0.008795303383016323
2021-06-07,0.0,0.01806723564718377,-0.0022118361726609593,-0.003562537753520981,-0.0006090983464025841,-0.008865417361951893,-0.0007970562694215079
2021-06-08,0.008247324461671916,0.008025140769284697,0.010853501449358247,-0.006983570181146844,-0.009383818208079837,-0.006603591921181758,0.00017500954944121158
2021-06-09,-0.01656339584608814,-0.003558722801915402,-0.018155212381589063,-0.003059524467374673,-0.0018463560449492407,0.0051644357260523036,-0.0018255325906156837
2021-06-10,-0.014721680178449863,-0.0019117369291533064,-0.023045109406630356,0.007720572448991082,0.010214511594236145,-0.001995943197389249,0.004641454776462911
2021-06-11,0.01053756598925893,-0.00293823748557072,0.0024424459659660126,0.004461599418391936,0.0006096559432500847,0.007133938421614727,0.0019465389328083601
2021-06-14,-0.002098517846913863,0.010563147070119806,-0.011449163103740289,-0.003414391216524192,0.005940922075968495,-0.00486115337348411,0.0018135563851361702
2021-06-15,-0.004210539782523108,0.0045472146576858675,0.0003289969824269751,-0.0025234791577988316,6.688315733795114e-05,0.010246997080399927,-0.00201371995427588
2021-06-16,0.010493171818627915,-0.009496714695642765,0.015501591761491573,-0.013445251646353068,-0.01001082100336673,0.0075897380461409664,-0.005404703747026491
2021-06-17,-0.012605149816337174,-0.020176701973701097,-0.02757907579659944,0.005108986155992116,0.009607265231299341,0.007370338235300792,-0.00043581054367264766
2021-06-18,-0.006362663670631074,-0.026840324935514148,-0.022215527000216045,-0.021708316233703406,-0.02109362981757867,-0.04511684909019517,-0.013211355687284158
2021-06-21,-0.00854707550779869,0.014956276858837035,0.00914798658781616,0.010912940564388832,0.00780867438517572,0.010395866819829671,0.013905163512319857
2021-06-22,0.03375845739524899,-0.002235663704543539,-0.0010121334998634197,0.0036725848254161755,0.0014997187874573287,0.0028470341650214948,0.005111406378990611
2021-06-23,0.006204828007337582,-0.011654232701795693,0.014745398029675238,-0.008097252663409424,-0.013235746998769189,-0.009409239353028048,-0.0010838705186495853
2021-06-24,0.0,0.0050489955263861444,-0.0013315602805855401,0.004976571574136623,0.0056452289687555085,-0.00022511441532776773,0.005794429545916893
2021-06-25,0.002059776561456408,0.0,0.004320889464559977,-0.0012880584065669705,0.005067009092937296,0.0024173043539590226,0.003325063164687565
2021-06-28,-0.008264604568793847,-0.01899966938751772,-0.02791470774923444,-0.0011051261146634533,0.004293556349273454,-0.0058000196952605705,0.0023122888604717494
2021-06-29,-0.0020855474612937277,-0.01689188261075471,0.0032348845766663158,-0.007399049518974924,-0.000680099883999269,-0.0019221628938628234,0.0002772977426878152
2021-06-30,0.0,-0.01077356179714288,0.0057627195002108835,0.004630673627356431,0.008335645580674818,-0.01075186181276997,0.0013272784229071918
2021-07-01,0.010384272185419366,0.0012489691898326144,-0.001014560195540663,-0.0027756488099590884,0.0002023968426173997,0.0036538596309918705,0.005208041432254744
2021-07-02,-0.012474097148334251,-0.008636151200932562,-0.0025409129765729785,0.00406862083966374,0.00477969747630256,0.0031294768941208303,0.007472095894691671
2021-07-05,-0.012631667869484534,,,,,,
2021-07-06,0.0,,,,,,
2021-07-07,-0.017094352646180925,0.006235914453517225,-0.015256970702701957,0.008133010884841236,0.0044157800862156754,0.004107350156081885,0.0033533465536629346
2021-07-08,-0.010834554213893174,-0.016668143662366117,-0.009409540101788634,-0.0035038051267906934,0.0004671100387723,-0.008117085760280113,-0.008597881009556396
2021-07-09,-0.015367906161315826,0.0038711286179052224,0.047038690258610245,0.006077938193887323,-0.0025387814068396396,0.020226817847420593,0.011214825902413766
2021-07-12,0.01754414409067848,-0.0038711286179051872,0.0035674861798666527,0.0003669946475736928,0.0002007441196025513,0.00622388345804229,0.0034452326955940497
2021-07-13,0.0,-0.002157368495418269,-0.004078109503358091,0.009863217268051897,0.02281336800262227,0.0015639195065258447,-0.0035230111811655838
2021-07-14,0.0,0.0004317049954276752,-0.012507567632189295,0.02228700024795668,0.010276221121186731,0.004565982892383396,0.0011642565654693257
2021-07-15,0.0065006923756609535,-0.010269680454136117,-0.018269304808784043,0.0031944952311645978,0.004583651826001342,-0.0059623416218943575,-0.0032675735627459117
2021-07-16,-0.006500692375660995,-0.004809474806022604,-0.026511752629197517,-0.0007089363334606311,0.003665211904336697,-0.004480826262009503,-0.007567415006813217
2021-07-19,-0.010928861242165163,-0.03251713494113437,-0.02335009433835869,-0.011950610358011931,-0.0001283666012738865,-0.010326561271052923,-0.015996781399983978
2021-07-20,-0.0022003492691416333,0.010060887592327775,0.035714746096249576,0.0017928359739439984,0.00012836660127396268,0.010270300499683726,0.0150488060047999
2021-07-21,0.0043956125965297225,0.021725618393461297,0.015901332940628617,0.012813816140462448,-0.0037294542450890715,0.008720042786406793,0.008208041662144044
2021-07-22,0.0021905395254487093,-0.003074987925355692,-0.0250257420774785,-0.0014158509860280261,-0.0003219721578938562,-0.009449997423989066,0.0020146392092429753
2021-07-23,-0.013215969387897288,-0.0004399969066706334,-0.012660653474593705,0.009517285658974304,0.012741233377008264,0.010395808837747367,0.010094332386254415
2021-07-26,-0.004444625390017793,0.012393602692682562,0.014994371818742391,0.0008766540306481013,-0.0006998202669807982,-0.0019478717520915662,0.0023793669227295928
2021-07-27,0.00222508353503573,-0.0043566808497102864,-0.013902702641138605,0.003498951052174108,0.005523354255231713,-0.005923026387856769,-0.004723583382178003
2021-07-28,-0.011173518378759751,-0.0011651452531088503,0.008869463931758734,-0.009122925614251612,-0.009223073966952199,0.007982049971047601,-0.000186279231552706
2021-07-29,-0.002249851187214249,-0.057578393602104816,0.031748758830841814,0.005448752019447945,0.002042853562757179,0.008580330136177948,0.004197331845272641
2021-07-30,-0.018182325491151775,-0.028334115456998744,-0.007711266803998764,-0.0003506152358228952,0.0008925529320712339,-0.008747299439041706,-0.005420713608261166
2021-08-02,0.009132663000739415,-0.00047633924071748956,0.0033372259310150954,-0.002633892030981032,-0.004021967725875267,0.01127972700848206,-0.001844505670060361
2021-08-03,0.015783913821860923,-0.007014291000594659,0.014794402169304721,0.0007031905065274706,0.002236525789187928,0.022130619785348322,0.008169961338918062
2021-08-04,0.006689118234525561,-0.01873139244542374,-0.09337690550541079,-0.014511249724665398,-0.016864667832774495,-0.020482562283673032,-0.004643150661295458
2021-08-05,-0.00892880457816733,0.007955266593628453,0.03210415252537447,0.007105057933460826,0.0016862916369710555,0.0037256775166067415,0.005987485990419113
2021-08-06,-0.002244713800592448,-0.0024285658373875783,0.011142694575173437,0.002474856417861697,0.00012948897067102864,-0.01177199073683103,0.0016738645485288822
2021-08-09,-0.006764357714930784,-0.012724517031928844,-0.020184223257867787,0.00017656935683131686,0.0001295892613404433,-0.0008302520140686001,-0.0009403502649549345
2021-08-10,-0.009091238816572535,0.0026234590603097995,0.005729744359559658,0.0026441793101066096,0.0005180721816035468,-0.0037174032817467824,0.0009921869538634502
2021-08-11,-0.0022854058189858487,0.005226227157469539,0.0001842352971583645,-0.0012329809784558442,0.003942562748447794,0.0081929730559666,0.0012749307180154837
2021-08-12,0.0022854058189857836,0.000976842521511029,0.006428620223443643,0.0019370832251456704,0.00019342923288722164,-0.002428828953227846,0.00413780773547866
2021-08-13,-0.009174112394030246,0.008426542152052133,-0.017918776306621982,0.006837896440999755,0.009307252726488349,0.002208175943473165,0.0016060163209228441
2021-08-16,,0.0004839362706132068,-0.013133587845163152,0.00435866653273617,0.009727286022390142,-0.004088999947679022,0.0026174222619943593
2021-08-17,,-0.012823787299969766,-0.047968746294043206,-0.00348530331919865,-0.000949269728370487,-0.013546474555968751,-0.007085743507137991
2021-08-18,-0.0023500413838946177,-0.0067207141977590696,0.007304582725892791,-0.013710966986026456,-0.010312836182966552,-0.013789239428801725,-0.01080665284525433
2021-08-19,-0.028641770312713057,-0.015414355924518496,-0.03523195669499124,0.00635133788777688,0.016689003867736776,-0.04171634293670321,0.001255903256156918
2021-08-20,-0.024510945304230432,0.0015021722700435099,-0.005721437924365429,-0.0038764814699151343,-0.003530030678186776,-0.023349653863122148,0.00810860389074176
2021-08-23,0.012330664089396292,0.010782266614825505,-0.012786274708431529,-0.003537319450278995,-0.0031629132162264077,0.02447617097654778,0.008487667984412181
2021-08-24,0.026603799259934086,-0.001981824198432694,0.028441708894077634,-0.007648049106066312,-0.012494395128482955,0.013421534910430511,0.0014946188019620721
2021-08-25,0.0,0.007247544592094721,0.0026191154967437212,0.0010707742906248792,-0.0044364916399163325,0.015836933795337436,0.00221765740325088
2021-08-26,0.0023837457572172386,-0.0060910313424802414,-0.021969961085247184,-0.009497516965560556,-0.003678947957605018,-0.012509558552536592,-0.0058419498276026565
2021-08-27,-0.007168630912955667,0.013612408542020366,0.023980235204307653,0.001978626460921366,0.0020023340398835636,0.013257613622267241,0.008769071540452218
2021-08-30,0.007168630912955688,-0.006209284946654166,-0.012731453080467456,0.009478673810210118,0.006818336991573047,-0.005883522115096943,0.0042973241068746
2021-08-31,0.011834506510395876,0.003926179008197125,-0.0032593278203387047,0.0023114109060482103,0.0024969226554775585,0.007894190277496322,-0.0013500269158932096
2021-09-01,0.01169608749022409,0.016836946142698542,0.002038466278661431,0.006725621304966562,0.009672062966776933,0.011300315836257643,0.00031164006095334113
2021-09-02,-0.016413170089445,-0.030811694992027305,-0.003263397247610025,0.0014102819418657278,0.0007334867316187576,0.00017021520271752783,0.002838605754404257
2021-09-03,0.01408483472896716,-0.008813681690285213,-0.0026592980162104926,-0.0007047355042489748,0.0008910576158239838,0.017046378038453876,-0.0003350872611813474
2021-09-06,0.002328335360477946,,,,,,
2021-09-07,-0.011696087490224064,,,,,,
2021-09-08,0.002350041383894487,-0.008448889881290557,0.0051183619858000086,0.013382689383340798,0.014072353562783173,-0.009069799333450835,-0.001319436813816666
2021-09-09,-0.02135317880724612,-0.017114994484316515,-0.011295228433968043,-0.009975405743842708,-0.0063368193618636975,0.00038898459372146613,-0.004616247150002522
2021-09-10,-0.009638632889361546,-0.008842685747445728,0.021857644851363815,-0.0044855959586692536,-0.0017352363697134877,-0.021158713748678313,-0.0077525522862761
2021-09-13,-0.007290389078907334,0.017779039281854685,0.02651946401741623,0.008237974513332295,0.001927765070017576,0.012177477662523264,0.002273900346369644
2021-09-14,0.019324280064580063,-0.020918637033792827,-0.0015753479074315387,0.0007184200399242457,-0.003924020833712522,0.005197723992206621,-0.005763213966258604
2021-09-15,0.00238962705942708,-0.0012237050941572348,0.021061615665056984,0.0034059583985179896,0.0055919721363763475,0.012849706249073844,0.008438294222079725
2021-09-16,-0.007185707921362025,0.0038407562153300458,-0.005806199179886829,-0.009529961082570515,-0.0029528688140507135,0.0012650413973717026,-0.0015523447127638308
2021-09-17,0.0047960808619347895,0.009882979881968458,-0.003694566135177099,-0.016577370962203537,-0.009234778772629874,-0.005456268019878944,-0.0091526302757993
2021-09-20,,-0.014598800458487497,-0.038932526556857965,-0.00700459960380383,-0.0033800487739271694,-0.02371074199650945,-0.017123077726381844
2021-09-21,,0.010969067549041096,0.0,-0.00018511402292394345,-0.00045569825151974214,0.028947129963958523,-0.0008126886585469564
2021-09-22,,0.011363739051623686,0.028159738751175684,0.0014790562225963039,0.003056560966368652,-0.00170578205686585,0.009474585224220084
2021-09-23,,0.007164890712390109,0.022201357633777362,-0.001664041089743847,0.0007791860590781257,0.006586556775216382,0.012061680369935969
2021-09-24,-0.0072202041872522485,-0.012314313369164297,0.005952951486777602,-0.0027796246802314034,0.00045372130813643664,-0.001204262682609983,0.0014599428113642636
2021-09-27,-0.014598709916943469,0.02682682774936842,0.01915304883295931,-0.005209330124486868,-0.00964414342464457,0.0214049131305709,-0.002780243920187674
2021-09-28,-0.012330664089396298,-0.02184862832057038,-0.007352264831243476,-0.018259100017180098,-0.01099523028679362,-0.008993893938650174,-0.020574317739894057
2021-09-29,0.0,-0.014835542758162321,0.0015125007661701275,0.006060451260240467,0.008241122816970552,0.014655245977167832,0.0015679543362838073
2021-09-30,-0.007471968907512794,-0.020365822102515585,-0.004165045317059344,-0.00929536218465747,-0.012487205926765915,-0.042407282739298946,-0.011981202945014901
2021-10-01,-0.03303971359279298,0.0021261421730703785,0.007936618535763735,0.010427702433021505,0.003583797627958507,-0.0007315176205736972,0.011425952113334161
2021-10-04,,-0.0017714589919854966,0.01587188223922355,-0.0005659265160559805,-0.004980813358945845,-0.03325719059324452,-0.013070952048643704
2021-10-05,,-0.003908378453444825,0.00664696992332376,0.0016969860200837365,0.005907628979725858,0.0019188105503148254,0.010469517498601526
2021-10-06,0.0025804971162122258,-0.02050063973922892,-0.007573734155394878,0.01179878209631285,0.02529132842644898,-0.030493968200480972,0.004094399349624824
2021-10-07,0.03544675943407351,-0.004917515164191277,0.04549108587447882,0.003160262893006601,0.009185774976720903,0.014861732842475932,0.008264039225065405
2021-10-08,0.01970498217534321,0.0032809544541588715,0.037044411549012266,0.004444651656284781,-0.0023045025058728583,0.014644190289015122,-0.0019155566024214522
2021-10-11,,-0.010611086428313788,-0.00822889750838431,0.0020304400068771713,0.0013451394392167736,0.01832263170273793,-0.006889441644339833
2021-10-12,,-0.0029471488023043416,0.014865781949182012,0.0,0.004406361218141028,0.011241224648874068,-0.0024197056865549256
2021-10-13,0.03129002458271663,0.025677462286236973,-0.020389644233996827,0.00018433678056227446,0.006731920200892726,-0.007707420978291914,0.0030179558702319183
2021-10-14,-0.009523976887529312,0.013039407907470534,-0.0013859016615058988,0.006798218799202821,0.00800651944761947,-0.0014804533396899858,0.016919162285711567
2021-10-15,-0.0023952580963112202,-0.018990149140659534,0.005359351482690837,-0.0023834889439679117,-0.0028298820834963905,0.00432095845313696,0.007432520637190081
2021-10-18,0.00478488515573833,0.0012652878920710005,-0.019323435004341166,-0.009961141988804165,-0.00454374017958904,0.012851685037045018,0.0033690878018038262
2021-10-19,-0.002389627059427179,0.010064713187112603,-0.0007036046555740167,0.0038857488042885868,0.012634289210394193,0.0006718806060019494,0.007366142784235753
2021-10-20,0.0,0.009433105116950556,0.014321102223044014,0.0088251187689822,0.007529152440647167,-0.005162563397320955,0.003657333598560689
2021-10-21,-0.007202774861356834,-0.008003543536655356,0.012749934815880791,-0.00513850288079067,-0.013292362175950609,-0.021207832406970845,0.002991393168360022
2021-10-22,0.0,0.0037430229190252126,-0.011017447200194477,0.001838345411505221,0.004950498201130827,-0.00356921071724555,-0.0010731292246643565
2021-10-25,0.016726751748885983,0.0008891520337002362,-0.00017307241332324753,-0.004048634750978451,-0.004699138886967511,-0.006770287663301467,0.004736959440853509
2021-10-26,0.011778657027323136,0.011487172174448976,-0.006774960261062327,0.004415704072293224,0.012172598355992312,0.005616369693473368,0.0018181414322441137
2021-10-27,0.0,0.004558345961716543,-0.05573426986260951,0.01909320133776305,-0.0034805086251185574,0.005125364231463641,-0.0050643703711055294
2021-10-28,-0.0165292610982079,0.08961704202811145,-0.0003687925811709889,0.009322376714369016,0.0062688993530618875,0.013635046438848997,0.009781288424184026
2021-10-29,-0.009569453678579256,-0.021172400246536178,0.0034969169647890838,0.005871331139811413,-0.0001238054647981402,0.000509910087614113,0.0019474372317175562
2021-11-01,0.0,-0.011665432617580513,0.019287292792390085,-0.0035541155426701628,-0.002106151228079936,0.019128265445430292,0.0017984589459023885
2021-11-02,0.009569453678579304,-0.007464457425225965,0.001800561306653859,-0.0012473911876000267,0.009135846154855071,-0.0020577445393791904,0.003673607120388547
2021-11-03,-0.007168630912955667,0.012081253617216188,0.007348329079460085,0.003381266134067885,0.009540151520771017,0.008095799246233024,0.00644049461289024
2021-11-04,0.026037210965231185,-0.021449003620816354,0.0460655083041064,0.005492125026700735,6.10511978920422e-05,0.002261705204545114,0.004173222342817036
2021-11-05,0.0046620139483445275,0.021284417280499096,-0.002048654511687048,0.004231508536980869,0.0102326961932344,-0.012196437952176002,0.003725850045284445
2021-11-08,0.0,-0.0080945015495855,0.018287061501289704,-0.009013221933838642,-0.021740438042505982,0.00667092572333058,0.0008873940607025194
2021-11-09,-0.009346046106329508,-0.002823770261846811,-0.01657958071468821,0.0028363758910080043,0.006626645490517828,-0.023319200893553247,-0.0035049109264001276
2021-11-10,-0.02135317880724612,0.0,0.01102731548798883,0.004063252127067817,0.003236326966628125,0.005880882915119062,-0.008259842163861058
2021-11-11,-0.01692902196826885,-0.0018313354801444764,0.0421236371273446,0.00035269276540974767,-0.008263569356079501,0.009371757864547435,0.0005507883329889288
2021-11-12,0.014528199202645347,-0.007023372284932248,0.025236854592533116,-0.00229391057507742,-0.00024610774006199245,0.029554078996753573,0.007196697564130407
2021-11-15,0.0047960808619347895,0.007023372284932265,-0.006805331796093031,0.00017674358646568058,0.007045604409998765,-5.4370549195722505e-05,-1.0739878017001878e-05
2021-11-16,-0.012033890985672794,-0.0004999200068571771,-0.005733389909106177,-0.007089903287475378,-0.0029959030374830256,0.016352445020569855,0.0038577790571266367
2021-11-17,0.002418428702109236,-0.008371090761146246,0.031444112085803604,-0.0055291922765349465,0.0003671530148670801,-0.0065302619421759595,-0.0026050154828958787
2021-11-18,-0.009708817781016574,-0.0008409279969390851,-0.03592637368958909,-0.008983073906279846,0.00030607751907403617,-0.008413067519173305,0.0033790647401719144
2021-11-19,0.021713907124007392,-0.015088892534697595,-0.00853923474019163,-0.005066145063687326,0.0023840195958788847,0.007069589277287605,-0.001399644604988097
2021-11-22,0.042062373407449054,-0.0006835469870036018,0.03591650239410012,0.00614828565368078,0.0020731798617853415,-0.004689537341745902,-0.003202258316960725
2021-11-23,-0.016148033649611822,0.006814326571387184,-0.015891974255951725,0.007364188482979805,0.006678849205589364,-0.0001622392294737258,0.001655761383195201
2021-11-24,-0.014051847433882195,-0.00340132409133621,-0.01373394878529155,-0.008085379192402962,-0.00917978429579243,-0.0013516505654065868,0.0022912237766672798
2021-11-25,-0.009478746566737844,,,,,,
2021-11-26,-0.021661361366575198,,,,,,
2021-11-29,-0.02463188738850724,-0.015396922621627484,-0.005165303823351875,0.015696010750273177,0.018446561926550746,-0.01321041390113058,0.013113836082824229
2021-11-30,-0.025254071788447213,-0.02900795573838921,-0.03380955175214168,-0.03208216570010591,-0.026922143298366154,0.0021389049609154354,-0.019143381187850562
2021-12-01,0.027744685486961972,-0.014461695628953367,0.0032779257257939593,-0.0028641402839326914,0.0023754112694982345,0.0024709397212957663,-0.011885541457955926
2021-12-02,0.022141273689992566,0.026591694865670406,0.049724669219109494,0.01461545156547995,0.009602765220735675,0.02694861075943841,0.014094638396057768
2021-12-03,0.002430276331216899,0.0010632229535894313,-0.021701947292551847,0.008817493659742154,0.02514500318505859,-0.0038289870012968865,-0.00848445514173865
2021-12-06,0.002423821233041078,0.03669020412570645,0.002174684942942143,0.0252662577959008,0.010328323793912983,0.011606117613132358,0.011662599309686139
2021-12-07,0.00483111612431587,-0.002222028321915116,0.027850530501891867,0.005448632407913435,-0.0011421590445727498,0.015321732599030115,0.020495603186252546
2021-12-08,0.0,-0.010319958957320633,-0.01226403562281226,-0.0038110188301030703,0.00174293518916345,-0.026818331301110495,0.003080535586585806
2021-12-09,-0.002412687422206742,-0.007636284622861538,-0.01926976287413003,-0.0025486389027102796,-0.001262036329990054,-0.009415109241130017,-0.007206988232523656
2021-12-10,0.0024126874222066903,0.009018353996604774,0.05847137063588326,0.025554755621064188,0.01586768156853815,0.008702559806386253,0.009503769118209724
2021-12-13,0.007202774861356727,-0.004498975241265531,-0.0667240877081824,0.025957061707022527,0.004959178234701968,-0.034762396378228366,-0.009178158342793815
2021-12-14,0.009523976887529243,0.0032897160301227257,-0.012422429974426677,0.000692394652859437,-0.0024763571013119504,0.02611529588660021,-0.0074987228546236715
2021-12-15,-0.009523976887529312,0.001899648802731243,0.0035893698772211983,0.004488313465681573,0.012787377671973368,0.03248991499444366,0.016216267351890877
2021-12-16,0.00238962705942708,0.024541130291502396,-0.003760711405469807,0.010110509028403132,0.0014560780636800371,0.0031543094783834597,-0.008781863311112446
2021-12-17,0.0,0.006544318951640232,-0.05690647922074682,-0.015810486367825914,-0.020699308554917414,-0.017772068637923123,-0.01034096458405368
2021-12-20,-0.021713907124007333,-0.019933190581544767,-0.020513498336322752,-0.003296733101265187,0.006632826260347469,-0.011421039931687313,-0.01145339832325659
2021-12-21,0.0,0.023772446856952338,0.013783066926338832,0.003989335561346146,-0.0029556237856927323,0.004770089538950934,0.017621755385195486
2021-12-22,0.007290389078907263,0.006145732365862389,0.023271469238998192,0.007072030719058779,0.006196626063879956,-0.008018085217139712,0.010128728029127596
2021-12-23,0.012033890985672858,0.006272766154641369,0.014691863471182091,0.0006873978491078534,-0.0011186054955680366,0.013255337808593445,0.006204412685251626
2021-12-24,0.030626803680791213,,,,,,
2021-12-27,-0.009324169765938837,,,,,,
2021-12-28,0.0023393189540673793,-0.0071104790785867875,-0.005587590887738361,0.003914056041951912,0.005176956882471806,-0.006205072498940691,-0.0010106653988873737
2021-12-29,0.009478615786148899,0.0,0.0020989027002354804,0.0011882355678011418,0.00353293204538026,-0.005808531440676897,0.0014009134018576786
2021-12-30,-0.014251738529069769,0.004801009152044806,0.015603859278778168,-0.0028880294746156682,-0.0017356922843871228,0.002175415719336089,-0.002994233841904309
2021-12-31,,0.0,0.008564556745109694,0.007288679870023366,0.006004790904058176,0.006605575143073643,-0.0026296343734744394
2022-01-03,,0.045205438260234605,0.042410181360183916,0.0015187756700349457,-0.004211084544492346,0.005328352882475617,0.006353824170388397
2022-01-04,,-0.0030036758638202006,0.07205053314535423,0.016556913479081174,0.0014439087112066004,0.06695466181634023,-0.0006298202522032699
2022-01-05,0.016529212863672246,-0.008267249517209021,-0.04670804216183336,0.008259172787876428,0.0034001727809861537,-0.011309261251103512,-0.019583264304501073
2022-01-06,0.002339195258376814,-0.008175064947289182,0.0020698315965286714,-0.005277925139124927,0.00022997888099606157,0.014116641412946189,-0.0009642337401809882
2022-01-07,0.004662038736147387,0.012794015916794712,-0.009589317031500854,-0.002317826328609761,0.001264707229161141,0.003448455392870569,-0.004058441082336512
2022-01-10,-0.025914160394770513,0.026191474536727516,-0.01945905288928447,0.001656158966567346,0.0005170405191496206,-0.00044908814044211545,-0.0014420705375388979
2022-01-11,0.004761758492518118,0.0030912828141582698,0.006365924982698144,0.00033081591882231764,-0.0004598058905864653,0.007706689590435434,0.009118286452399373
2022-01-12,0.004739191564399815,-0.006813416987925986,-0.00702122454231426,0.0014877169060644308,-0.0010919133583931122,0.02306036639044623,0.0028137920146670695
2022-01-13,-0.0071172365203439995,0.030300599379666844,0.012052460942052288,0.005928904852025536,0.0016089242934158394,0.022777179452754072,-0.014346029234400533
2022-01-14,-0.00477312274292077,0.02176943264687638,-0.010905903226564678,0.008013839876823567,0.00834705399698907,-0.0032222571348608934,0.0008196442695905652
2022-01-17,-0.019324561381016608,,,,,,
2022-01-18,-0.012269973465059968,,,,,,
2022-01-19,-0.009925789005489336,-0.014612051587337464,-0.04434363475088211,0.0016407426547848968,0.0071599032019887335,-0.024642002206379934,-0.009736790941460195
2022-01-20,0.007453492216194763,-0.0047152096436841,-0.02867919651687445,-0.0041068431446492845,-0.007274768686282067,-0.004704147668826304,-0.011098742304330734
2022-01-21,-0.0099503864071925,-0.00703805367602692,-0.025388036547817208,-0.004950521268225549,0.0016083496742812535,-0.0084738539949453,-0.019095995324635427
2022-01-24,-0.015113626706890485,-0.007087812740115988,-0.012084833893048156,-0.008138964587412782,-0.005121442220388125,-0.010415991585706344,0.0027679047582695165
2022-01-25,-0.012771442076667762,0.00015462377588183174,-0.014157424706167352,-0.002337491073567555,-0.011547571316918146,-0.0034962470420470543,-0.012246590556866267
2022-01-26,0.0,-0.01715307113361128,0.008632999269509334,-0.003684422299469175,-0.010619488122579979,-0.014520377217984557,-0.0014977569258856588
2022-01-27,-0.042000852926006194,0.0032975149986435256,-0.017341331409104287,0.0008384546690037399,-0.0009445893879386597,-0.021920633545525082,-0.005398635199970923
2022-01-28,0.0,-0.014368257954421476,-0.023799008252140274,0.019753536196009183,0.01929676559731789,0.016549988223394894,0.024055967914736694
2022-01-31,,0.0030169660306459825,0.048373062766130265,0.002790163444440947,0.004910487889368506,0.027173735899568983,0.018709826222984446
2022-02-01,,0.009468292616187578,0.025095008703298526,-0.007403272121812612,-0.0068236594815405316,-0.010231181495299628,0.006839560348317067
2022-02-02,,0.0029797803763093357,-0.010597819760398157,0.01018581545569788,0.017998854707647782,0.016309858611009607,0.009378400448324454
2022-02-03,,-0.03359921619527018,-0.007316627512583081,0.007003968754084305,-0.0005703275300735615,-0.0006513016829475354,-0.024693471720120656
2022-02-04,-0.00786367948067482,-0.009764132431068976,-0.034869204204030155,-0.010606412453248799,-0.01655859086376269,-0.013370239644742201,0.005143678439863626
2022-02-07,-0.018592832539853135,0.005544659917530792,-0.011372669390769143,0.010444025814573854,-0.003949786544793775,0.0018268398259403444,-0.003708580927828488
2022-02-08,0.0,0.009388230358058497,-0.02495889608584248,0.006472581968557667,0.001221245634516341,0.015494995740353481,0.00836611346663433
2022-02-09,0.0,-0.003388980266580069,0.02515610613327014,-0.015605060963566255,-0.000465139570464881,0.005227913911725114,0.014412842079264784
2022-02-10,-0.005376386174930029,0.028996774549050496,-0.00752043050175783,0.005554570195158387,-0.02098161174839081,-0.03517466162704062,-0.01828182448505601
2022-02-11,-0.013568803445683536,-0.0175846070213041,-0.030455130577045398,-0.017917889203979964,0.0012466048089148278,-0.00878284987436209,-0.019151682638086528
2022-02-14,-0.036165479333628237,-0.012382598682666687,-0.008845006792016458,0.006447981174863699,-0.011214731368108738,-0.019598327101618226,-0.0038479907556283146
2022-02-15,0.02241002796902334,0.012702133621265068,0.02590116504266481,0.003783289801070401,-0.0044485912999670295,0.002272861950546346,0.015643717646064172
2022-02-16,0.008276164346118888,0.025709210190378227,0.01518509332093193,-0.00016425301231300337,0.0020462400143311924,0.004740597804332316,0.0008808197202838003
2022-02-17,0.008208023985941774,-0.01664347183722304,-0.032446014060851194,0.019834797804600443,0.002702119555463776,-0.019956221494081945,-0.021400504136936647
2022-02-18,0.0,-0.001743113065193933,-0.004516643526081203,0.006738333627450314,0.005740552642501036,0.012942761739203244,-0.007191961663866342
2022-02-21,0.0,,,,,,
2022-02-22,0.0,,,,,,
2022-02-23,0.0,0.019665347798758386,-0.00837353560535283,-0.011140919180827847,-0.00990954105387399,-0.009743599451825742,-0.018583735748788438
2022-02-24,-0.05892328389622045,-0.009784300990369378,-0.0006472232674874769,-0.017690835079101252,-0.017550489835888878,-0.008796110995295483,0.014846105252724002
2022-02-25,0.005763626998212059,0.06263266998166697,0.023033560870667814,0.03794225911013498,0.02763841509668044,0.01713811492774417,0.022126080551265786
2022-02-28,0.0,-0.06602335774939085,-0.015082426309056157,-0.009753077211146112,-0.0279438192616282,-0.013194882691537657,-0.0024455914631261143
2022-03-01,,-0.04617349944792538,-0.04823366860457568,-0.004347454539537905,-0.009018248886459582,-0.006800864758680713,-0.015594467786613053
2022-03-02,,-0.0016952525633188316,0.0396352352943198,0.00739547613671094,0.013770707875576365,-0.014188642231176527,0.018471046780652183
2022-03-03,0.04023531784822774,-0.013322114887627126,-0.031136020949402602,0.0006404771071565896,-0.0010710829415655897,-0.01722821198597548,-0.005268520744245652
2022-03-04,0.0,-0.04017022435798595,-0.057289311467394584,0.0015996805172337721,0.015075103084492864,-0.03079464518112705,-0.007965684543001903
2022-03-07,-0.05500649174021246,-0.05367955731794258,-0.06252819328682292,-0.024101463108938653,-0.02011037030482532,-0.06396474834887679,-0.029962586814416495
2022-03-08,0.0,0.012760607060037156,0.009246799121257605,-0.04042630122955115,-0.028598235095679738,-0.024202649086141857,-0.007260043975698096
2022-03-09,,0.06427033225436571,0.05044695360312229,0.005100976627360343,-0.002981778259937852,0.04813824004923335,0.025373598122141117
2022-03-10,,-0.02049174644970801,-0.01022220268106889,-0.01848729994416435,-0.01853150076603857,0.0023134690784283687,-0.004301049920247209
2022-03-11,0.0,-0.0021439962152423526,-0.00815732719362107,0.0006908838013275886,-0.005060919681442097,-0.03818219616557084,-0.013046278933238144
2022-03-14,-0.02105340919783238,0.020009527118515523,-0.016517523375123473,0.018273210825559556,0.013952918840803838,0.01766050454970924,-0.007448675095533314
2022-03-15,0.0,0.0061173318836985425,0.0313429977988385,0.018280565344806415,0.019753552656653423,0.029602798843632757,0.021182629724144964
2022-03-16,0.0,0.038959260667228095,0.04001457014021359,-0.0026870864569781107,0.004392863391451682,0.035288877521879605,0.022136921648393443
2022-03-17,0.0,0.0008375471721157528,-0.004342112976945131,0.01053958404421178,0.007734439931688273,-0.0008731145001954353,0.012272205068700267
2022-03-18,0.038752970407351386,0.01479301627391436,0.026221932415340536,0.00016650483559178884,0.011429235953599638,-0.00023284811966031686,0.011594814411888112
2022-03-21,0.0,-0.00961553658187678,-0.027367883182232884,0.00795492211108206,-0.0014137835121335184,0.0005822638671315806,-0.0004347548543014596
2022-03-22,0.014514121417818139,0.003824072523178786,0.02155011261744238,0.0036249047663369656,0.010890242138798965,0.0059195135442587634,0.011240699554074212
2022-03-23,0.014306255815229088,-0.026058401777277408,-0.017659553302820243,-0.00660055377445152,-0.005246736425436167,0.01698259531159689,-0.012348630252495208
2022-03-24,0.0,0.007128340074624239,0.012935580728527702,0.009556655435516467,0.006037740987490142,0.025222298127429585,0.014242012281618024
2022-03-25,-0.011428759174571215,0.006406005180358747,-0.015909292633003703,0.008978867513567464,0.0046707800034346955,-0.010259284037080619,0.005053380704237665
2022-03-28,0.0028694584018312745,0.013519275674018389,0.01297376584127816,0.006318494606051754,0.002960714064751738,-0.003255804753093369,0.007119551020042568
2022-03-29,0.011395982195092866,0.024725013716849136,0.0451005948400963,0.003868456712438031,0.01473434900551727,0.03838784755419575,0.01218204410139109
2022-03-30,0.025176296889748054,-0.0071416712166729925,-0.022738048061070895,0.0008040541318651055,-0.0013683606810419573,-0.010941055460160583,-0.006313588999088777
2022-03-31,-0.0027662689207247322,-0.02190292618302152,-0.033276724491043366,-0.0033814085454853364,-0.0034590550132229253,-0.0020505480055413743,-0.015776335226881762
2022-04-01,-0.013947199065114615,0.019129890042806564,-0.01799371017472566,0.01393459429778579,0.014118990396253,0.0006655533114435987,0.0034044209614630277
2022-04-04,0.0,0.009591111855579992,0.00510809906691468,-0.005262636958076945,-0.0025951549522445897,0.012178064003413001,0.008058382532133647
2022-04-05,0.005602286590346886,-0.016475256268917493,-0.04161383080955631,-0.0011198293597615562,0.0010625016907029146,-0.027316782283933264,-0.01263115907400537
2022-04-06,0.005571075746223911,-0.017420632035651917,-0.04746287327482983,0.010034293203156703,0.016906304169286776,-0.006437368011453602,-0.009764433912479721
2022-04-07,-0.008368082733291132,-0.021655398934099797,-0.019944467163439783,0.005373859987757187,0.0009277350932614251,-0.011566624062913507,0.004244365552037262
2022-04-08,-0.011268108507188334,0.005287804284750511,0.016139700857227594,0.006128707003537328,0.003355689625735145,-0.021491411836566474,-0.0026545466755523947
2022-04-11,0.016854532972971605,-0.004945797023200587,0.02459984696266314,-0.00031343654328417063,-0.003066025774861185,-0.0066975723598196564,-0.017021334584696127
2022-04-12,-0.008391704069062839,-0.009275290280983855,-0.007216851263142699,0.011685062949922944,0.004047223718500134,-0.023318575266770454,-0.0034233005304522353
2022-04-13,0.016713467985839333,0.010812877115060375,0.004485412499075943,0.0026297407496795413,-0.0017321096961494663,0.016219579953284904,0.011112603268901934
2022-04-14,-0.019526425014454823,0.003408210189124041,-0.0022401417982958623,0.0044701919752641855,-0.006378990369162485,-0.007030197399629361,-0.012218480383508163
2022-04-15,-0.002820999540786582,,,,,,
2022-04-18,0.008439236172681703,,,,,,
2022-04-19,0.01390818838255978,0.007972319007004488,0.03506575663400415,0.009729021596726927,0.014447378808741968,0.00690634692453775,0.01593004474938665
2022-04-20,0.010989182443879964,0.03812191382249605,-0.008591904473128742,0.013584754092022266,0.014754606010524663,0.023062343586121227,-0.0006186664061825758
2022-04-21,0.0,-0.0008134283905710476,-0.02450689444845186,0.0037833480033843602,-0.003596736155622543,-0.010197117453943525,-0.014862855551311067
2022-04-22,-0.016529288093148686,-0.03528317810157341,-0.02160242719282719,-0.01460565031854017,-0.015505120204563651,-0.02412706928500038,-0.028132076377366966
2022-04-25,0.011050001074662873,0.004206267359116187,-0.000502009998982774,0.01051912073271696,0.0091940837533566,0.015394418610162641,0.0056817651441118085
2022-04-26,0.027101868862224373,-0.022240141319137013,-0.04573100383852246,-0.013588901479053873,-0.0025362426536125237,-0.03150887003257599,-0.028550008928597752
2022-04-27,0.0,-0.013655085531670254,0.016167286168931577,0.007809458390248675,0.008904601522062927,0.007286686689195404,0.0020958490249645954
2022-04-28,0.007989432930679947,0.00883676917589825,0.002325118527011283,0.009563804742239614,0.015042272925044895,0.028916113578365682,0.024445655340832175
2022-04-29,-0.013351507313666194,-0.00901082353495137,-0.021916019873448926,-0.024160257256469125,-0.03316379540741528,-0.011454660297218769,-0.03695915978469415
2022-05-02,0.005362074382986091,-0.01791395022475696,0.014143921427031924,-0.018274643276214815,-0.023272594372857464,-0.0018145351739966367,0.005659199293818601
2022-05-03,-0.018893844876282654,0.017084249601957893,0.03801968184664415,-0.005690716432624552,0.0013700960814797187,0.007994180574651767,0.004825465075359521
2022-05-04,0.002720794367440942,0.02570042152567911,0.03033147158521338,0.03044493038321675,0.03434593470558162,0.016085330709225902,0.029425221557325833
2022-05-05,,-0.02166277364705814,-0.030081089596941415,-0.008028453378995862,-0.020160309463059852,-0.028541928691428433,-0.03630067756409906
2022-05-06,,-0.03712066943962663,-0.009304734252809843,0.0035588167269621283,0.00011711582295443843,0.019637446054406562,-0.00569038441395277
2022-05-09,,-0.017053648847867846,-0.03391897879047556,-0.0020099340223436574,0.007541283408001041,-0.028266339765852456,-0.03256151953960419
2022-05-10,,0.010852759595693201,0.011434294119561947,-0.00932989509044622,-0.0012233712566562444,-0.012062859256664307,0.002454881760409255
2022-05-11,0.013755451364604744,0.0009142930892740955,-0.037650493340881566,0.004675828373558845,-0.004851852046331584,-0.058066944104417005,-0.016600232095697796
2022-05-12,-0.013755451364604772,-0.012507050370939798,-0.046967614494349434,0.0031051840122690182,-0.0015247721793033566,0.009379104228063848,-0.0012968049941124407
2022-05-13,0.03270064098521848,0.03599078098513231,0.07187591378877256,0.018583038419512202,0.019296252301167955,0.017444951020825116,0.023589267956869442
2022-05-16,-0.013495658285716654,0.011714670802630688,-0.029479875884020502,0.003644921470579965,0.010023153219773422,-0.013227864811394518,-0.003954208517722458
2022-05-17,0.008119272110786705,0.016971785702773592,0.026596773891026233,-0.0027325439974626477,-0.005772554415688476,0.004824612078288494,0.01996891958146264
2022-05-18,0.0,-0.0427104143375086,-0.061428552246447214,-0.07216853855639367,-0.06396526538463555,-0.028531631008554777,-0.041233809291248875
2022-05-19,-0.019048090464169325,-0.021411736107773985,0.0080611971704174,-0.019802667087209378,-0.015084370301166258,0.002633511584787923,-0.005850864777347809
2022-05-20,0.024424476639099447,0.003877080391623063,-0.02013460586525366,0.01620128359007892,0.006245913488239633,0.01761286892872499,0.0001461310919903067
2022-05-23,0.0080104633590092,0.022951802146962665,0.01680708646213381,0.03036416720175012,0.020683610096779766,0.016812436758863736,0.018384995412060758
2022-05-24,-0.01608592119050874,-0.005236079307195032,-0.022188795147537972,0.018285431594407136,0.013316687429180893,-0.004659036158769945,-0.008153950903558081
2022-05-25,-0.008140994821658093,0.015448439850832153,0.021632780225202066,0.0007808385080949531,0.0068293516199766134,0.0026737372081648493,0.009406385648931585
2022-05-26,0.002720794367440942,0.006750828271174027,0.039242265723982026,0.0035834162077271418,0.006723799234476966,0.02756189893165264,0.019688166007720866
2022-05-27,0.008119272110786705,0.003005409740792461,0.030269304673810112,0.005892361201985633,0.009711219884280482,0.007822800397691013,0.024441130195822013
2022-05-30,0.010723919888257915,,,,,,
2022-05-31,0.010610136554968065,,,,,,
2022-06-01,,-0.029169180427875755,-0.01065632323642282,-0.00490303433073547,-0.0075392494925180815,0.013907722630394416,-0.007510905041155451
2022-06-02,,0.010656660537921952,0.015556418109977776,0.010410169988092681,0.008071551722731317,0.009087206294103738,0.018263225415545106
2022-06-03,-0.002670141490202845,-0.0023383400582020018,-0.032952745756619176,-0.0119969025210801,-0.01103985089887127,-0.032415818604850405,-0.016482405609817057
2022-06-06,,0.005746024680395976,0.005832501464152839,-0.0015894617589199173,0.004177079540570788,0.004661160784600528,0.003132489407036025
2022-06-07,,0.008380217422259723,0.014173512828703834,0.0060261898488854606,0.00614255492451436,0.004038149197612542,0.00947833153171984
2022-06-08,-0.002728736967455975,-0.020449142878240286,-0.017881176211103023,-0.0057078602253841145,-0.004995501723972223,-0.005428206403716135,-0.010852623040155319
2022-06-09,-0.0027357864704541817,-0.03710629504135706,-0.027981422769383237,-0.01748409204343148,-0.017960442720705266,-0.005093028765569132,-0.02408645766515553
2022-06-10,0.010899038804353002,-0.017262908486322,-0.04577971092199671,-0.006330520472473648,-0.0015984131717333623,-0.019705320815368407,-0.029542414811409477
2022-06-13,-0.052863683072619634,-0.01232211530371294,-0.08118595030611125,-0.0011405178685227188,-0.017253453981862763,-0.036620409964435024,-0.03953993199003993
2022-06-14,-0.020202270352207313,-0.011103609299579898,0.028102198521014168,-0.02780514890652821,-0.022922756331896353,-0.002188818290260024,-0.003780818039489633
2022-06-15,0.014471781160375832,0.034462851494374044,0.029090757398686006,0.0074012682932300955,0.010640271364341739,0.010195411672786304,0.014487058836534478
2022-06-16,-0.005763626998212087,-0.026269212909758023,-0.0841961803850722,-0.010106012438333879,-0.004828300289086374,-0.014717026872250351,-0.033052207113840666
2022-06-17,-0.01749336633979659,0.00426504889221206,0.014534214101576185,0.006075709644954641,0.00019091997000799985,-0.003307451716911052,0.0021984473410133873
2022-06-20,0.002936987961998288,,,,,,
2022-06-21,0.011662224941541557,,,,,,
2022-06-22,-0.005814000725906965,0.008666307121146634,0.005804468553225655,0.007386203265992382,0.008179844031892874,0.00031432336452528483,-0.0013024200953574458
2022-06-23,-0.0029198368981001987,0.010301470340856975,0.004861700095008259,0.011867070901865742,0.012694645040986597,-0.01023186119647404,0.00948707248555652
2022-06-24,0.011627991060263992,0.02344666238293781,0.05398725292992392,0.018572397089659784,0.012294193387149141,0.009854745027774042,0.030105539729901033
2022-06-27,0.056194546928764494,0.002592211215342309,-0.005471254448155259,-0.0020643993858727844,0.0013237677877881847,-0.016159592799650964,-0.0029774998903406716
2022-06-28,0.016260507460752503,0.0020318363815847494,-0.018654370592973948,-0.010064772831000733,-0.014166783252560442,0.0036985173737974436,-0.0203486731494949
2022-06-29,-0.05271677401498424,-0.004624047596926869,-0.016014277108957607,0.0071994256037564595,0.016448423990395717,-0.009207735980340113,-0.0007119988201726959
2022-06-30,0.02809168082047441,0.00018539703428367848,-0.0518442707869729,0.0028653472272443473,-0.0004198668387560007,-0.009682431085516401,-0.008797866246367652
2022-07-01,-0.0027738270235322902,0.02072903254563491,0.013448059016792727,0.023098040002393554,0.01624785202437202,0.008396808407039554,0.010498511296639174
2022-07-04,-0.011173426953846367,,,,,,
2022-07-05,-0.0028129467654861417,,,,,,
2022-07-06,-0.028573099043474968,0.0029244324904493285,-0.034572609714937634,0.0020522048119767013,0.009949982648855897,-0.011967599176011602,0.003566795705066178
2022-07-07,0.014388328542776722,-0.004389936342509769,0.04349193470016522,-0.007916479856482748,-0.001994066106664865,0.027874549027151373,0.014853723180930391
2022-07-08,0.016997717266184337,0.017625659843780908,-0.010774400863193685,0.003649430327857584,0.008882964022051873,-0.0024847002361047623,-0.00083061639612735
2022-07-11,0.005602266236096442,-0.01341820399256944,-0.04559195083907036,-0.0031726467914802927,-0.008237089390804316,-0.010194758656126733,-0.011594417660525545
2022-07-12,0.0,0.0005474893567906045,0.021154636882931538,-0.0042989131614705545,-0.005706655184142605,0.0016742261956479557,-0.00928686849749371
2022-07-13,0.02482911449576293,0.004914035806091337,0.006007760233986634,-0.00463814717060183,0.003533437909659471,6.44815559943602e-05,-0.00446686411181668
2022-07-14,-0.005464503510542199,-0.008935960625394798,-0.004106647446754092,-0.003211431748188938,0.005160334215759256,-0.01490742739657715,-0.003003138812764307
2022-07-15,0.005464503510542128,-0.00018322327624800103,0.03971953332711094,0.00513331059873231,0.0008183537873006466,0.022980741723519618,0.01901923165863364
2022-07-18,0.010840130354001977,0.0005494950016778329,-0.007634423474958655,-0.01369340814361919,-0.01685462704426821,0.00031901042663404363,-0.008398742485835936
2022-07-19,0.01604315243291327,0.028343890836114785,0.053130726362133174,0.014173111408080563,0.01064092310262359,0.02314311065767098,0.02725351764373082
2022-07-20,0.002648812495398532,-0.0292598589199055,0.01041058224597566,-0.016609155957553214,-0.010640923102623595,-0.015833608242962482,0.0058784939410571665
2022-07-21,0.0,-0.0027530234392860653,0.010588398198547885,-0.0022790925772113034,0.0014847581630787153,0.00807376484191023,0.00981306668950467
2022-07-22,0.010526432901151921,-0.0025763943900366,-0.013180412880732599,0.00374151542746946,0.006506478726620065,0.007011490199911954,-0.009376287293813849
2022-07-25,0.02584127919124625,0.013725094560397735,-0.004335856170340081,0.009694654026981926,0.001414143167296595,-0.005504824257132191,0.001314302973305868
2022-07-26,0.0,-0.00546742367893707,-0.03478136409560874,0.016268137185507393,0.011589848559094907,-0.008567453802205843,-0.011610342599263359
2022-07-27,0.0,0.025975499684675454,0.03940542638800247,-0.0031689225271576945,-0.0013976317096616865,0.012511685249647384,0.025820048778629066
2022-07-28,-0.005115110071288759,-0.05226840920209372,0.03010737592894119,0.016526698216180004,0.018763368736214963,-0.0033799208260945736,0.012060319791912806
2022-07-29,0.005115110071288872,0.00449265867784845,0.014444552913196818,0.001715646869983761,0.0006861203083064014,0.019125160330439345,0.014107775781753557
2022-08-01,0.0,-0.013917901722796227,0.013967018494523791,0.005439418647115043,0.011309694360041223,0.02538399369254144,-0.002827076544916728
2022-08-02,0.0025477767451627777,-0.020279899916530012,-0.017558340449359063,-0.013733019000330736,-0.00828508179468084,-0.01882449832743299,-0.00668468837887098
2022-08-03,0.00254120604123897,0.027639115925658042,0.032137697640603965,0.004390038977840255,0.0076069785430140915,-0.0032438019888255147,0.015517456270090707
2022-08-04,-0.002541206041239074,0.011031325940007844,-0.029373981371727288,-0.003918791092125615,-0.005444243297430237,-0.04046955962783885,-0.0007776424495837734
2022-08-05,-0.010230287060220715,-0.010091624420476807,-0.0047031152266337195,-0.004565134277675153,-0.007533806976588417,0.004140697370145889,-0.0016270690189191196
2022-08-08,0.007682510315057964,0.014359117453118199,0.0407552013695255,-0.006489890817010493,-0.004018087228473794,-0.007081172889319612,-0.0012383171221209141
2022-08-09,-0.012837072687151925,-0.008553351253757674,-0.025345184422858102,0.0012695934659255417,0.0037319253306299888,-0.02109147304418787,-0.004257744235926498
2022-08-10,-0.005181466158819113,0.027080892513283217,0.03567501147570742,0.009471358878154253,0.008218352292795474,0.031852752465462514,0.021067158460407496
2022-08-11,0.002594040014415487,-0.010781216974824115,0.01334937481274292,-0.006778616467076854,-0.005128713037897545,0.004486696673516587,-0.0007057229222018175
2022-08-12,0.015424498831555462,0.008415718491250215,0.026175337425014447,0.007563918464580536,0.0129980819596759,0.016942706705690737,0.017174046951492668
2022-08-15,,-0.0074975637243739545,-0.0020285026516254096,0.012480339676648881,0.010936253673345877,-0.005283169512345902,0.003961684056233163
2022-08-16,,0.005491517297746565,-0.010460261875721811,0.00818360468519539,0.005784208439784828,-0.006502642469192915,0.0018739228259478625
2022-08-17,-0.03871438488482869,-0.015082144714158368,-0.015248089047287363,-0.0023092159515698666,-0.0005545721837331649,0.008432439305470977,-0.007264114867648021
2022-08-18,-0.021277536557806984,-0.01249437772503232,0.008298920163058098,0.005226950392146847,0.0009981060806643356,-0.010253140415447398,0.0022669896063847975
2022-08-19,0.021277536557807095,-0.014745064491555712,0.024994940819309544,-0.0007672578756093442,-0.001275653952866406,-0.016921081025197224,-0.012983928713038868
2022-08-22,-0.005277266246439433,-0.02487351538371541,-0.029395252425981712,-0.014995941090350542,-0.009592529987197364,-0.01377198114118407,-0.021632366466494565
2022-08-23,0.0,0.006228188965103298,0.00025961532999372016,0.0010897172757198476,-0.00044828309216397264,-0.0054581555169260255,-0.002240370434437464
2022-08-24,-0.005305162972970744,0.00869317189420027,0.017736090426896695,0.0013994374528372852,0.004977191555658314,0.006623832812629344,0.002911916698724165
2022-08-25,0.02105345112587762,-0.013555628515691323,0.028630702600972082,0.004805059788126184,5.562098352578325e-05,0.009661850814564468,0.013993241836107048
2022-08-26,0.007782351252339435,-0.032094730564807085,-0.029140564876687203,-0.024418131286218392,-0.023878423476694107,-0.02748962872499065,-0.03426857631703952
2022-08-29,-0.026179451900644687,0.00040262653225134944,0.007111803786173867,-0.006039573057077368,-0.003146881462414859,0.0,-0.0066886751973248065
2022-08-30,0.03646214332555116,-0.007473974397837222,-0.007383322508936094,-0.009288904319243334,-0.008633819409422022,-0.01059834838581596,-0.011089416492117008
2022-08-31,0.0025543812622454564,-0.019656690237336405,-0.023792594300548323,-0.007104739934914448,-0.004170656996883567,-0.005341428671727743,-0.007847738208153028
2022-09-01,-0.002554381262245409,-0.007888824107176118,0.009118156457511666,0.004688456378169178,0.010058952403467332,-0.017355475399323424,0.0029917522671948716
2022-09-02,0.005102158007408156,-0.002295285898409511,-0.002336524455777821,-0.013804533502420077,-0.012750955933703373,-0.008482629618571437,-0.010794552570724387
2022-09-05,0.017654872660321213,,,,,,
2022-09-06,0.004987550922945666,,,,,,
2022-09-07,0.0049627986608482,0.0143769555693834,0.035528013979049214,0.018301539530391136,0.021823995253493083,-0.004177089465998607,0.018174848666169877
2022-09-08,-0.009950349583793735,0.004069938456648868,0.009676200904997552,-0.003053860001650309,-0.003353516300069774,0.005496085913904975,0.006588966880442448
2022-09-09,,0.01331464083040101,0.01931853456904477,0.003214251209659986,0.0031804853509957765,0.010079010565957414,0.01515601498121106
2022-09-12,,0.03388825478822549,0.018239027195563536,0.002884378354446803,0.003917514285842512,-0.0037849955786771667,0.010528651483995635
2022-09-13,,-0.04032163493406318,-0.036817200321908036,-0.03301921003374844,-0.03803418638667623,-0.033725702551638974,-0.04419916303197406
2022-09-14,-0.01002507032829351,-0.008507314772241894,0.0022180944558027314,0.005277947688513077,0.007557478992699035,0.008803985152616725,0.003381289078844715
2022-09-15,-0.002522265095624524,-0.003463941784839344,0.000984405485683633,-0.01368063607646797,-0.01673895394205133,-0.00723636506539238,-0.011382272168149512
2022-09-16,0.015038001430587629,0.0089412079840909,-0.01711566782658,0.00016796145694826235,0.006549629984249177,0.0020627252483564106,-0.007208049775663175
2022-09-19,0.002484571884096734,0.012864470032697292,0.03491005939831898,0.00752935793400989,0.010485556060563032,0.005032053978913935,0.006833697724705768
2022-09-20,-0.015000308219059743,-0.017731676636086997,-0.0579402523712346,-0.0015012429399214133,0.0011255234980535526,-0.00510303414164454,-0.011336114736600402
2022-09-21,-0.0075854812070647575,-0.02157693797953379,-0.03596943818442634,-0.008382218641724094,-0.0028452243560013633,-0.022637632599843666,-0.01726467409850635
2022-09-22,-0.017926055473553755,0.008892724201234648,-0.007993569869664477,-0.0023595862031100187,0.0009491697395627917,0.010628116196591446,-0.008463293830453985
2022-09-23,-0.015625345616583703,-0.04054761913063128,-0.05216675542592439,-0.011200108584068972,-0.0004747313921473969,-0.012810911631505325,-0.017382828767330778
2022-09-26,-0.042901892581518476,-0.023867283449989864,-0.01247880781815746,-0.012535430023158819,-0.0004155360355345866,-0.012166175081936853,-0.010394360890280502
2022-09-27,0.018996328481488425,-0.008379469174502444,-0.009462572338941124,-0.026084598082517306,-0.01459101598660592,0.0008846617727568548,-0.0021226109548247284
2022-09-28,-0.03557142668769779,0.012542842111178195,0.015437664821020707,0.01058570718903269,0.015896139064198667,0.00843642124126782,0.019481144181152356
2022-09-29,0.011080257057436243,-0.006361932315583044,-0.05811003974445155,-0.007221371398263059,-0.012288267415179932,-0.010175319403646906,-0.0213527948230975
2022-09-30,-0.027934833433248613,-0.006180909795595233,-0.035810916443392626,-0.009770167456282917,-0.020311870242004308,-0.026284568895873207,-0.0151813515462093
2022-10-03,,0.015163386714529003,0.024015642138053482,0.01118336260111259,0.01211557893186967,0.039873065085830585,0.02555457753093017
2022-10-04,,0.04582598294114345,0.0853877159572749,0.002291992982298592,0.011192834925552028,0.030934753717001433,0.030125341416799834
2022-10-05,-0.014025714422533734,-0.02638678404368174,-0.02718170449234307,-0.009555658773577974,-0.0066644990334342345,-0.012664825871038017,-0.0020199875589381176
2022-10-06,0.005633935407426176,-0.02009362524741368,-0.00604573505274933,-0.021749931899183002,-0.0194654914676678,-0.014001594942138484,-0.010297922911395202
2022-10-07,-0.014144426843095963,-0.010972360823310155,-0.02959933247938977,-0.009494239235962154,-0.007336242833145556,-0.002352647283470551,-0.028403196531478058
2022-10-10,,-0.008420049720150315,-0.0403635369554923,-0.0022039236510432323,0.0012986878037616594,-0.007314200899027059,-0.007520673133652772
2022-10-11,,-0.0008905826973148632,-0.006213049115353692,0.00165335860404015,0.0047469044213503085,0.0014819353402426628,-0.006540518412323781
2022-10-12,0.0,0.01700380130921583,0.003421820444675958,0.012041791609297024,0.04097204077305249,-0.00044442918374070585,-0.0032961996501662937
2022-10-13,-0.021053332529424238,0.014995495826482628,0.017241926590584312,0.013152075816337382,0.030351385813904584,0.010170422408212861,0.025634259307631132
2022-10-14,0.01508326803526703,-0.017187435294314782,0.003960503981152474,-0.0160581117526391,-0.025639585328262687,-0.016784751316952326,-0.023947120744528417
2022-10-17,0.0,0.023423422357099613,0.02046422951605343,0.012831202817824338,0.014814314490525506,0.015170287233354845,0.026135524557561848
2022-10-18,0.005970064494157191,0.005557942937682637,0.020053713378374898,0.013377281894107036,0.013398882645776716,-0.01405243183138072,0.011362768207087462
2022-10-19,0.0,-0.02810395960589431,-0.01826801613408868,-0.008540776666509046,-0.009758311471622993,-0.009654616881500837,-0.006694455239684375
2022-10-20,0.0029717757354709266,-0.008366377164155666,-0.005665998506919574,-0.0158504364443871,-0.011020397558795766,0.0020283923758229695,-0.007982686738766696
2022-10-21,-0.008941840229628273,0.022084727957098507,0.04559530190748964,0.01585043644438708,0.00928822400680726,0.0038952109446564586,0.023447759860447268
2022-10-24,-0.033488610483177236,0.014172385441066497,0.02036283515948694,0.028364481286504813,0.026345904222359814,0.007299910784727476,0.011811940205111494
2022-10-25,0.006172636362991162,0.010604496967473051,0.03547737386958821,0.02368800272086179,0.003315259399099439,0.017144711986184388,0.01613577001587496
2022-10-26,-0.012383964542067064,-0.003804656339840359,0.022706851709129533,0.007436144511094275,0.004477424689670081,0.0062545249879182455,-0.007415140398989885
2022-10-27,0.009302409032969161,0.048164769873383285,0.007892729822929904,0.002354643884492122,-0.001061692965977267,-0.010641501587977966,-0.006101185053184453
2022-10-28,0.012269883247044514,0.015817667326747418,0.01792026462484393,0.020451156445430736,0.01855437113020321,0.022103082929965153,0.024328036770856338
2022-10-31,0.00304437834697227,-0.004778930369291486,0.010243539283079325,-0.015090261729676473,-0.0035731072029988485,-0.005101832864460045,-0.007482327030336412
2022-11-01,0.0,0.019176213404230612,0.002544270323569833,-0.0035149403422894397,-0.0045262313619377015,-0.026646804652955748,-0.0041096637203590055
2022-11-02,0.003034794268424299,-0.03122458522807431,-0.021318320266626733,-0.014014435503212951,-0.014039020348620162,0.0017002663107854503,-0.025319843737482882
2022-11-03,-0.01834905586244126,-0.006892420585150331,-0.0002596022429861473,-0.0005101533975225735,-0.002584034394695633,-0.001034637365337579,-0.010642422531956597
2022-11-04,0.006153760259836949,0.058468534310864545,0.012643848899172985,0.008132906133473356,0.005609102158704857,0.01540743474362407,0.013526823285563951
2022-11-07,0.03910290883536668,0.012204547556553596,0.009949931651972903,0.003873600313262839,0.007966820368870278,-0.0006553887102153979,0.00956806167935914
2022-11-08,0.002945181307893597,-0.003607776974672303,-0.00866888348794965,0.0018472662779405525,0.0027704244678544506,0.0017470085799954516,0.005582282828760321
2022-11-09,-0.002945181307893604,-0.008788677755960367,-0.025678660573644773,-0.014023978949545275,-0.012024671604442582,-0.021836838762403388,-0.020996784712303443
2022-11-10,0.0,0.031172799456095964,0.0431939547808689,0.03527316275263462,0.017487996638474567,0.04356267122435004,0.05395251566479769
2022-11-11,0.014641464338608856,0.029327622931056486,0.03413635403735551,0.007201252595393639,-0.020292276999534384,0.019311389091031177,0.009198312304769028
2022-11-14,0.022989450732082882,-0.010714720432830475,-0.029366649115845255,-0.009668053816725237,-0.007441272733140313,-0.007989450767235135,-0.008975940544918012
2022-11-15,-0.008559269103121152,-0.00036520154018282805,0.007733695635453302,-0.0016480626496072264,0.0025994659744690875,0.011403856669855937,0.008675376414669186
2022-11-16,-0.014430181628961728,0.005282817471078045,-0.044982778477070266,-0.0018159973831862427,0.0064131293959263595,-0.01140385666985605,-0.008286283111873759
2022-11-17,-0.01169628303071533,-0.0005452008936116104,0.004409181534007992,0.0031345517594933508,0.009487539356663844,0.005683229658167912,-0.0030941046442292835
2022-11-18,-0.002945181307893604,0.009408425184890786,0.028824711451215512,0.007057946373392205,0.007195365199528033,0.001817512152139887,0.00474729564815821
2022-11-21,-0.008889074971762369,-0.0005403887071744369,-0.006305893265634107,0.015257414303641,0.019063766167623897,-0.007219199193099771,-0.003891249800275618
2022-11-22,-0.014992697494536255,0.007717902155856137,0.011322391446612028,0.004339892135238764,0.00010802293328862674,0.022053867493828185,0.01348860626982839
2022-11-23,0.0030163707770540496,0.008013562958883377,0.0034966055373959275,0.004480675962732304,0.0012978197376467082,0.009450859503577958,0.0058972660417383116
2022-11-24,0.008995580258237457,,,,,,
2022-11-25,-0.008995580258237545,,,,,,
2022-11-28,0.008995580258237457,0.027537431773677432,-0.02705560007521388,0.00015942737440054414,-0.001195606190515918,-0.011941412328868452,-0.015564696794064813
2022-11-29,0.008915492640051401,-0.002581881908052659,0.009351944799071721,-0.0035148648418047716,-0.0070943627440096515,-0.007605227049053644,-0.0015931337016243704
2022-11-30,0.0,0.014883428246604042,0.02017242057770308,0.024991349179372385,0.015865284415254838,0.015627097481068355,0.030478643521294944
2022-12-01,0.014684688100094555,0.014163163280571277,-0.0009889896016023185,0.002825708534846388,0.008318589835374549,-0.00020321480096904089,-0.0008680098296065889
2022-12-02,-0.014684688100094488,0.010326475491945873,-0.013195583852938357,0.008740559479169442,-0.0011300911652449488,-0.00768214853557743,-0.001195374663761461
2022-12-05,-0.02092744367534276,-0.015025163247188627,-0.02821390557138789,-0.013769604680066818,-0.01393701088463157,-0.02305757771606582,-0.01805624963097222
2022-12-06,-0.0060606350348880724,-0.007259334967478377,-0.020050166877551266,-0.0004728477183794655,-0.00817011057982356,-0.01477449209467784,-0.014503869422986057
2022-12-07,-0.009160501334179961,0.005575691905692719,-0.0015792851342659416,0.001575022416527458,0.0030234995396529974,0.005442773353364836,-0.001864107253381664
2022-12-08,-0.006153760259836899,0.003700089796291175,0.006302334325338604,0.004240330984596873,0.00874421717500552,0.0029562100767538896,0.007493634413933237
2022-12-09,0.003081555509097911,0.0006712010700924887,0.002092085870057478,-0.010555427155308175,-0.003706821058821392,0.007422400709361453,-0.0073767194642132125
2022-12-12,0.00613511566610243,0.0063545809436231435,0.0054710945641259405,0.013059713072973697,0.004740140824515796,0.005427016795734599,0.01417830729965003
2022-12-13,-0.024769111638173524,0.013576310926201183,0.007248198947397688,0.0003125786107600937,-0.000543575303163406,0.0026331276511387526,0.007263223255457212
2022-12-14,0.02476911163817348,0.005412009468276635,-0.010631472043291863,0.0,-0.002777606364437038,0.001037519781020262,-0.006071116623835963
2022-12-15,-0.009216671175200409,-0.02316436676531293,-0.01947985652602351,-0.013847476468963235,-0.017106770614591742,-0.020887298117970046,-0.02523747790182607
2022-12-16,0.003081555509097911,-0.0018430350002553641,-0.039858468770098306,-0.005720645988272868,0.0004992369289054156,-0.008720712827793874,-0.011200239946011676
2022-12-19,-0.02177384055214172,-0.0025187224472720117,-0.02040043361650322,0.0014331139418238114,0.005529691082626812,-0.005856269179215918,-0.0090483289411038
2022-12-20,-0.012658541619162987,-0.0018511670913116025,-0.006230541361241999,-0.0007961091215932449,-0.0006066334667823517,-0.005602707244207921,0.001036800697890769
2022-12-21,-0.006389750595382972,0.01753114382878223,0.019691316982536622,0.01595743508796695,0.006983129886103154,-0.00991704769466273,0.014758548669054294
2022-12-22,0.01589867730631429,-0.004977625252714662,-0.06829684165971393,-0.007236042406481545,-0.007755959331604258,-0.0033521504974179297,-0.014557142498145655
2022-12-23,-0.009508926710931308,0.004149773284731713,0.0089076871787233,0.0075495204856590725,0.006440134224518015,0.0010214280136311591,0.005850952271915072
2022-12-26,0.006349360377219045,,,,,,
2022-12-27,0.0,,,,,,
2022-12-28,0.013072087787287863,-0.00664897910280727,-0.023995237502527543,-0.010017222199289282,-0.0072365443209359,-0.015021036930947132,-0.012093470442948605
2022-12-29,-0.019672714727051878,0.006980310633347861,0.034444591079692166,0.005959969923998692,0.0012645699732869583,0.024159573646393703,0.01731063431499432
2022-12-30,,-0.005646946419396148,-0.0008912951922985953,-0.005330911690539815,-0.007279759970141148,-0.006058641889085297,-0.002543975646110833
2023-01-03,0.012658519354050993,,,,,,
2023-01-04,0.009389886904563391,0.02812434800219764,0.02539907786442995,-0.0004770251359080471,-0.0024554857676274103,-0.007913773589356486,0.007510694562138916
2023-01-05,-0.009389886904563422,-0.017443227607953294,0.008896634999926071,-0.011508921152669082,-0.010503656771404092,-0.01224767637027665,-0.011713869136457158
2023-01-06,0.003139807197068727,0.014011608187299029,0.025667837441682346,0.019108914796698042,0.022334620213886866,0.025138874318394764,0.02258383558903089
2023-01-09,0.027822267651454975,-0.006898903701305557,0.00027832950189420926,-0.01253879464633404,-0.009821542999511842,0.0069556186691995476,-0.0007679273259905782
2023-01-10,-0.006115951968412071,-0.0036326812951329103,0.032592445435018776,-0.007696121305100984,-0.008287277682445048,-0.005733077527415426,0.006953997970593733
2023-01-11,0.006115951968411973,0.02338043935658878,0.018951477779913996,-0.0019332521690957622,0.001124013460560217,-0.0020863355241826954,0.012767571192293676
2023-01-12,0.015128973573722738,-0.02271893911707263,0.013394829663727405,-0.012985123065795644,-0.012831411475310918,0.024964657255763453,0.0034100849120427303
2023-01-13,0.014903602448285824,0.007083345371203189,-0.04864674853058549,0.0035877294016664657,-0.0030764957780138815,-0.014575885629621994,0.003988892144656051
2023-01-16,-0.014903602448285905,,,,,,
2023-01-17,-0.0030073857477886197,,,,,,
2023-01-18,-0.009077139173413448,-0.02958006365012506,-0.004654540714650579,-0.030786834629224834,-0.02554189987166992,0.005098569069169357,-0.01568496697774467
2023-01-19,-0.003044448652520694,0.0006744380561689908,-0.019676178641143346,-0.0015057706893798386,-0.011663289724903218,-0.00918236316263839,-0.007667671901812428
2023-01-20,0.003044448652520653,0.007890608966252075,-0.010692233141708042,0.0060098096491218505,0.001472793625091995,0.013297184112117002,0.01874167355235196
2023-01-23,,-0.008396446070870549,0.030368411782851473,0.002493584357283651,-0.00448382194570857,-0.0005475979719207828,0.011811315951328555
2023-01-24,,0.002358114623730533,-0.00660762677676788,0.005299002208528722,0.009240474594912338,-0.00013708705781205095,-0.0007117563642918193
2023-01-25,,0.014530573860155127,0.0033092709699081117,0.006256162352913692,0.00723827996249279,0.0009584278333225537,-0.00018174157346566321
2023-01-26,0.05517832834550036,-0.010836212081887965,0.004395575589237529,-0.0019712945879166136,-0.009995583354583455,-0.004663510699867308,0.010947708029114303
2023-01-27,-0.006876946494232996,-0.017074203813539024,0.03950525149129123,-0.005276215024554246,-0.00353088689230318,0.011550631091654204,0.002491734021703855
2023-01-30,0.0,0.0015334721400042128,-0.04472706411895163,0.00247649279635168,-0.0008258515540043596,-0.01354620385918426,-0.013053569315292663
2023-01-31,-0.022681959685233365,0.02604522759129066,0.08019113527858057,0.011151469198847167,0.009045548255455494,0.013206306793452516,0.014536304416419527
2023-02-01,-0.017804361801285147,-0.0003318262362595171,-0.0005089863923270785,0.00016295157244430346,0.0031525940890229955,0.009942821451437727,0.01039805629688473
2023-02-02,0.017216129860314254,-0.006658873733434928,0.05446893095372279,-0.017268847726514144,-0.009311049405637036,-0.01327933556285781,0.014592384626854379
2023-02-03,0.0,-0.01142299537631044,-0.008955601773726573,-0.007493028182581056,-0.0050135256953558575,-0.01311239951633215,-0.010408592637285455
2023-02-06,0.016924849512617513,-0.007801878564036998,0.005092760337109285,0.005666548948565379,0.015839009480151614,-0.0063779344908102935,-0.006159393193939262
2023-02-07,-0.013399569529911335,-0.005292408038197229,0.0014505420095596415,-0.001663238928681104,-0.0015144343791587908,0.0058940099763154395,0.012790364037397075
2023-02-08,0.0,-0.0037728554061599315,0.004097558117957448,-0.005843396633809103,-0.0023340746644187503,-0.00561573677457738,-0.011142573012411353
2023-02-09,0.012241417608383372,-0.0020640316562529556,0.0014425223265584419,-0.0016760672819795023,0.009420041862920168,0.00692860446130067,-0.008869009831037385
2023-02-10,0.0034701243332845013,-0.0005167265759080434,-0.0067489428621558345,0.0,0.019600773002826727,-0.009783350524094372,0.0021928557092171274
2023-02-13,-0.009280877411994407,0.014026926732849892,0.016073447019670287,0.0163038010322869,0.00887072058011953,0.003063143116603329,0.011383569951155146
2023-02-14,0.012163634564310364,-0.0008496578863084804,0.009710030775353772,-0.016807119506727752,-0.011314205447368839,-0.008446555730331264,-0.0002804538554937624
2023-02-15,-0.005773743242695841,0.0098122794982095,0.012181004826144648,0.0,0.0013645737854625147,-0.0118468839343283,0.002769337533076689
2023-02-16,0.03750432175546536,-0.008792680354703175,0.0034863142203903756,-0.006228466051210166,-0.0028450487941782715,0.012197521374664257,-0.013884689204881605
2023-02-17,-0.0016745807811387812,-0.0010195991435064085,0.0016225639559481531,0.015083249096791781,0.004377848745011628,0.001050600001611732,-0.0027712421722827342
2023-02-20,-0.0044791707587387,,,,,,
2023-02-21,0.0,,,,,,
2023-02-22,-0.02270256517722127,0.01594670335107943,-0.005852345114018302,0.0030057552772260673,-0.0003404920630985217,-0.0038149489489526286,-0.0015747954856433837
2023-02-23,0.011415861946860863,0.012247800619879434,-0.04093407990319842,0.0018320468183979784,0.0010781391796463513,0.0021612569771232316,0.005315278263237728
2023-02-24,-0.013139511193017239,-0.007761606208011223,-0.0017850614694774698,-0.004168956741687968,-0.001987046956923557,-0.021091626212968697,-0.010593464619774184
2023-02-27,-0.0034560270439655235,0.006609427694971251,0.0033127836756321294,-0.000334188892247287,-0.00028417234256985005,0.0014688618559242678,0.0030682925395522777
2023-02-28,0.0171629504627209,-0.0003293425424279745,-0.014606625450094505,-0.0051959051918725845,-0.013622070396062738,-0.00242495870445891,-0.0030406198309477117
2023-03-01,,-0.007441246430723609,-0.0005161995836693293,-0.01098241956438155,-0.012758823329073013,0.004477879751918785,-0.004736464203492832
2023-03-02,,0.013845665896323868,0.02303055442938328,0.014505275414438551,0.018282967023306604,0.005405513146632022,0.0075535937311959735
2023-03-03,-0.01353673492033719,0.016075648076140536,0.03675625116268304,-0.004699713497250366,-0.0009816259965349378,0.018477422598031232,0.01601874917648306
2023-03-06,0.007918586950439769,-0.016075648076140463,-0.013749397504708615,0.01535928971758589,0.0020194368767004153,0.0021432732081786863,0.0006869307788483012
2023-03-07,-0.013613313936362044,-0.021677042379031265,-0.0177082551269447,-0.005815523340922108,-0.004969310645808467,-0.007521108124811891,-0.015445590479262547
2023-03-08,-0.0011429306002364965,0.003673320970837588,0.0005030773192927084,0.0004997967131851023,0.0027189093242059315,0.004519473032200775,0.0014137941356032722
2023-03-09,0.007972907524758897,0.004821750924839322,-0.050023248004037076,-0.009707238049792339,-0.007596202688102152,-0.008554146934125524,-0.018631857945482354
2023-03-10,-0.007401486933003596,-0.0004977134606730531,-0.034978112249190084,-0.004213293235754268,0.0013378077357816902,-0.003978353947778123,-0.01458396943606664
2023-03-13,0.005698283471517099,-0.013028407568871896,-0.021030025635889876,0.01008245238232794,0.009718464088605754,-0.0061800097057717095,-0.001510901840738768
2023-03-14,-0.028820397414813483,0.022114114744563887,-0.004484488065361501,0.0036716259146381876,-0.0010367543162169857,-0.0032871208952380214,0.016342388235363665
2023-03-15,0.019114251674197655,-0.023123423607660117,-0.036325863238561185,0.006641180491087986,0.01770670186100295,-0.022868779641047207,-0.007005363929353597
2023-03-16,-0.0017225548373247365,0.023123423607660204,0.008122880974608681,0.005487596895562141,-0.0006795893721591531,0.0172189147548133,0.017409576249031722
2023-03-17,0.014832005420454123,-0.01491085474820797,-0.036185372523838945,-0.004654287830880428,-0.007849097300698419,-0.01796790984505187,-0.011080621273953702
2023-03-20,-0.008530078305549239,0.008476716741114861,0.007163840682913402,0.009617008170654827,0.013948936195895486,0.012285820903986335,0.008878869635940853
2023-03-21,0.003989794262612725,0.014459734196082744,0.04308022182792332,-0.004631053647190585,0.0023622549241153145,0.004798651822237813,0.012898647518559103
2023-03-22,0.02527512928317191,0.005693435257497225,-0.030371438204843077,-0.00448631626185743,-0.00846209381931237,-0.0015477742082627977,-0.016600248639842885
2023-03-23,0.001108617756927992,0.00323874710947405,-0.009145841315724892,-0.0021671628344832575,-0.00488426377807807,0.002210243766454556,0.0029800838691824228
2023-03-24,-0.015634028881054397,0.005321379512684047,-0.000889487539100876,0.01622302347163605,0.01939504828007606,0.005724356139811895,0.005623963084303207
2023-03-27,-0.009044785435736,0.012624969080074972,0.02171446406110786,0.007361927597260561,0.002231156597173014,0.0022661753026021907,0.0016455995637670831
2023-03-28,0.005662686146366397,0.007908953055401177,-0.0066986965047178436,0.0011402293252934662,-0.0003346590172475123,0.0070573376219159566,-0.0015750832883878866
2023-03-29,0.018461922478964075,0.02842481725647151,0.042340300409051006,0.007138367342286999,0.0068873290138011505,0.012535996647835522,0.014136870775046802
2023-03-30,0.004424868380341733,0.016554248959682476,0.00809061949523277,-0.00016169119189002397,0.0008850054928153288,0.017674296735237547,0.005698999199482652
2023-03-31,0.018048032309187566,0.0051083320652217075,0.018990540268849047,0.00290590423249729,0.008096297432939263,0.014717364541283915,0.014333327782036555
2023-04-03,-0.004889903092167285,-0.0024006563940412746,-0.011240979327653201,0.005947227983319746,0.0010966042200215437,0.004576858970786731,0.003692022565802823
2023-04-04,0.0010885043602655562,-0.0006011265340598896,-0.0147202878644723,-0.0030494720004943655,-0.0035679900811668467,-0.0014059820886571082,-0.005813839745162529
2023-04-05,0.015654961495022338,-0.00045102126886336263,-0.018354377815517426,0.009439293379588822,0.009795211793510037,-0.012174555081820602,-0.002495481657121423
2023-04-06,-0.008606697150371989,-0.002408908691021345,-0.014351348775056788,0.0006367623884359326,0.003913075892565942,-0.0110998257375352,0.0035727731328032467
2023-04-07,0.0,,,,,,
2023-04-10,0.004312461101736111,,,,,,
2023-04-11,0.032807353009259056,0.0023064889802654545,-0.008996424625870556,-0.001756184824562224,-0.0015295223917636109,-0.0030478150675834963,-4.135333298352082e-05
2023-04-12,0.031260503078439486,-0.026929798588642,-0.022562917484054375,0.0017561848245622755,-0.001969932124440979,-0.008393270021734405,-0.0041434563234613855
2023-04-13,0.0035256065290367213,0.015033133589501481,-0.0026026329221581304,0.0073110607125949885,0.00991985139353467,0.005773426429169548,0.013175510497831548
2023-04-14,-0.014177346318755047,0.0034134866710985087,-0.001159158269429986,-0.0015848757023613136,-0.004729607372377519,-0.009297546071390545,-0.0020715175845779886
2023-04-17,-0.005625348688088301,0.005560784301136354,0.018670259673060224,0.006481702136240572,0.005109131600915033,0.01307963019517856,0.0033007035826147536
2023-04-18,-0.018634144496192148,-0.008663369121871926,0.005392723430406573,0.001574577838016462,0.002058177970083333,-0.005167665986670152,0.0008548548034659753
2023-04-19,0.011428861144220112,0.02470773309763074,-0.0214569925695041,0.0018862663594426876,-0.0005952865224228807,-0.013073973847046765,-8.426554793962826e-05
2023-04-20,-0.005698103302588453,-0.008219321358585543,-0.03053646245475118,0.004387368537914988,0.003296727839979331,-0.010852712087128092,-0.005970335188311131
2023-04-21,-0.010968973671535138,0.0013746178414039982,0.00029765468129151854,0.0014060744352622668,0.00043161370053791225,0.006481309162687489,0.0009027812573008861
2023-04-24,0.007847307055789628,0.002134614179330518,0.02181736148192246,-0.0015625224359544115,0.00048534284194343494,0.0012614660207869582,0.0008512167782723126
2023-04-25,0.04633032475770061,-0.00015233023349176583,-0.04107776503137886,-0.0015650338819347988,0.022441717509077003,-0.009912519826137871,-0.01593718381857645
2023-04-26,0.0024845423035721116,0.008342670408927857,-0.02118883991798354,-0.004709585675793872,-0.006186676499287026,0.003812772640543058,-0.0038485835033448754
2023-04-27,0.0024782945522306625,-0.00015090407750107619,0.015399081043389927,0.002043699020505635,0.00608114513308108,0.025780288122512946,0.019377193402696356
2023-04-28,-0.022529100286827915,-0.01860391984221764,0.009732277060356438,0.0073534619022471845,0.0063060190709624256,-0.0013826578969250102,0.008219331313243467
2023-05-01,,-0.005246890546218652,0.013229251872174988,0.0023356061232590983,0.004130033967470692,-0.004671129198376423,-0.0003861810485107871
2023-05-02,,-0.014965107939700946,-0.01201913355355078,-0.004520288293743564,0.0029695091567113036,-0.01125629896837199,-0.011653906680571788
2023-05-03,-0.002484542303571985,0.013340207045814248,-0.018304376347168562,-0.005640128987161236,-0.00036430269964919,0.0030288895458148663,-0.007022908054892971
2023-05-04,-0.008995412091285399,0.034110973386396966,-0.02462330979268896,0.0010993148694079902,0.006224924988927241,-0.004880259759178324,-0.007244913455062742
2023-05-05,,-0.016370045682176818,0.04835421879357199,0.004696851581972059,0.004591539514789897,0.01930675218155588,0.018306166381879797
2023-05-08,,-0.0023164173580905705,0.011954651373194305,-0.0015632554186151531,-0.004746880816974713,0.0019611881553188524,0.0004520264848820656
2023-05-09,0.012269986277189934,-0.018254742650476122,-0.011353589606073003,-0.008326027537425095,0.004077771378770795,0.021819642288129815,-0.004589938949059595
2023-05-10,0.024097693201411117,-0.027132170864632984,-0.0060275944208357446,0.0017336970341479965,0.0006691094382038782,0.01926639198384446,0.004473942241914432
2023-05-11,-0.009569541847130759,-0.0061668600843967246,0.0012084766793623465,0.005653282262885539,0.005492632038204982,-0.006427774757481819,-0.0016980648897067581
2023-05-12,0.0024009407646939387,-0.006205126352443203,-0.021978797979070895,0.003907193274322168,0.003985232702321068,0.004196754196464976,-0.0015845615894390477
2023-05-15,-0.0024009407646938766,0.00016378189315855446,-0.0009265359389427,-0.002655192699394264,-0.009477864740525924,-0.006090958710516772,0.002953797680316935
2023-05-16,-0.026798137631470296,-0.022692474149379326,-0.02597547354918416,-0.011324504905507033,-0.004333255536228277,-0.008958471629460417,-0.006398107681917463
2023-05-17,0.00982818166710985,-0.015703157529594374,0.028135650687103313,-0.0011076798377338977,-0.00710779312752957,0.006286427355960957,0.011820688622071574
2023-05-18,0.009732439719533942,0.0006805513959448632,0.014080359228740544,-0.005557887412786146,-0.002606746245020754,0.003444223954051403,0.009400723063727155
2023-05-19,-0.004854335577548236,0.009815660836164133,-0.007321494852314967,0.00047766021637596275,0.0014606760896488308,-0.0020369411394890913,-0.0014469138806754414
2023-05-22,0.009685220373332974,-0.009305534075219004,0.00610487195682399,-0.021233041485774894,-0.027480156800850846,-0.007268688497110486,0.00015502267980239146
2023-05-23,0.0,-0.001531025554659094,0.016898476535600695,-0.0017897678904666143,-0.003058439971591947,-0.011683463181182581,-0.011285468768284297
2023-05-24,0.0,-0.019598394073256323,-0.03470666998235432,-0.008505144920610767,-0.006362268885057481,-0.0015777518773773989,-0.007345512678305211
2023-05-25,-0.019465430685679467,-0.012754646841529094,0.004019185974458191,-0.007750176287692045,-0.005912610536002131,0.0019359008604261838,0.008719456079011883
2023-05-26,0.009780210312346473,0.00491149342004925,0.026790119228731816,-0.002486050765491331,-0.001197793350029877,0.003432387837052884,0.012964680931640788
2023-05-30,-0.02463202018991349,-0.04821290267417591,0.002100541208698776,-0.007997377596731553,-0.010788986386851695,-0.016918201316419013,1.660313066576836e-05
2023-05-31,-0.0024968586405406533,-0.0196557500474852,-0.02889066043743074,-0.0020094487526347575,0.004066520510943903,-0.011684991973949333,-0.006127358186214099
2023-06-01,-0.012578764928825804,0.007648573960569088,0.021427225855731376,0.0056828075358192455,0.00608327493849228,0.032664176202506924,0.009806215085853812
2023-06-02,0.010075747602520163,0.01914280996200016,0.037448679405618725,0.019148936605128612,0.010211840840302069,0.03733216675073275,0.014429812390107408
2023-06-05,0.007490515828505137,-0.012290352162306116,-0.004385417465916048,-0.00672627582097788,0.0007063311978725873,-0.0018511821881721062,-0.002005591490657713
2023-06-06,,0.013747842363711396,0.032004923670325945,-0.007269271476044482,-0.01438186063737639,0.01869470919416179,0.002351130233850576
2023-06-07,,0.00435969567658244,0.027430139519111094,-0.001493334448111939,-0.008018517650242814,-0.02158083380606562,-0.003819293926420617
2023-06-08,0.001526519940905324,-0.00163267745320261,-0.010268137253038904,0.0024876999095542474,0.010988369306469322,0.01061049154190676,0.00616957160752325
2023-06-09,0.0020314340283378567,0.0014514084786009694,0.01054376711880642,0.0016551747971764255,0.0013718562120880625,0.012047386205089296,0.0011474010230505239
2023-06-12,-0.004576775459295787,-0.0001813018390002051,0.012071493227821268,-0.004309039821438136,-0.002470867274005214,0.006370903750655446,0.00927797498175416
2023-06-13,0.009132331774017578,0.008486067601283823,0.026374125539456405,0.003978196010229192,-0.0019810989871811282,0.0552030119887123,0.006908570725908898
2023-06-14,0.015038022785192028,0.01870206519109914,-0.007732275617739429,0.006759475347921613,0.00893870321313652,0.046293030406420584,0.0008190899801265841
2023-06-15,-0.00648862986869172,0.03297771259484131,0.017774687965867383,0.013648164051300555,0.013771738532720297,0.01564056209399184,0.012104580493589997
2023-06-16,-0.0015033881500247594,-0.006165481220092053,-0.0018423290301210562,0.007160274559909357,0.0017753204598575946,-0.023036428532797602,-0.0036783764677510893
2023-06-19,-0.0005016625035899292,,,,,,
2023-06-20,-0.007049185008108761,,,,,,
2023-06-21,0.030358181672476933,-0.0005286652769061961,-0.008341295791569907,0.0027712225260729524,0.0006470861374549353,-0.0041447382997621815,-0.005259086366925201
2023-06-22,-0.009852479286259144,0.020241513781565305,-0.009501806659625677,0.006813896776354073,0.010301038683212504,0.0038901887386259613,0.0037039303873345254
2023-06-23,-0.010450492492402319,-0.013390359688399286,-0.013179828242930071,-0.010564949683903955,-0.006855218073446351,-0.02402762279138426,-0.007688288056502158
2023-06-26,0.002997015774940802,-0.013394585512929122,0.014270283643204183,0.00032657987583785647,-0.006362169036227725,0.007599033858067701,-0.004496934363132171
2023-06-27,0.027062133547532955,0.0030117650032002005,0.021030819861562872,-0.0021258102694253892,0.007167911959530445,0.016873956806729373,0.01139073352418076
2023-06-28,0.0,-0.0112071133551106,0.018766169373847733,-0.009374243355760923,-0.013624973758834178,0.018469492890623038,-0.0003541393883898215
2023-06-29,-8.834721833568641e-08,-0.005560957628330941,0.00026182642605670353,-0.008295985648016823,0.0009795791071788283,0.0018096486166581857,0.00446356811449
2023-06-30,0.009732434992988922,0.020123523977969064,0.009379974896197798,0.0033267550590798385,0.007260947432692767,0.0021796752286228883,0.0121943502618858
2023-07-03,0.009638453644822846,0.009475276617745925,0.0103199754463584,0.00596034178717838,0.002049264978273277,-0.0017434404070477362,0.0011699930926736418
2023-07-04,-0.0024008963399962642,,,,,,
2023-07-05,-0.012091890853034542,,,,,,
2023-07-06,0.004854333548207958,-0.02428249371361456,0.0010142457002933843,-0.007731087628758415,0.00010709664895451138,-0.00663096869391126,-0.007954061175894762
2023-07-07,-0.012180261157852867,0.003067744918474143,0.0037943853273457563,-0.013298078682210786,-0.019044069038963794,0.005827784038206269,-0.002869212795733482
2023-07-10,0.0073259276096449555,0.0014405046746258263,0.0007567347838702525,-0.007558514924100268,0.0066417442374827615,-0.00950290842903282,0.002402138610626312
2023-07-11,0.007272561196582923,0.01109328862119939,0.008290746408586623,0.0035344177960176656,-0.0017379265863136386,-0.01142291485990474,0.006719583998254874
2023-07-12,-0.017052676655440017,0.018161433370310544,0.010948119033277344,0.005361989086546509,-0.004412342987286172,0.005351043319265245,0.007383905235389679
2023-07-13,0.0,0.015947654084829566,0.0022245051320349805,0.008486501603932646,0.02352430133314431,0.006758010868940696,0.008434482989627111
2023-07-14,0.024272902651887984,0.0006876192937893787,-0.012422505399130522,0.009072406456690192,0.0036194885748228552,-0.007511784270274053,-0.001024932196907484
2023-07-17,-0.024272902651887935,-0.01019092459042023,-0.03174866016769231,-0.001478905821583558,-0.013803021763886102,0.0018832174022114017,0.0038479695744204137
2023-07-18,-0.009876621953803892,-0.0017376377581186163,0.009758926455572246,-0.003954751965970399,-0.006377206074575048,0.02318485072857298,0.007092066941428338
2023-07-19,0.0024782485456009058,0.01604458357614117,0.0025521393956930293,0.017511446558675134,0.009765356620253216,0.00476830078253173,0.002355134827233639
2023-07-20,-0.007453427458006698,0.005121129030119478,0.0007643633888348231,0.012094037274196261,0.016189560522056612,-0.004216935224183489,-0.006779827396257691
2023-07-21,-0.002496902500755049,-0.0030695565355587256,-0.01825011959815797,0.000800989328728827,0.004532739425327236,-0.002882699834749344,0.0003240420146130911
2023-07-24,-0.004007875918220575,-0.003079007731307139,0.019268596832553674,0.00032016248687344247,0.003988457011594194,0.01050904775757164,0.004026038496874852
2023-07-25,0.006504778418975727,0.003249850519397784,-0.03574574610685985,-0.0033677721371406597,0.0023021015165494776,0.006240772583834443,0.0028107195758387046
2023-07-26,-0.009018087075879267,0.0022173509069816663,0.009709913401806675,0.012769536891458228,0.0012535021918733203,0.0008452020331729426,-0.00015545097867591856
2023-07-27,-0.004539679573762608,-0.00941538543805163,0.017603347626999232,-0.009721927241191204,-0.01615277131487277,-0.0016307214424102828,-0.006445393055197076
2023-07-28,-0.005068479590572209,0.012307823919573272,-0.023891111869646712,0.0006404908536961926,0.00939695042564754,0.010343468007855069,0.009829375810433848
2023-07-31,-0.004073269555875647,-0.026861148236074772,0.008374896224289203,-0.008841762459407407,-0.015088505747362655,0.006499924514917105,0.0014676354365687912
2023-08-01,0.01719807736479651,-0.008060291531489414,-0.006536817091485728,-0.002586961124676799,-0.0034197683742369276,0.02117212422411445,-0.0026686453076827116
2023-08-02,-0.03521674376105854,-0.010789843335283121,-0.019335844804991623,0.003071119954873778,0.00794370250940243,0.011629263975495553,-0.013936200638336184
2023-08-03,-0.0041644470305610545,0.013249866411933792,-0.012649932009818819,-0.0051779138274107035,-0.006339418580698338,-0.0308417150752769,-0.0025512254502915274
2023-08-04,0.002604869776464145,-0.008636723373053821,-0.009524972172047865,-0.015202653657633385,-0.013558625295310071,0.01308344371018641,-0.0053141693739379705
2023-08-07,-0.022094637107442593,-0.0008854780907107815,0.014119165443119686,0.00787545003028004,0.012328785443873235,0.015108793800011481,0.008983618964856572
2023-08-08,0.0021255143888071052,-0.002128422879994844,-0.006763170680938682,-0.0044222591515799,-0.013196098167149745,-0.018040561460546764,-0.004227205100058866
2023-08-09,0.005293865697505836,0.003190902539138368,-0.015869088035944723,0.002295405844339735,-0.0024971872691666635,-0.01813280759800789,-0.007063619102045116
2023-08-10,-0.005293865697505717,0.0059996987279703935,-0.0596598938803592,-0.002295405844339674,-0.0012509360134557522,0.0025681773145282347,0.00025068252108086326
2023-08-11,0.011084835897930152,-0.009545767433812677,-0.007935517490299398,0.004095313608600117,0.001577102997370462,-0.0022693004648606675,-0.0010702648992294865
2023-08-14,-0.008963925433818774,0.0008876790105694819,0.00529737431563286,-0.004752142277266572,-0.0022848466011242442,-0.003473133899907741,0.005734004879419051
2023-08-15,,-0.015019039147840234,-0.0228594789747267,-0.006757295227397309,-0.012439342227526733,-0.007889582098296937,-0.011618139396096483
2023-08-16,,-0.008321218864011394,-0.014519919531626747,0.00016530917375673658,-0.0007722970202027847,-0.01922947070010446,-0.007584081792624527
2023-08-17,-0.005396715054999125,0.006157170472124968,0.0030424307923424382,0.0021471586032143124,-0.015348254519864468,0.0002465017259643811,-0.0077428113775290805
2023-08-18,0.0070100665879734994,0.006478289708468293,0.00605705392547391,0.005593977460572919,-0.0015141964545384282,-0.002529677439224952,-0.00014871788395720285
2023-08-21,0.0,0.00803939337437888,0.004518612734697157,-0.008568163430284331,-0.006362092023095216,0.00566740847730591,0.006855634859799785
2023-08-22,0.009625827401720615,-0.0010682253871830897,-0.010271692655688938,-0.006141688476899673,-0.0076540017130973656,0.013423843956232138,-0.0027813310465456837
2023-08-23,-0.002131368747442505,0.013622451155557278,0.018950648600072454,0.003490428284478528,0.013679294041357454,0.0055605342360465155,0.010984330710791359
2023-08-24,-0.005883705832400816,-0.008292911275365517,-0.02047018466645953,-0.002658168597104225,-0.005291198684097762,-0.019045755299241875,-0.01354935398400801
2023-08-25,-0.0010735468824942908,0.0038903932883614586,0.0021264294131460915,0.00464727243586367,0.012563248844452486,0.010267799090988596,0.006695501060295156
2023-08-28,-0.004305749811493962,0.010359121233693503,0.005146186574232764,0.002810951113401897,0.004615225956231818,0.016822332369724715,0.006245078594196461
2023-08-29,0.006987362392812303,0.011635038447540505,0.01021336284032328,-0.000991300287909905,0.0037655888777333975,0.0008366650978688008,0.014404068712056505
2023-08-30,0.005874472169735266,-0.0012093277049902381,-0.0020942201161798096,-0.000495776279089859,0.0008287182748115567,0.0039351651123389585,0.003825854181192944
2023-08-31,0.006898279313190801,-0.01673379742291508,0.006286559615429044,-0.010640117435051805,-0.010594633017428684,0.023988393102504436,-0.0015982129743398576
2023-09-01,-0.00903030256239876,-0.012558666975753146,0.0008948289373177229,-0.008729399604259449,-0.014721038807218702,0.0023789790493867384,0.001797512765518541
2023-09-04,-0.0005338614985753798,,,,,,
2023-09-05,-0.0037443543274809565,,,,,,
2023-09-06,0.0005357669055290043,0.005548091030693878,-0.013918648128740808,-0.0006801443285886977,0.0032673428611552156,0.01953768951401379,-0.006996014491432261
2023-09-07,0.0026744407630339946,0.003029547792726103,-0.00764628778685115,-0.0076850895761596625,0.009512151943581288,0.00022354616233332065,-0.003216433115732967
2023-09-08,-0.008044876311500814,0.00035579800377622255,0.011599509677234327,0.0,-0.0007369149480257009,-0.009775260605530462,0.0014256060622570594
2023-09-11,-0.0010776931481033055,0.014655428786395334,-0.010065374883886124,0.009385046547910834,0.014977603557905356,0.008656668371018429,0.006700951498135517
2023-09-12,0.00376651611525167,-0.01536715143122579,0.02572404686360289,-0.009899487103726583,-0.0036952604329043575,0.014502077623625542,-0.005712169023003997
2023-09-13,0.01914949843007331,-0.002852109599909238,0.0056603153469759904,0.0023985094213326715,0.007878036321059635,0.014784348524576892,0.0012408621175346041
2023-09-14,0.004730668210192872,0.014707438869245477,0.0,0.00824456137214734,0.008589499388647212,0.02150840785936606,0.00839458553366625
2023-09-15,0.007834864690902749,0.00035173068869826885,0.00857872960667225,-0.008934799877663213,-0.0076993857860099945,0.006469171286396015,-0.012234145842493929
2023-09-18,-0.006263030003254559,0.013448829661996,-0.018131080841455052,0.006194134575964094,-0.0025609544441727345,-0.0012692207351040002,0.0007210276941755188
2023-09-19,-0.005249212505104202,-0.0027796968440924916,0.018425386901271032,-0.0020605467355543916,-0.0059267137223750635,0.03166924909617795,-0.0021533273615331264
2023-09-20,0.025462290798974486,-0.0015670121708716376,-0.02263299151710898,0.004459128315757739,0.0003362645841875697,-0.032781268510386374,-0.009439204206291041
2023-09-21,-0.015512061625675248,-0.009805635455429758,-0.014869421639843679,-0.01552020345574825,-0.016961154515412285,-0.013065155987389741,-0.016536918318488084
2023-09-22,-0.0020866128784157462,-0.006886306015573695,-0.003981802552521174,0.0010420827223681227,-0.0006273966132510753,0.0042849336768341,-0.0022982374027607495
2023-09-25,0.007283988334757964,-0.022215158820577553,0.014625246249412787,-0.010471332546754478,-0.00537735360341942,-0.012152630494571933,0.0040149942038066174
2023-09-26,-0.003663844855882778,-0.0171756473866483,-0.024496179411958727,-0.008279766830668724,-0.010437068503547725,-0.023759749497010065,-0.014844165482264943
2023-09-27,0.0020953092729008717,-0.016351123127486603,0.0027858686355627287,-0.01031293930156657,-0.017247401341867103,0.010416456446749319,0.00022928777229479233
2023-09-28,,0.0033663515722970015,0.024730738493279787,-0.0025053874441793196,-0.00041292422293972,0.011207248499672886,0.005875877143000698
2023-09-29,,0.03197032050621769,-0.0057464440911441875,0.003041445815595637,-0.0003539847907787559,-0.014744798760245115,-0.002713259648289315
2023-10-02,,-0.03458763063013995,-0.015281410946814828,-0.00897201563218065,-0.0015946850703381465,-0.00720240425398,7.936440615299324e-05
2023-10-03,,-0.00827077891213921,-0.03414594311806493,-0.01087357045263008,-0.008727487812161436,-0.027322793211117507,-0.013839395863449198
2023-10-04,,0.0003774939297910317,-0.01089409590170164,0.002911209106046145,0.007189349796243591,-0.024483936067457874,0.008077047607828946
2023-10-05,-0.001573565927028937,-0.004159610080285646,-0.023799134280018508,-0.0495354742998768,-0.053567398622737884,0.02096490369229515,-0.0013048811469951228
2023-10-06,0.00888424811266932,0.00037884839325205856,0.019278668118452493,0.014405293207783599,0.0011860652433376166,0.0008087454125846553,0.011745642093961117
2023-10-09,,-0.004936411756625649,0.00290836782093088,-0.0049048802013032956,0.0066529344152298515,0.0054131564379536375,0.006284068119387409
2023-10-10,,0.020720261846575858,0.015687695901493395,0.021514332207488985,0.01866465610059166,0.017252091260417893,0.005194476099985354
2023-10-11,0.005293981884246237,0.016822672031962454,-0.01601059263177544,-0.005940241588398945,-0.010886315019083508,0.004955337494435049,0.004283819500095073
2023-10-12,-0.00741935163889724,-0.017195512039368394,-0.02153417088183452,-0.016898610749013377,-0.028314812795371413,0.019854394720338005,-0.006266024940654918
2023-10-13,-0.004798542817467303,0.0016769468624068902,-0.02200824867573299,0.0015135604622096258,0.012072454737544718,-0.02182231737384746,-0.005031495660219892
2023-10-16,-0.001604804785245913,0.011477460053531627,0.013396036900502973,0.010158195501823758,0.006727554410715115,0.007960161254962189,0.010538642302589985
2023-10-17,0.0090595211599183,-0.005722189620725329,0.008942071259313723,0.011907113163320588,-0.004417585795393917,-0.004925570112927885,-9.824987944376507e-05
2023-10-18,0.017355077368308224,-0.014168793816569861,-0.028425335960234884,-0.00036993994186623096,0.010297795546787893,-0.012648381843578593,-0.013490408251151898
2023-10-19,-0.015235529301591182,0.00037535967876640807,-0.0051011046069556,0.005535086540636051,-0.009113725901214594,-0.007300156449814115,-0.008519032328057976
2023-10-20,-0.029002846517542123,-0.013415391352643124,0.011188332407373928,0.004039761309528357,-0.003494038260894609,-0.007007875702337548,-0.012665149196155915
2023-10-23,0.010300962083511257,0.00209027599913178,-0.014945857720021086,-0.009019950796479692,0.0005000026134903275,0.0019003504740205783,-0.0016869920654349177
2023-10-24,-0.014123039177766047,0.01394936878293893,-0.02284643094766299,0.028437961911476052,0.013094787845677556,0.0017819662783317924,0.0072395235196288195
2023-10-25,-0.004386008798937439,0.005972441754053352,0.01563349190669216,0.008589958765824603,0.0009859483005598708,0.006069343814276799,-0.014443434657238052
2023-10-26,-0.013831558988938458,-0.006721483202428063,-0.015983522626580024,-0.006077000569369598,-0.005806429501924114,-0.020589468044706932,-0.011903081205584871
2023-10-27,-0.021966447559943234,-0.010356925954928509,-0.047704955142201286,-0.009727918450588471,-0.011151836272905894,0.006968134431980659,-0.00481183857862075
2023-10-30,-0.017811323290185643,0.022460242098450618,0.0051301880658128655,0.01633927990747078,0.016527393187284814,-0.008192698427217315,0.011938474300285915
2023-10-31,-0.016365148373016378,0.05122843401516182,0.030239793781646682,0.006036929240899247,0.006143070472404717,0.021814032039943705,0.006454084821688244
2023-11-01,0.003529523918342466,-0.0012315990423304606,-0.007117566845964276,-0.0008855684743682963,0.009690776184160244,0.05874914175104915,0.010451194990191868
2023-11-02,0.009932827638614299,0.023145564144667043,0.02817099201728122,0.011450939376618133,0.011817779929654436,0.004136178101155922,0.018682938934086474
2023-11-03,0.008106525623728291,0.01332898761553423,0.033125621971181546,-0.006149473824148792,-0.00023965110746405224,0.016164403453621624,0.00934988354455146
2023-11-06,0.02562045309359397,-0.0005094338510034457,-0.022419309758713642,0.004045354740324284,-0.0005396545791078201,0.00031646274559341144,0.0017514577241005862
2023-11-07,-0.010169589469533053,0.003052446833318806,-0.024340593359635492,0.0036793626016458068,0.002875205146100056,-0.0004217199559990778,0.0028360934017119537
2023-11-08,-0.007409525666649569,0.004392645494293688,-0.030375769703606684,-0.0015752435178212063,0.0012553327873388782,-0.03297988646355321,0.0010044110324198868
2023-11-09,-0.0005723150576642085,0.008894851952249995,-0.03357625239302468,-0.007560628293742177,-0.0073752095230696394,0.004352124955543294,-0.008116690699068705
2023-11-10,-0.005740412392148083,-0.004018034445079456,0.007476774041594451,0.0010585524979960343,0.004563415313876817,0.014977940803634262,0.015495759270772258
2023-11-13,-0.002305444188673336,0.0016761155834514538,0.0018603634623773698,0.003695549985329158,0.005079490707067913,0.003949402915288729,-0.0008361884413700847
2023-11-14,0.010903752755624998,0.02513780211226292,0.04719574056850999,0.002981626901881162,0.0020242904470741583,0.022853899965854373,0.01889537047457725
2023-11-15,0.04082230148119293,-0.0006535339168676601,-0.0021300047288493424,0.0019246726606383174,-0.005128666460614121,-0.015583116686367802,0.0015957382078471765
2023-11-16,0.012523834697833193,-0.001308219747859296,-0.023733540255743764,-0.0010494085122208909,0.002746740418904498,0.006798334552105509,0.0011897193967137305
2023-11-17,-0.0021670122149904715,0.003593624554137557,0.019817012886088694,0.0019228451636525072,-0.005680796760651015,0.015426586078694748,0.0012812279371779871
2023-11-20,-0.004347675146397432,0.008119582187317067,0.017330126140506927,0.0024421659160278743,-0.0014400878153443257,-0.029815386716910832,0.007363103793795633
2023-11-21,0.00326255149428588,0.003229359543693677,-0.021978856177145966,0.010915782890467835,0.00765718868127768,-0.02410537074360521,-0.002022975931757968
2023-11-22,-0.006535977999658002,0.010743374400664384,0.007142916094316285,0.006698149132275114,0.008427031184882276,0.005552041534687197,0.004052905094313324
2023-11-23,0.0097881138667599,,,,,,
2023-11-24,-0.004338438291783758,,,,,,
2023-11-27,0.00487928873189485,-0.008113907049576527,0.011291764949211417,-0.0018798685925698782,-0.006218691907680357,-0.009015559521534171,-0.0019560693168983586
2023-11-28,0.004317559947166191,0.0030305206442082042,0.013591378216380482,0.0020507584288565884,0.003203201196926346,0.002942979827650803,0.0009796385280502918
2023-11-29,-0.004858410387277352,-0.0028709214141335224,0.08966160533960917,-0.005992875423831159,-0.010118632974370975,0.012477952555612818,-0.0009466966151019382
2023-11-30,-0.0027092323180933162,0.005098091207259111,0.002852158800243555,0.011531062951843953,0.01433362711117561,0.0014237684146214996,0.003776931264994605
2023-12-01,-0.008172213105147619,0.007283096217089278,0.023765861499916406,0.0034165789057758753,0.002374191675750381,0.015476595771601787,0.005856558953846637
2023-12-04,-0.006586297615308181,-0.003793285217626306,0.021703451159046032,-0.0011946196725769326,0.0026641329534779603,-0.02825698101935097,-0.005423188063826943
2023-12-05,-0.0011017649055574436,0.00031664671647749606,-0.01186341288116192,0.0015355168559142954,-0.007120388918940898,0.0033035799884414607,-0.0005690315939348026
2023-12-06,0.008235024739844757,-0.01066294980817802,0.007013339526312233,-0.0010235332236992619,-0.0025636083869722084,0.010056203668253388,-0.003913851944943747
2023-12-07,-0.0016418831526585896,0.006061602748296743,0.018067421650866285,0.002386312226947505,-0.00029854206805887836,0.001841500883342279,0.007936610684821922
2023-12-08,0.013598428300992215,0.0022239222674397,0.0071367337253207715,-0.002215521532499126,-0.01068619586391229,-0.015681581262876772,0.0040871341465037936
2023-12-11,0.0016195318104533503,0.0006346257594878235,-0.005049754496997305,0.007309762991627148,0.012833752302111045,-0.0010684560795621253,0.003916813547781492
2023-12-12,0.001078200353693592,0.003798625471387403,-0.004776352454804568,0.006415733562199273,0.0038657171260646213,-0.012262279039464176,0.0045888127956924
2023-12-13,-0.003237997988648552,-0.000157985674147266,0.01691192243038383,0.008546315412861471,0.020794834898166772,0.003672938058530522,0.01355834517501981
2023-12-14,-0.0010817961195699617,-0.007931468273352327,0.06437310444711267,-0.014962048975060798,-0.022101472755327093,-0.011168495356695078,0.002643565185154432
2023-12-15,0.04237901527354823,-0.004469339844408526,-0.014448787501635852,-0.007480553686075518,-0.007457149952033497,-0.015383263175613303,-7.625240044859478e-05
2023-12-18,-0.00415795281106755,0.005424357786440796,-0.008149639851151304,0.007141781058081873,0.01137215255659649,0.014619685761961175,0.004518122263400515
2023-12-19,0.001041250034469703,0.015942284254912592,0.012060032655752666,-0.003224462644929806,-0.005699802309020358,0.003649017962768891,0.005849267450818904
2023-12-20,0.035270658974752934,-0.015465021747760169,-0.011213891291045955,-0.020955600815738346,-0.013547735896846555,-0.022040657607234875,-0.014793147965305628
2023-12-21,-0.0020108531159703466,0.011856873312909109,0.02175228598808049,0.0065744618620559945,0.007695602810084016,0.005099821315623436,0.010248769307271876
2023-12-22,0.001508496270123982,0.013580262380797169,-0.0063650277428409455,0.005674327359671365,0.004243195900001489,-0.012966520226534516,0.0016586821527610754
2023-12-26,-0.0010054714133638952,0.0018587432110321904,0.003049198785003842,0.004106884009785527,0.007012472403986777,0.007366565037474776,0.004222761046978559
2023-12-27,-0.0015101955489092657,0.0038612537892861,-0.0013849556060718602,0.0025580880995089796,0.0031929570405356414,0.004825653762234507,0.0014294356164229985
2023-12-28,0.024876869696517187,-0.002778616321064834,0.00332030850633108,0.0006811467272524396,-5.9075021658531054e-05,0.0021556756774747904,0.0003701061103271183
2023-12-29,,-0.0010826374682213402,-0.0077649693357170506,0.0030591517125079623,0.002653237946741965,0.01245597818549217,-0.0028304770367338357
2024-01-02,,-0.005742314122420278,0.003612504868215552,0.014989767612333086,0.017914172503447262,-0.011021409039222226,-0.005676660799723162
2024-01-03,-0.033987366488031905,-0.00796936548261641,-0.021873858720170163,0.0023374945150659906,0.00023137211819380347,0.0009919049499512226,-0.008048618327197648
2024-01-04,-0.019802675396224514,0.009213752358450362,0.006218210008996259,-0.0033411008607749076,-0.008594163017682826,0.007791225841376344,-0.003434271663317429
2024-01-05,-0.01431247540463597,-0.0012443868758339565,0.013990345650863304,-0.0015071623103975476,-0.014864616234064052,0.022160739243430854,0.0018240216394339805
2024-01-08,-0.008579116609779782,0.018810295171680678,0.019535484013615836,0.007346972216892806,0.0010057748533369292,0.004373683730465845,0.014015945436353141
2024-01-09,-0.0005386162790588622,-0.006743304209762099,-0.004369195224227612,-0.0018318263425894524,-0.011538294823419878,-0.010163793006490422,-0.0014789938523175842
2024-01-10,0.0059090750979065585,0.01707610901072451,-0.006314244652281623,0.0033278958648189946,-0.0014964402865602733,0.035545393550397014,0.005649980650495912
2024-01-11,0.0016056637623822728,-0.015385999816140871,-0.012470580839291144,-0.006499470876670268,-0.004744226882776737,0.011504785190731238,-0.0006712808369611647
2024-01-12,-0.005362108583641566,-0.001075277237931167,-0.016873585668532334,0.009650736468421739,0.006838697541994466,0.0037375842171780294,0.0007506937530339595
2024-01-15,0.008032084570516386,,,,,,
2024-01-16,-0.006957167658920423,,,,,,
2024-01-17,-0.023914433373808275,-0.014090275268953489,-0.010795873656152255,0.0,0.0016237487680946217,-0.007492264126842652,-0.005632731271107821
2024-01-18,-0.008839713558233087,-0.0003189826539042656,-0.012357780382527621,0.002829925706071707,0.004376206355570667,0.03013769725351619,0.008766720726243148
2024-01-19,0.008289638166676754,0.004931913604012348,0.026538699898611805,-0.005500436900605847,-0.008349525534064593,0.0029444985804007806,0.012238308232548512
2024-01-22,-0.00884489758709182,-0.0007937528410114007,-0.005364738558218684,-0.004355177890153402,-0.004049775766758024,0.0037304725388597453,0.0021919211872316853
2024-01-23,0.025762065055994775,0.0003176021294614284,-0.002551822789918718,0.004689226955724561,0.015206919434341378,-9.931261491184536e-05,0.002917115340764486
2024-01-24,0.0010817961195699441,-0.009893132569031002,-0.015158052270275519,-0.015830531652260976,-0.01224335497753178,-0.0033820336344828157,0.0008115989762168653
2024-01-25,0.019802517096072763,-0.003534227892728852,0.013169247769543068,0.004234829603179192,0.005780249852467011,-0.005795981112476912,0.00524657813497798
2024-01-26,-0.007446786218585686,-0.0008049347112057928,0.0005687768425429907,0.00354339426489198,0.0077746956349645235,-0.007544927608878518,-0.0006519977554263648
2024-01-29,0.04336012495710188,0.0048201102376502864,0.005951543146394881,0.006045439542603004,0.0017260442134246071,0.01801307934893539,0.007528365505246204
2024-01-30,-0.02904764955246576,0.0008010017143395209,0.07509652463577697,0.002842088494627836,0.008704112258033985,0.0009418169818498157,-0.0006008303969786162
2024-01-31,0.023922087700658762,-0.011273999501889675,0.016894454471241525,-0.006868294866369923,-0.006446795774772553,-0.010708661727265494,-0.016236851740733683
2024-02-01,0.06659173749046292,0.014631677240086521,0.00180249459600135,0.02473769766797909,0.018634967175491183,0.012342136082530913,0.012416286114049784
2024-02-02,0.08741207939715596,-0.008656673702670748,0.0010286408047434842,-0.007241568877807903,-0.004260797593960819,0.0017789986583570485,0.01062777072263312
2024-02-05,0.04732057323687082,-0.0032253221133786156,-0.029206914395660102,-0.00829332016547303,-0.0002923020196610324,0.0024163864326660965,-0.0031914247092839714
2024-02-06,-0.010559821623623691,0.028973721718091334,0.006330895217913439,-0.0016670321894729316,0.0029208560243697973,0.07507843767899348,0.0023077459317481074
2024-02-07,0.039547435970425905,0.02785262007752768,0.01798100497127598,0.0008337603070664773,0.0002918432778029687,0.018963778749988898,0.008207682594008628
2024-02-08,0.020202606343658197,0.0012200340887081836,-0.001809686371675657,-0.0026705111945341383,0.01378452540377236,0.014509783933645465,0.000570420540090595
2024-02-09,,-0.016907862595480643,-0.002331097472589998,-0.004523008165445801,-0.036195180389890266,-0.008208172850371573,0.0057259171287955156
2024-02-12,,0.004176662902554233,0.018499974611932528,0.002347686502012471,0.0173825075751099,0.006217763422995705,-0.0009494041426524416
2024-02-13,,-0.017126361685362492,-0.025004574033949407,-0.005879826333181435,-0.010191736864338281,0.022502379135138747,-0.013768609419845444
2024-02-14,-0.01415591491932109,-0.02110687717102828,0.001565044509937294,-0.001011418922815083,-0.008085708431972038,-0.01733548994033411,0.009534168304216807
2024-02-15,-0.028927640427081232,0.0075097908013920635,0.01602936515910966,0.0018535335982165463,0.0020276651465902956,0.00662898238234822,0.00580437267404004
2024-02-16,0.057041803241366325,-0.00927553060465209,-0.00746578896926259,-0.00016824116681526315,-0.009216755636509918,-0.005176545934237199,-0.0048150435759610425
2024-02-19,0.0,,,,,,
2024-02-20,-0.04247349674195614,,,,,,
2024-02-21,-0.010384220846896773,0.012176969556362093,0.012229726371601286,0.00885688897297669,0.001066877983281269,0.001410095609067545,0.0012634014951035982
2024-02-22,0.016563591146006668,-0.003463985025007524,-0.0038058533002228237,-0.0014709137549343949,-0.0034413329329296602,0.031895919995901245,0.02090288866640342
2024-02-23,0.002051309171242655,-0.0004732840515201112,0.007344579658048846,0.0008175387804959005,0.007991664706199504,0.0023431616401915147,0.000347887026502183
2024-02-26,-0.020704792326687413,-0.004269856697359148,0.004029406317084584,-0.00803903935261348,-0.007932390020720461,0.013231197161381906,-0.003793939244668484
2024-02-27,-0.002094193643075209,-0.0006340332483953288,0.009753518787440667,-0.006113018350513233,-0.0005945106557998021,-0.00037803099942285834,0.001704895538720964
2024-02-28,0.07491471045077622,-0.009720447189883297,0.011137618444882095,0.0009938958885543213,-0.0067424665520026085,-0.003155671267561156,-0.001659531321112244
2024-02-29,0.010030227255396738,-0.03387397989140609,0.011535053881653995,-0.00631130749296694,-0.0025671599390603697,0.013644950903252838,0.0052154704557999644
2024-03-01,,-0.003318437838431902,0.0002442241967367801,-0.008197391808497803,-0.004546427519356923,0.022566052347380492,0.007975936433387976
2024-03-04,,-0.0011640131864000657,-0.0014649992808511716,0.004692439035066785,0.004727924252103661,-0.008981760584676167,-0.0011939745749630112
2024-03-05,-0.02576964924142296,0.0006653827487498045,-0.006864383919996234,-0.004860590030898171,-0.020342220907577112,0.017682263521333754,-0.010245406275917994
2024-03-06,0.008000154187956505,0.007784751811891857,-0.01237638530367726,0.0005039524894438582,0.005907061426865612,0.01682062340773383,0.005127932853001643
2024-03-07,-0.003992042216644528,0.016526498914502565,-0.02012656769945834,-0.0018488605055620234,0.0006746012682549575,-0.017828391673908903,0.010251402284983627
2024-03-08,0.011928633209824534,0.007437420590300445,0.0038046546733036977,0.0013449080161182314,-0.00036795459919116476,-0.020866284215436983,-0.006549922992050337
2024-03-11,-0.03827260684477162,0.016138370823085415,0.0007594342609697108,0.012024354248189506,0.010250877113865787,-0.030779436922273074,-0.0011228682680281005
2024-03-12,-0.008247441342622269,0.0031650930148314402,-0.00812836049768661,0.004306569850777748,-0.0011539638520493653,0.010519547611839517,0.011139512586668012
2024-03-13,0.028573310915241568,0.019712880238008188,0.026426704181444972,0.010195920964643458,0.004608393638242641,-0.021752058231465997,-0.0019263840021219723
2024-03-14,0.012000207098069177,-0.056402438343251864,-0.022100303070556177,-0.0022290096769488825,-0.0031507997583174853,-0.008020664088834548,-0.002875221051495188
2024-03-15,-0.03232607667068846,-0.0034479594292092467,0.03272413350115739,-0.010300674945464255,-0.0007285822220653403,0.015679330352464552,-0.0065040228597376655
2024-03-18,-0.004115111179053105,-0.012245759601804544,0.003189670864695577,0.00416625716841505,0.03929999228581688,0.01707271427369989,0.006298184238480456
2024-03-19,-0.02083419500921829,-0.0011661462589055136,0.01676241880794145,0.0016616412388960886,0.003148066410761055,0.023438914389972906,0.00563325304434312
2024-03-20,0.01462931439734534,0.0013326276250547652,0.03177134863585267,0.008596696126829803,0.0003494123986306965,0.009775326193304951,0.008864765516360184
2024-03-21,0.04463203953996129,-0.013069905214872765,0.013214426534538174,-0.004619810196494243,0.0034271190685882585,0.01910931258361469,0.003231309094528888
2024-03-22,-0.03431204774903515,0.003535684492300016,-0.008325470827113634,0.0003307338352009418,-0.0024967279713318325,0.012997764539969262,-0.0014031718343267125
2024-03-25,-0.01656354124133067,0.004694838955684568,0.011314982536666279,-0.001488927244106885,0.0033660120287270423,-0.009306419267209367,-0.0030596403820319297
2024-03-26,0.004166694614134696,0.009489775222673451,0.01027999507381934,0.0023151821758654817,0.0007529626739137305,0.005176545392503379,-0.002803721982805726
2024-03-27,0.014448211050021012,0.008086477972483538,0.013320059465195362,0.008061252955207623,0.004851299069065159,0.0051329857849333645,0.008593595582706042
2024-03-28,-0.020877675642510404,-0.0009866506556883703,0.016900410313007232,0.0024546313517991914,0.008262009893322068,-0.0018656768002490638,0.0011158627007616052
2024-03-29,-0.017021674522908363,,,,,,
2024-04-01,-0.023888102237288107,,,,,,
2024-04-02,-0.033522798283354485,-0.006403509590897876,-0.011296996062526357,-0.00877267932550093,-0.008942589007380068,-0.009376850467508984,-0.007265388203672426
2024-04-03,-0.01834912422932381,-0.0077718135541383895,0.006218033629938338,-0.0053342265909974255,-0.010319063983432505,0.00784776052911819,0.001090527523337898
2024-04-04,0.04525655644927117,-0.011688147740550922,-0.03354275678109622,-0.008897867827022876,-0.00017688617016398302,-0.010895449061723262,-0.01241103561926225
2024-04-05,-0.0022147815954725336,0.007029242661751338,0.012512880938101966,0.0035349658208692777,-0.00301057477055386,0.006584784830565415,0.011038050135699558
2024-04-08,0.03057007835374328,0.003994759997461297,0.002483984790699321,-0.00404096283510526,0.002597949090486234,0.01431101096449478,-0.0003747011900415767
2024-04-09,-0.019544673734003204,0.006622476342380019,0.008757221119484826,0.007563682289534605,0.006055263604437221,0.011076226187173592,0.0014444494736345207
2024-04-10,,-0.017142757924368215,-0.017819316383983784,-0.0134863935929126,-0.009777171263142898,-0.00870414832704913,-0.009501981832212592
2024-04-11,,0.002682302399566109,-0.002278369128995092,0.0022038066776674204,-0.0034983395991417684,0.00894720585775172,0.007417221983342437
2024-04-12,-0.01252635761121624,-0.017905960139393298,-0.01748772545319358,-0.013125539575099918,-0.0015454265715677486,-0.016409947586241348,-0.014657587802248536
2024-04-15,0.014598913275647746,-0.011485445714568457,-0.009094341384735905,-0.0024049989813690067,-0.0068647476342789445,-0.005364797264882797,-0.012094195787459195
2024-04-16,0.0020681981784075364,-0.014938656362288485,-0.0007030165707248944,-0.0013770577154825754,0.003288798500950174,-0.02154035070194091,-0.0020586245275039964
2024-04-17,-0.03575563903018679,0.0038428947735806903,-0.004699235319953655,0.007720777688068895,0.01175176338329022,-0.010839877250596968,-0.005797375076004185
2024-04-18,-0.010764376604706102,0.009542740406159107,-0.00047113116405072587,0.006813217497378836,0.01632811229076595,-0.00914541129561372,-0.0022106017004853043
2024-04-19,0.017167717357777116,0.014230970497110305,-0.0016507553671476192,0.021162954149569146,0.010738956833658456,-0.01354899692403635,-0.008797129654056974
2024-04-22,0.04167280812471932,0.012687266485480337,0.019631549537104363,0.006295710862403635,0.013292186961201834,0.006884317687409333,0.00869335115683908
2024-04-23,0.01820063856167655,0.011531831595906095,0.0428101887440016,0.0014851740179548983,-0.030144858702241272,0.00047750969022413315,0.01189356656772209
2024-04-24,0.01195229077567617,0.001328423089387215,-0.0004435466100683507,0.014895140795742034,0.03551415742398709,0.010663012138134472,0.00021298737793290078
2024-04-25,-0.009950272429768788,-0.005324446895112869,0.011907498379157689,0.0030821637508169552,-0.004123271711627449,-0.03282422434955814,-0.0045869342701194095
2024-04-26,-0.002002018345907414,0.0011671851019366003,0.004810824861622429,0.0,-0.006245528397709444,0.005972532427215589,0.010157381332325343
2024-04-29,0.00798413667519461,0.0048208121579407645,0.004353746197605308,0.0048473983524640425,0.0031844520569618744,0.005410810501132236,0.0031734080766393944
2024-04-30,-0.0019900658966351095,-0.010670274786556893,-0.03334755993582555,-0.004361573267110078,-0.001306684914408391,-0.002767743317811882,-0.015855551118928123
2024-05-01,,-0.0031897677583852067,-0.0013483699565756855,0.0025870002978081418,-0.0043296457178067,-0.002113811086191706,-0.0034413534856316866
2024-05-02,,0.007037487711041984,0.00448713493461327,0.0009682372138749095,0.0017111424302215278,0.017350695759512223,0.009087024725084856
2024-05-03,-0.03265593667614736,0.011657110727474428,0.0042445098172362245,0.002899428600644882,0.00398175932543552,0.008928769037995467,0.012478557659508005
2024-05-06,,-0.002011767889127876,0.004448472271200047,0.002891177505736739,-0.0018751113559581747,0.011655091677510127,0.010273173691247842
2024-05-07,,0.016311998665482687,0.00487055394537873,0.004320957379226968,0.01243530619865622,-0.01859284187739915,0.0013425282288256131
2024-05-08,0.0,0.039176300907888074,-0.005092629660230271,0.0036662401978236267,-0.0034324179137650737,0.002246004113526115,-5.835635193424912e-06
2024-05-09,-0.020877604760773924,0.007906420173117693,0.006857812406757971,0.0004773120449853001,0.003656952362003519,-0.01978183860001292,0.005078032639106711
2024-05-10,0.018809406582366395,0.011276481402379131,-0.0033124074563260475,0.006024999518469805,0.00966898400225123,-0.03794018768416659,0.001648040080166728
2024-05-13,0.014388708026011186,0.0077567786564167514,-0.0008852167700568295,0.0050458586851288454,0.00615471992476703,-0.014456223886350013,-0.00024133317386520824
2024-05-14,0.006103760641534366,0.01472638459788431,-0.0031041404317342144,-0.007578205850382158,-0.0057098415942587,0.0068398087438911745,0.004826148527454041
2024-05-15,,0.005467071389604276,0.010163686505295911,0.0004752268328001344,-0.002282084694463456,0.011129793616816893,0.01164782778729962
2024-05-16,,0.006641540613047034,0.008318671157623024,0.003005269344936318,0.02013482500900624,-0.018015935721193383,-0.0020838374740880464
2024-05-17,-0.01222013581195462,0.014190929055150464,-0.0024009461756967195,-0.00459045430643726,-0.005036892353996645,0.01897199140390163,0.0011640956878937513
2024-05-20,0.02629062198424072,-0.01614863986647516,-0.014306350606955743,-0.007324980070810781,-0.010372595061986184,0.0033616709040529854,0.0009159703084911664
2024-05-21,0.009930509740388362,-0.0015086169039361002,-0.004220675615623477,0.0054192400488943014,0.0042614965378238836,-0.005183455989039273,0.0024987497668926086
2024-05-22,0.09062795577901459,-0.015978338323072883,-0.021375598087445376,0.0014294992130436703,0.005561984430351279,-0.012523384102004416,-0.0027097912093521476
2024-05-23,-0.020055274666278777,-0.008782034805672865,-0.005473441850074557,-0.014549679129541845,-0.015608015474566861,-0.00885599235155252,-0.007408162283471933
2024-05-24,-0.014842561937136439,0.00647845598319979,0.008652295613553783,-0.001450465213515294,-0.007165713761778349,0.009824855820370437,0.0069766490766732595
2024-05-27,-0.007504655370402119,,,,,,
2024-05-28,-0.0018851587834431047,,,,,,
2024-05-29,-0.015209342525478559,-0.01955694789807696,-0.01049823652242979,-0.0019430774532148236,-0.012945471678453432,-0.022050021302694883,-0.007394317215742535
2024-05-30,-0.015444243919373364,0.0008024903103828295,0.017896845311251148,0.004366643420971962,-0.003922363393060107,0.0010277926285727009,-0.005992957535754186
2024-05-31,-0.015686718576902264,0.01180235924503051,0.035750613365006643,0.015372575658678196,0.014095328116136447,0.015474701570646471,0.007995824231928897
2024-06-03,0.04634030502175411,-0.00668148916707643,0.016532933548094514,0.0,-0.009705633280271065,-0.02485696516357896,0.0011154602235352391
2024-06-04,-0.02290161608306955,-0.008334765905141176,-0.010549550994632007,0.015922070685844635,0.01541519961159124,-0.008472421195792675,0.0015016810037827531
2024-06-05,0.019120993280038037,-0.0009661673503355625,0.007922557191543831,-0.0003129497517750174,-0.0023029292193511674,-0.009792008025384422,0.011778015849957281
2024-06-06,,0.01978049459662812,-0.0002193493746498703,0.0035919380249978695,-0.0016728592430999085,0.008174516118161421,-0.00019983660163685183
2024-06-07,,-0.017366760943565644,0.005043475141544073,-0.0037482575027517956,-0.004695645614659439,-0.017675725155504682,-0.0011158420502790662
2024-06-10,0.009389814153845242,-0.010014706569247037,0.03966634205680436,-0.00501961051709997,-0.03051217326273735,0.008012038455792164,0.002577529978240972
2024-06-11,0.012999292284982181,-0.008804799024125376,0.01336424705819011,-0.0006293152145784094,-0.00501560851117092,-0.01311320419406141,0.0027067148552095224
2024-06-12,-0.0036969542474911475,0.006692214965486374,0.013392739103809486,-0.010598738103240758,-0.007540217220882313,0.0016545717992978019,0.008467720241887338
2024-06-13,-0.0037104173805744835,-0.01673265013725047,-0.025076624561410327,0.0017479809624075277,-0.0030565354422314593,-0.031113508235612503,0.00234191143711672
2024-06-14,-0.0037244278814022084,-0.016008338369883843,-0.018640544212198726,0.0007193891861635609,0.002934514093009688,-0.011198643440345414,-0.00039393828099749413
2024-06-17,0.03843112447595001,0.0035237957859005197,0.013380206585476444,0.0011185555006591403,0.014123600873708994,-0.009838743712297952,0.007635164372320518
2024-06-18,0.016028960698204173,-0.009424545842631001,0.0008435880496060375,0.00015973787716382746,0.002044305301454728,-0.005445141172034086,0.0025181541815171163
2024-06-19,0.012291491581429453,,,,,,
2024-06-20,-0.003496654275098915,,,,,,
2024-06-21,-0.019452396744179205,-0.0030431947869007827,-0.0010471848050019412,0.009443851830057843,0.0035932597223042495,-0.004946920392287168,-0.0015633517188252497
2024-06-24,0.0035652161584674917,0.028542413561097685,0.008139447428011405,0.018936900742829665,0.0047710820741110405,0.02751339997356736,-0.0030698791558664423
2024-06-25,0.026340438196707915,-0.01008865685804998,-0.0359751110654392,-0.002034300464984005,-0.004352680108261387,0.0357392839249048,0.003925873679181344
2024-06-26,0.0034598820482481672,-0.01136749812997455,-0.013886020832964552,0.003284172613848938,-0.003651744175248775,-0.014851311885620734,0.0015711962247204525
2024-06-27,0.035870720116419105,-0.007086258573073226,-0.004159838079300435,-0.0021881436328578738,-0.002882973781068067,0.0034394165088616094,0.0009069098567990731
2024-06-28,-0.010117941814987184,-0.01552800424335729,0.019122754183515115,-0.004076578685265707,-0.008031549475958947,0.00533200271218925,-0.0040920134623695995
2024-07-01,-0.03098367150981304,0.0034334219624462974,0.0047238419177615424,-0.005830171749322606,-0.012445992094541293,-0.006166205942983789,0.0026719909814295235
2024-07-02,-0.04835308873901684,0.005298750279322246,0.005767614716911547,-0.0020563124402329385,0.004227018156871954,0.012197648715161553,0.0061762057711850496
2024-07-03,0.012762138025353122,0.023585999631902787,-0.005125058535107042,0.0028462302257963095,-0.006008780790107829,0.00019393854107114652,0.0050715622695336636
2024-07-04,0.005420089822195227,,,,,,
2024-07-05,0.012533686338629177,,,,,,
2024-07-08,0.007092458374474531,-0.007052807012743922,0.0006446816169702492,-0.01262646922445889,-0.013904754111284686,-0.007340906936408342,0.0010161824764044329
2024-07-09,-0.030495799842169952,-0.005576732631287283,-0.006249428905264894,-0.00429764786409557,-0.0013580512818418954,-0.016084593263967793,0.0007407974780654752
2024-07-10,0.0,0.021459299560866268,0.005819659417501451,0.0022306795216855088,0.010384366348041718,0.020660734892439022,0.010156314878105886
2024-07-11,0.014466836855733639,0.015797654271568474,0.02964446381328338,0.004288156742281789,0.002198273598498136,-0.010497863313621295,-0.008801649969266724
2024-07-12,-0.025456003688982418,0.004073256642097386,0.022282535645193124,0.00946379010059373,0.014712926751073252,0.01876933258658995,0.00550186402496512
2024-07-15,-0.011111081360243793,-0.02186324056984705,0.005899799793812976,-0.004562958903451749,-0.015261890169377477,-0.003281036631243066,0.0028222164233526843
2024-07-16,0.022100248193492655,0.0004984546667339274,0.009488341244778658,0.013471311898596728,0.005477229286221632,-0.0014993219599533116,0.0063690499714532745
2024-07-17,-0.022100248193492628,0.024125153665441088,0.0026086062926033325,0.014519870287226337,0.030661500591975192,-0.010754646791385948,-0.014025441523645543
2024-07-18,-0.030248197302041164,-0.018162867120946107,-0.005022550982222924,-0.000306546941131265,0.002821265364896566,-0.02246283614770179,-0.007847112145350072
2024-07-19,-0.007707023557412306,-0.0018180664522462352,-0.027566826906710407,0.0015327289754632838,-0.005945691016108857,-0.013602197593054978,-0.007165879226406085
2024-07-22,-0.013632092323712961,0.009548938194886135,0.02575239898007449,-0.007996470099533904,-0.01008855404585985,0.015052284375664257,0.010734217246220293
2024-07-23,0.032789669821572456,-0.005421821805678652,-0.06631564576937175,0.0029290857901559816,-0.008265059671892734,0.003242332325870658,-0.0015593176939461904
2024-07-24,-0.01915757749785943,-0.0024742513197732966,0.0023688682598689208,0.013000170943513236,0.011302159051848925,-0.01804110058495325,-0.02342124222289286
2024-07-25,-0.027452725370579512,0.002474251319773278,-0.052097460568464364,0.003943041973923936,0.016805115821602167,-0.009937651931992662,-0.005155889019717259
2024-07-26,-0.03232613241371836,0.01114042089446592,-0.00022660140702030276,0.01472385335446578,0.010064958419448594,-0.014080742109821806,0.011029420409570924
2024-07-29,0.048105526537861626,-0.02190658458859011,0.0006797385282269556,-0.0032864318450896014,0.0026594144456801513,-0.0002077711500916844,0.0008129795718284517
2024-07-30,-0.021761558054185847,-0.007857534377027636,0.001810233537692036,0.012638633191311924,-0.00017317250879340568,0.0032677596536082095,-0.0049725143613676215
2024-07-31,-0.004007946690366539,-0.0013436781734956526,0.0020328562916442704,-0.01398660288600156,-0.002949492535599222,0.0022758348934423544,0.015669980701917767
2024-08-01,0.017910931019457735,0.029150753951991355,-0.02166812423941238,0.018115047097618846,0.013175158409427604,-0.07775900201700686,-0.013788123791990166
2024-08-02,-0.03819556854514826,0.034021248699186844,-0.05205817605552131,0.019958528230328062,0.01745087287877164,-0.03436956230550675,-0.01855290660855327
2024-08-05,-0.08552217593155718,-0.0409008311654656,-0.03008097519587686,-0.017900590640959297,-0.02272328638226815,-0.027362094700658868,-0.0304270413923931
2024-08-06,0.04793931148644394,-0.005604137600227114,0.016385616529122182,-0.0007344490008928734,-0.008945579140754105,0.0073976214774339084,0.010300849493599515
2024-08-07,0.004246356612859285,0.0,0.0009845666956069508,0.006006855357078455,-0.0040666529042438365,-0.014371783694040805,-0.007764715388769489
2024-08-08,0.0021163635345491792,0.007082309512525312,0.04990234256505301,0.003936319214714363,0.00337050408993807,0.013014636015454162,0.02278113959089888
2024-08-09,0.0271132991379943,-0.004276314922768706,0.01739987138736784,-0.0007278325313409339,0.00011625123891516136,-0.004615938301448119,0.004660798434381699
2024-08-12,0.002055460892091763,-0.009106819191818506,-0.011333508262481765,-0.00745356981387632,-0.005642759557685439,-0.003684341587965173,4.30330517200971e-05
2024-08-13,-0.002055460892091877,0.005143149469523257,0.007646866569383176,0.00424508313050309,0.005526508318770349,0.025974016654203215,0.016707233419049988
2024-08-14,-0.008264567153495996,-0.0008277321164848862,0.0066719675906579375,0.00175146736351979,0.00774418366124091,0.02644672638367954,0.00381643656119841
2024-08-15,,0.003966880465469899,0.028260056283675793,0.0010200180595073588,-0.006874265971046189,0.02664606264460899,0.01600448993130413
2024-08-16,,0.0004948203749746858,0.010201793979992393,0.0076906582275127,0.000579557077293056,0.004829015258775168,0.0019878023683961516
2024-08-19,0.0,0.003785079070029159,0.009661853017570415,-0.002895057779498494,0.006927655682760607,0.005622736374714716,0.009675327436177775
2024-08-20,0.003913759451442691,-0.005435281622061291,0.004796270901221367,0.0057817583881227845,0.011611134028514901,-0.012930257238658262,-0.001986527237609709
2024-08-21,-0.013766072429957138,0.006256218473136621,0.012535448330265705,0.002735018857219561,-0.0036461850419623304,0.012494713868223296,0.004230714721006796
2024-08-22,-0.01798264305687865,0.0006562645909661094,-0.002150066493993694,-0.0034556788316103346,0.0030205472673270127,-0.0116126977684081,-0.00897294225665722
2024-08-23,0.017982643056878717,0.01173989805572045,0.04441403076622378,0.00661293777839865,0.0007393051095862294,0.01958649155079466,0.01141793740166443
2024-08-26,-0.011952381114279237,-0.006342021546589473,0.0036993336081980474,0.01493294589523983,0.0005683318065850921,-0.024723676958171327,-0.0031587101696058145
2024-08-27,-0.008048457321120079,0.009255602489877694,0.010204125931135706,0.009273538347145647,-0.003814678333408394,0.028283232037429017,0.0015939251127232035
2024-08-28,0.04541757535875956,-0.006811522325122734,-0.004069084544481391,0.0034905791148500905,-0.007903326621101148,0.010283389397609529,-0.005993900794735212
2024-08-29,-0.0019323316211327342,0.001138469932553106,0.00852631209879246,0.0041724948325489565,-0.010577720574489713,0.0005327383650860838,-3.937984343658622e-05
2024-08-30,-0.011673331246436202,-0.0013012784542595123,0.0062467419782948775,0.005812532643964336,0.0045800804477051345,0.010753031366256483,0.010042457079144168
2024-09-02,-0.03789091450100052,,,,,,
2024-09-03,-0.03516396304476664,,,,,,
2024-09-04,-0.02127729201545357,0.01789355403852776,0.0008259147237086444,-0.006182875997528679,0.0055048116169816915,-0.0077657515333585895,-0.0016038290273809634
2024-09-05,-0.015168233471253125,0.013489016684776879,-0.006211173273495769,-0.01934218225464023,0.004359689394581744,-0.010394388512944174,-0.003022581014674196
2024-09-06,-0.00657171693358349,-0.009502728649950115,-0.018703991244563106,-0.0004217088563590137,-0.0034057157114098183,-0.031226574795623744,-0.017410944507424406
2024-09-09,0.00875270220147888,0.01296463877023457,0.0055004357812760375,0.009930940769169614,0.004781808107381219,-0.006227632844358966,0.011513534435818254
2024-09-10,0.006514707530495179,0.007979317049892905,-0.05596768400408096,-0.004184020012054333,-0.0021350078341884396,-0.010849262074848823,0.004462699977793541
2024-09-11,-0.03300620391690962,0.002801136443383444,-0.003352523652688164,-0.0065906437982643905,-0.01148228737916589,0.0029238380692581476,0.01060855564984334
2024-09-12,0.03732578464225859,0.007739968415039996,0.03194460854380127,0.0021079743489950528,0.00832772616126377,0.008493128924334134,0.00746735215680267
2024-09-13,0.021322952569580146,0.0007708213580871122,0.0038952686049034202,0.009356433632921556,0.0006204583955045294,-0.004494082484609667,0.0053931422343560355
2024-09-16,,-0.002314005559645224,0.01223584609403837,0.009615859258665704,-0.0008460059144563588,0.004777858912969833,0.0012558408673102855
2024-09-17,,-0.007751968283925749,0.013772877941971328,-0.004169573847163878,-0.0019205159568441937,-0.01763170970091014,0.00026451509389645083
2024-09-18,,-0.013160171198016029,0.023706812738652955,-0.0006964536897033581,-0.009429747757429281,0.020351802450836034,-0.0029006587083132912
2024-09-19,,0.006131633209597657,-0.0008226177646630668,-0.015874540152301265,-0.0031440409691888415,0.037541071836288145,0.016834356892725128
2024-09-20,0.01812738998307829,-0.010557043886169482,0.005333527198256516,0.014339979353303353,-0.020125467735180293,0.0032650521990708154,-0.0019429136300157343
2024-09-23,-0.00600598022663006,-0.0017439890357307938,-0.017334275127270055,0.0012556634941494969,0.005418080337592059,0.007199529326956904,0.0028053344257131223
2024-09-24,0.01593649897213717,0.018083618537378863,0.0006241907025087151,-0.00559208110174919,-0.01280596877749746,-0.010137553162391516,0.002508031103345345
2024-09-25,-0.00594638835172796,-0.016022878439196794,-0.04990369530839821,0.0016807973554148323,-0.0030651827529519574,0.003426842064113852,-0.001862983206212128
2024-09-26,0.02938505699171221,0.03684252038525861,0.0017478902380603349,-0.0006998665275638882,0.0017105071262175087,0.027844986594052424,0.004030542158199222
2024-09-27,-0.009775326952034978,0.007147775340403786,0.014519597629317366,0.005447271804978497,0.0018252601722436445,-0.03514781686415168,-0.0012540029000721238
2024-09-30,-0.04213245717423699,0.004535942928875124,-0.03592150299616932,0.0009745362205012423,0.00029407565793135564,-0.009192133939404424,0.004227603658441509
2024-10-01,,0.003914540796320902,0.0008917599309078959,-0.002089632861836585,0.007790815656897564,-0.0028601864478500125,-0.009367848694454447
2024-10-02,,-0.0040654613585594905,-0.0013377647732294331,-0.009809395948956646,-0.010735373859278296,0.013610225408081695,0.00013838132698647728
2024-10-03,,-0.00015094334269273772,0.003563345843398957,-0.006924535349098602,-0.006034040115465816,-0.024281374951098597,-0.0016828286544586894
2024-10-04,,0.0019598953974578406,0.015442753106777174,-0.004975323221550004,-0.0033285543094729816,0.021618551991966325,0.008930255699186382
2024-10-07,0.030834817196622167,-0.021002326720848757,0.006545816989701646,-0.01666946985692255,-0.004534667402981223,-0.015111929828069194,-0.009632263829388773
2024-10-08,-0.004056736990283254,-0.01222437855207274,0.0006524002570301103,0.0024603268702072605,0.019015315594103285,-0.008836629308077677,0.009642706804694385
2024-10-09,,0.0006224350196512183,0.04088281842922123,0.005621702254791377,0.012363090863674708,-0.010121572445760611,0.007088231016994585
2024-10-10,,-0.003116671318237359,-0.00501993832610341,-0.004610301030646908,0.0026047067991176315,0.0020669922359633653,-0.0020722685059824846
2024-10-11,0.010111253334534009,0.012100654722064036,0.003767273632168491,0.004610301030646785,0.01046594359647604,-0.0016647472943086014,0.00603360870729872
2024-10-14,0.0,0.008751085177734883,0.015751640404087233,0.011007029663758877,0.007352320174663708,0.005957203806451476,0.007678114574594323
2024-10-15,-0.010111253334534045,0.00015296459224589873,-0.016169571336847776,0.0,-0.0011363685500206172,-0.03220937064154565,-0.0076385660375134215
2024-10-16,0.004056736990283109,-0.001988859239475441,0.023953196303649067,0.003264674311165352,-0.008105583087578019,0.011435390650148048,0.004668232782779766
2024-10-17,-0.047677483324168414,0.002599942319422561,0.00752138881914011,-0.009539546084125267,0.001088399958457768,-0.0017508716832427345,-0.00017117512853816633
2024-10-18,-0.004255258997175805,0.008668570491939222,-0.004058651213715123,0.007695645005992168,0.0022302457661633563,0.001925772222614357,0.003963686942774387
2024-10-21,0.010604708819128877,-0.014950626287148485,-0.005096330662909087,-0.014154292103033622,-0.00028556415012014356,-0.013854041720017791,-0.001824432756419033
2024-10-22,-0.010604708819128995,-0.006321830556435232,0.09358081390485132,0.0,-0.0036636900039331366,0.004482386350949405,-0.0004749666671957937
2024-10-23,0.02734130851625636,-0.0012381776720726803,-0.015190139278262304,-0.02095222813191791,-0.008176996803262445,0.008205012999922816,-0.009233824267679564
2024-10-24,-0.05326071824517862,0.0006192804715176276,-0.0037864925371148416,-0.01049429117320378,-0.004578124838472853,-0.005266982083023981,0.0021434731305568283
2024-10-25,-0.01321606812206064,-0.011049833477343519,-0.012405861288846446,-0.00566248755743223,-0.002151696475931707,0.009169897461437659,-0.00029949201318627087
2024-10-28,0.004424866234849668,0.0076389739829773205,0.01259547151208259,-0.0037429252460604054,-0.011415742212347197,0.02656268629961981,0.002647934626732945
2024-10-29,-0.011098830933242177,-0.006700463243167387,-0.022826294563604656,-0.016789223256488472,-0.01387356329573275,-0.0034027595926896664,0.0016128259449012198
2024-10-30,-0.015748374935116598,-0.016552785803865065,0.008308500286596087,0.005476077588374118,-0.007731275509055608,-0.0046690863378710005,-0.0033056916724881185
2024-10-31,-0.025259696174941115,-0.05791607622017893,-0.023557971345573376,-0.009296919556673344,-0.0007824325394813356,-0.01257805267414948,-0.018790134928745348
2024-11-01,-0.007001282917003423,-0.0011797223886657376,0.003932184302203213,-0.004603694522043575,-0.002954898146200131,-0.0010987914580645284,0.004084158004525459
2024-11-04,0.013953810402570757,-0.012728201667100602,0.01634925101382036,0.0015368589781203778,0.004519151503084011,-0.0007525388634019237,-0.0028160448131902913
2024-11-05,-0.0069525274855673615,0.0047708923673683064,0.03602278794655867,0.003985480922782047,0.009036737432725928,0.01168596389602852,0.012191031029563081
2024-11-06,-0.0403376642692863,-0.026875022495080135,0.02482891532055999,-0.025878969110926124,-0.018884193729068185,0.002400847506257806,0.024981280957186654
2024-11-07,0.0,0.009557717374242821,0.006157174139135037,-0.0006280781538203046,-0.0043199016935939714,0.018665729414285286,0.007403754173995657
2024-11-08,-0.014634342556284654,-0.00938319283969374,0.003424304234910049,0.004075695176025878,0.00674537850664073,-0.03663960603172032,0.0037497940357180464
2024-11-11,0.036192089817532684,-0.00367287611622409,0.03674041582649943,-0.008799502556735029,-0.00516150244044102,0.01196100487292473,0.0009685941909569238
2024-11-12,-0.019139281772543162,-0.01892692240398707,-0.004345322471129616,-0.002528449738143703,0.000487096934541684,0.005098980810743056,-0.0028968514769364996
2024-11-13,-0.03490167692259563,-0.0035778314310689298,0.005211923594769865,-0.0031696430464402793,0.0024309310435680614,-0.015201542088883177,0.00023220076414018386
2024-11-14,0.007972233839432595,0.009808346235013879,-0.0015607065813934076,-0.00716843512220688,0.0024857488225504395,0.006535024692918511,-0.006068108582244
2024-11-15,0.022086813057760682,-0.001776169455824516,-0.01011683263695779,-0.013034170270003727,-0.04034289903954789,-0.0036960693009397134,-0.013291430866793769
2024-11-18,0.05202116508792611,0.004434592110865023,-0.013946740329723347,0.0019418159277845195,-0.0018299917634544095,0.011161785894288312,0.003910159746206537
2024-11-19,-0.006936530567345352,-0.007818030268108966,-0.02047491381275882,0.011731768130277336,-0.010220586715987036,0.003484008404878672,0.003955750520596487
2024-11-20,0.01382512222301764,-0.0154596140646225,-0.004364487206250908,0.006370406433153414,0.012806945435141789,-0.014240783536545155,2.19506213354446e-05
2024-11-21,-0.013825122223017506,-0.00928213427987774,0.014654380877072144,0.012150066315789618,0.010028959040279752,0.0027144642744605777,0.005326251844288491
2024-11-22,0.006936530567345355,0.0007311154810666413,0.049918403652408516,0.002506143926524815,0.010299776687259165,0.005865773873704563,0.0034619595915364653
2024-11-25,0.009174309762493234,0.005648236740428033,0.028132888275501505,0.007170796990264351,0.006460593879892187,0.008166085016202194,0.0030159278201245415
2024-11-26,0.020339784731947252,-0.020373301843418085,-0.09416460327757643,0.0026370323948357397,-0.005473463528452188,-0.019004413893065227,0.005705697155263866
2024-11-27,-0.011248801854706352,0.002777621248452304,0.012875243899830543,-0.0018606314849578473,0.0034474041078276217,-0.01636312708657948,-0.003808481083577712
2024-11-28,-0.00909098287724079,,,,,,
2024-11-29,-0.0022857181068211088,,,,,,
2024-12-02,-0.011507542921379486,0.0062997840256074295,-0.00994323248560057,-0.006732892399300892,-0.002450241082897723,0.029906415820878298,0.0024454638805813736
2024-12-03,-0.006968598721368317,-0.0049995363798607615,-0.02539232050546582,-0.0020446095526285386,-0.00831417027245462,0.0010800884668616423,0.0004513472420221813
2024-12-04,-0.025975677190484842,-0.013079410014971671,-0.00560639906396896,-0.02083901568760623,-0.00944454100419334,-0.006955920626204148,0.00603318162813612
2024-12-05,-0.021766222300163916,-0.0007525002647603303,0.0005620491665951873,0.011348272972019383,0.0019336248365411863,-0.002176536983501253,-0.0018715258393823342
2024-12-06,-0.00490189362978882,-0.004149387707917983,0.0026246595820153856,-0.006217562399307984,-0.008488179986211944,0.008848374121202101,0.0024923453675383123
2024-12-09,-0.012361195383478308,0.00283101825213958,-0.013192807150332279,0.0011187985410151373,0.010590863207887736,0.0060062713449491505,-0.006163167285227462
2024-12-10,0.04618080199308419,-0.0018864794923434819,0.0005690974087920056,0.004939870094538834,0.002317421474829279,-0.007371226840979342,-0.002968284314279252
2024-12-11,-0.007151490679653155,-0.011012036004433874,-0.013361529599113625,-0.004301109055655023,-0.019393536204348014,0.013790915503704324,0.008132626411368235
2024-12-12,0.0118908417386468,0.02115675511952665,0.004983690741654997,0.018975971619390335,0.013495265038830579,-0.007041246304024275,-0.005428731461463251
2024-12-13,0.0164130491569712,-0.0013092458459009072,0.004387929723805385,-0.01134230569460225,-0.005869916653266169,-0.005896409003763822,-2.646698937187397e-05
2024-12-16,-0.01877991700803826,-0.01698803667268795,-0.005535809692024941,-0.009071532468730676,-0.012420691740219515,-0.009197174472701521,0.0037921550087844295
2024-12-17,-0.021557747261248036,-0.014573509654933542,-0.021085916546697267,0.013497756831208723,0.0007687600127258785,-0.0055822051387080015,-0.0038714794806554956
2024-12-18,0.04729019175485375,-0.03259023263564489,-0.022939613956674397,-0.008712992869596111,-0.011012343376081861,0.001960123330130365,-0.02993650530451818
2024-12-19,-0.021004377362165202,-0.00019957750789221363,0.0069770829243112256,-0.00638463680501739,-0.019353337009426,0.00339257455072028,-0.0008654867505367934
2024-12-20,-0.00710055033936714,0.0021931649275470522,0.028783075492097205,0.0015998728434048386,0.00867694964686275,0.022476646672107452,0.010810479402397299
2024-12-23,0.021152400215965032,0.006550937652220908,0.014372302554581844,-0.0027214884464929743,-0.009865892329625817,0.012715542108138595,0.007260849585616372
2024-12-24,0.0069525274855673745,-0.00297246524929812,0.01791319123792036,0.00734705424667047,0.009996876382825726,0.005416139831064546,0.010982233165126825
2024-12-26,0.004608230754231872,-0.0003968980713190814,0.01244325334073765,-0.004305846965720499,-0.0024242703630335625,0.08415965374091795,-0.0004057410882578191
2024-12-27,-0.011560758239799294,0.0,0.0018438454638482393,-0.0019195916778618682,0.0029476072746046408,0.010885013693541527,-0.01111730496491221
2024-12-30,-0.014051849876597904,-0.011782499997428501,-0.01148785738059784,-0.006748190115345363,-0.007681925679885262,-0.019535996947975705,-0.010759673941729728
2024-12-31,,0.005808789116161638,-0.007294448482313517,0.003700937529729908,0.0022384556226073176,-0.005380954928723135,-0.0042940064589823065
2025-01-02,,-0.0028000332900707846,-0.03631915338781967,-0.006768725296757984,-0.012240891593262413,-0.007685838477694655,-0.002226363149448992
2025-01-03,0.007067175665472403,-0.021867675944943626,0.007756595761016763,-0.0014563516491654781,-0.0037352549209033687,0.010969046019180294,0.01251735670782609
2025-01-06,-0.007067175665472433,0.0059189693095610275,0.03343130979453594,-0.015339653385386235,-0.022844835543798896,-0.025206178914200874,0.005522766496818171
2025-01-07,-0.00236686785106698,0.0016267305313776652,-0.029383095823374276,0.0004931920932404391,-0.00596579980117077,0.014237132895020476,-0.011166021516637011
2025-01-08,0.011778634091034709,-0.003867704200144552,-0.019033445369898674,0.014198425963735807,0.007809983796869832,-0.002955868058120737,0.0015591440938312422
2025-01-09,-0.0023445905744953,,,,,,
2025-01-10,0.05924290203578971,,,,,,
2025-01-13,-0.02690756035060023,0.0056178976401373764,0.0016036752180901993,0.009452590349178351,0.012955614059976998,-0.0011997765827762323,0.0015742043780551176
2025-01-14,0.009049846594993166,0.0017224229689630326,0.020026377586415702,0.006306097832853787,0.003109434197667933,0.011718252505680492,0.001145623334164268
2025-01-15,-0.006779618613742946,-0.0006455821912695818,0.014809459838740397,-0.004361620806074848,-0.0011735591513493096,-0.0030790568069730797,0.018147132504516373
2025-01-16,-0.006826050130505464,0.014105826465504982,0.002704255938000091,0.007740638896349559,0.012083113608864467,-0.01834513873894818,-0.0021149243408667613
2025-01-17,-0.034846695201406874,0.018503490231718725,-0.016924849892998244,0.0073625334363755885,0.011601620481354035,-0.003864583824386726,0.009941478308394033
2025-01-20,-0.014285893425514973,,,,,,
2025-01-21,-0.009638721686800108,,,,,,
2025-01-22,0.009638721686800005,-0.015012785402739988,-0.021191601067014156,-0.010306040776866606,-0.0031013171130738,-0.0021957407003112242,0.006119181086994129
2025-01-23,0.0023950516868680395,0.012733656996388981,0.027296516763899426,-0.004054893489370652,0.003572326132029847,-0.001341179269145616,0.005299419459529372
2025-01-24,-0.019324215620579708,0.013597257357910475,-0.005733788175413005,0.00631842328684185,0.0033587440696007526,0.0018236371800906493,-0.002859215984467759
2025-01-27,,0.022659290700160036,0.018561528157666696,0.031006551320489805,0.036154587242725085,-0.0005896560491202334,-0.014688059032112328
2025-01-28,,-0.015726103410508604,-0.09305476626907948,-0.023925682041282897,-0.028605404539353722,-0.006509100687587099,0.009175644177716802
2025-01-29,,-0.000813239815680007,-0.005209594124080135,0.0075085867787567226,0.0007982708689859418,0.009079521812792611,-0.004689876056919602
2025-01-30,,0.013132846111821255,-0.005640441071564921,0.019231332191908538,0.010123509254917564,0.021114645141464328,0.005261548152180238
2025-01-31,,-0.012929414084687526,-0.0008086384316483754,-0.00893903570533585,-0.007997463028937342,-0.010739817174471325,-0.005059603990267195
2025-02-03,-0.019608577816169842,-0.010013358320310852,-0.03204858906848892,-0.002050027508078484,-0.0027911188749243265,-0.02834473221877578,-0.007637690729495203
2025-02-04,-0.004962795586895596,0.00020535642251181643,0.013890438259569109,-0.010792148857086362,-0.04616830506146326,0.021067033433537947,0.007198907403029113
2025-02-05,0.01726308901326702,0.008383589048849132,-0.015771150549568805,0.007154942616753595,0.015009714429635754,0.04069405875910408,0.003901053915613614
2025-02-06,-0.00490189362978882,0.02672185546728201,0.002506858171349774,0.0037949964896462096,-0.002130468642318406,-0.025140673071410855,0.003637674355266266
2025-02-07,-0.014851775535769178,-0.0027793870482579774,-0.011330479590652684,0.007547309204956138,-0.005311732128153876,-0.03482516636142855,-0.0095098456936602
2025-02-10,-0.005501310958998595,0.0005963118547889062,-0.017454586007332466,0.011060056098237299,-0.0015917533283444489,0.005853085236628448,0.006690112295455172
2025-02-11,0.0,0.014595828057272824,0.0027875511837527275,0.04616794456833627,0.008896764533495766,0.0036677369250364246,0.00033952514367385523
2025-02-12,-0.00654108170963298,0.02341663387627321,0.020977497936789626,0.016286783387967605,-0.011394023078851935,-0.016557121860599603,-0.0027275831896475754
2025-02-13,0.0511672324474855,0.015939571994250397,0.004184960130639983,0.01143199584825722,0.004089011873700676,0.007199337106486995,0.010372313214235747
2025-02-14,-0.01206288622349761,0.0,0.009973181044698552,-0.009106004791569224,-0.008264828024057168,0.0012492119054487924,-7.19463955744955e-05
2025-02-17,-0.030559422823921475,,,,,,
2025-02-18,0.0034974692685652555,,,,,,
2025-02-19,0.017305767347538838,-0.003402023762605984,-0.0068798856183736766,0.014663546785155357,0.01179702654025011,-0.021803857861040457,0.0023741488668242434
2025-02-20,-0.004914103784528012,0.006228241493204304,0.0018808621050321528,-0.00042792655723528815,0.022312871987278462,0.003215166446225431,-0.004343604884290259
2025-02-21,0.014670289992345343,0.016051059560666138,-0.033980746325472155,0.01853062874042584,0.02908326366590101,-0.019956434417198368,-0.017211396672539132
2025-02-24,0.004842630025402209,0.009214946464912284,0.00603073707428963,-0.010708699149977036,0.0022775743458441477,-0.0027705031679543814,-0.004981493566252351
2025-02-25,-0.021978932123676638,0.004758491621548588,0.0030016183548942457,0.012669204800519746,0.01656637304189065,0.015951888468837244,-0.004690715138395557
2025-02-26,0.012270024388060382,0.06963778898854958,0.036780450558350185,-0.009698909343700931,-0.03189303661531724,0.009704244571590146,0.00013601502958346571
2025-02-27,0.007509465820076307,0.013363955517873104,-0.017275849224925355,0.0009884047507930493,0.003360612875742743,0.005887320965148564,-0.015991742678524653
2025-02-28,-0.038124198620777434,0.005530006575086168,0.03100702641051457,0.004786091929144907,0.00949298366677194,-0.004398541871456688,0.015729780420663385
2025-03-03,,0.014928134685087972,-0.03626965528340309,0.015467363449525203,0.016286866585459185,0.012648298979091196,-0.017753402648308866
2025-03-04,,0.0055819910083554775,-0.04666073503162872,-0.029894798255231402,-0.011606300287350716,-0.017176850633008306,-0.012310288231505477
2025-03-05,0.022858134178879008,0.01865265918971042,0.06961199737621492,-0.001568530350704838,-0.002012595666282622,0.06269975284442518,0.011097472528735688
2025-03-06,0.014784825167652465,0.003368903522747136,-0.026757465988776225,0.005407706145050788,0.004732851801788208,-0.025484475710949445,-0.017979677107455568
2025-03-07,-0.0050736907979700785,0.009880642711620096,0.007617389684363192,0.013672861511369573,0.007702292311566038,0.014138810339290559,0.005505435045454467
2025-03-10,0.004061009935881742,-0.009560391896620333,0.013400507984389349,0.00027986567302933996,0.011651599038296188,-0.009669010384114834,-0.027343541788428148
2025-03-11,-0.009160322737247118,0.0008001786221320534,0.004151052455112649,-0.005754594449932083,-0.02540792155407477,-0.020489925006195977,-0.007596646918536578
2025-03-12,0.013204824763428116,0.00031995524049410913,-0.007901797769343844,-0.015605486142263404,-0.02768910505995889,0.006051103278129674,0.004874967940490777
2025-03-13,0.014028188217853607,-0.018399493455123435,-0.016630244802950517,-0.0045858741484627475,0.0011466236211751192,-0.01454091117629727,-0.013988366806464148
2025-03-14,-0.012515634997575825,0.015356314484866082,0.02577406167881388,0.0007233860483506508,0.0016840959139567567,0.02002014749624367,0.02104290595319694
2025-03-17,0.002515656680677794,0.015755923445159293,0.013560962143780171,0.013785270870426556,0.01833810757534766,0.009278070031911528,0.0063956349746060355
2025-03-18,0.007509465820076307,0.003153031497539211,-0.006757652810056038,-0.010609467852678479,-0.015649722340969216,0.009455731523176285,-0.010710667074319702
2025-03-19,0.017305766353689175,-0.007108415326930913,0.022751546902842975,-0.001442359229830785,-0.005924038754994734,0.015339149891285892,0.010740608172953766
2025-03-20,-0.007380150195927273,-0.0006343682850730196,-0.0070543534313733695,0.006187403757789316,-0.006502885800376087,-0.005034943140904637,-0.002187283513782985
2025-03-21,0.012270083698263223,-0.004132887010478105,0.007255092607626422,-0.015031238262103815,-0.01162003135103966,-0.0076788772858439975,0.0008243136078323211
2025-03-24,0.038282174921717385,-0.020111731883070194,0.0327898353564933,0.004069269034421633,0.006851712415393493,0.009238839034363018,0.01749211712863917
2025-03-25,0.03233534317557671,0.002759087608479626,0.021721296988196314,-0.002032564649829564,-0.006232990821032504,0.002801603811172719,0.0015730954906538206
2025-03-26,0.009049888602620185,0.002751495985199368,-0.0316812491054043,0.017431830612937283,0.021076197333466815,-0.019514510280231993,-0.011219640357598032
2025-03-27,-0.04373534568199518,0.00435448450560539,-0.07645083803135,0.010230230123286084,0.006905521001830977,-0.028400403774937976,-0.0033124610071321114
2025-03-28,-0.035932061017919265,-0.0016105384816247586,-0.011078221820187464,-0.005244002801405281,-0.002675938018652853,-0.027050207814494156,-0.019934601126853548
2025-03-31,-0.038791501819600685,-0.007767025625197239,0.007469813111058351,0.017607162697342586,0.004478375545623627,0.005208078798823306,0.005523240357645722
2025-04-01,0.0070742181903446725,0.0006494866645602553,0.004878664876704187,0.0034845786612613234,-0.0018024375269706531,-0.012024653385325346,0.0037741045552120668
2025-04-02,-0.0116486191404602,0.008084109854492504,0.015119985447991096,-0.007541907189164264,-0.003681494738079653,0.016433425998880223,0.006705661429484109
2025-04-03,-0.012817392854336435,0.012800274084046553,-0.044319195942776106,0.025605225975502712,0.01497584580230496,-0.05351899643290013,-0.04960591182899663
2025-04-04,-0.010373512551691357,-0.03198466805593966,-0.03819280392547097,-0.045427570118573075,-0.03195109501344218,-0.057806125665351725,-0.061609061898230934
2025-04-07,-0.06850882734969165,-0.027458247635051846,-0.01482189319649923,-0.02256048804838411,-0.02360369199938979,0.010722060573650872,-0.0023341946059635883
2025-04-08,0.0005581580891806736,-0.012734685238209415,-0.02441700085567891,0.0007309803375686885,-0.020389352211923863,-0.006381733489966438,-0.015825083277054855
2025-04-09,-0.006718915885827499,0.04461517223070683,0.07393988216532614,0.022115440815554766,0.037011465524336006,0.08894476561033239,0.09089487983303646
2025-04-10,0.04932508283011678,-0.007875344748618241,-0.04493893054669633,0.011513239174542939,-0.010009476921146877,-0.04054925187362743,-0.03522060702411168
2025-04-11,-0.05213813300882647,0.029378092058690804,-0.002289304459768305,0.00942410715944495,0.0020099041581158727,0.01307051017372657,0.01793038083577807
2025-04-14,0.010089904301838797,0.013504017779821255,0.034023647278712245,0.014178521101257991,0.015935549435441666,0.015113648617831744,0.007913319326342991
2025-04-15,0.04204822870698763,-0.0014212781604098922,-0.013381024022817788,-0.008176686198074677,-0.02700528786376454,0.01293921389762059,-0.001729275225300909
2025-04-16,-0.028751611704600985,0.02126416369955069,-0.007210515675859073,-0.002508114585570382,-0.019440146336517528,0.004923583438045668,-0.022663253964902527
2025-04-17,0.0,0.015199479725062021,0.007883905934506288,0.018247643499142013,0.019440146336517562,0.007283511994396854,0.0013259586237727749
2025-04-18,0.02982049495853189,,,,,,
2025-04-21,0.0005341010962558795,,,,,,
2025-04-22,-0.009117859900197372,0.019470752845822056,0.017197483120278394,0.015409037539909366,0.01213247409643453,0.02366903235121473,0.02480695212545062
2025-04-23,0.023430249574910175,-0.010216381068957715,0.014945360417802441,-0.008152116934632879,-0.008399977982169656,0.015161458924845005,0.016523864366879457
2025-04-24,-0.0058063839683740815,-0.005906830398465834,0.02243409850541406,-0.010698219237892546,-0.050087966125016564,0.028151016803434428,0.020056628082583162
2025-04-25,-0.0005294022782808783,-0.012534586031754662,0.004894071606392727,-0.008446820452196637,-0.014366269939333138,0.008537515558571246,0.0073460847957005125
2025-04-28,0.0010587848921062145,0.0016906494067131616,0.0027556916964555757,-0.0016703244034401497,0.0028450396471400422,0.025805166192339853,0.0006405015390019333
2025-04-29,0.01990637963516548,-0.002460105389142319,-0.00637084195294421,0.007770098792789635,0.00410338335024261,0.011633995535634732,0.005785641545556399
2025-04-30,-0.01147638908095641,0.013000128301557728,-0.03688843989424495,0.0027607109936913436,0.009411380437574226,-0.021572954061596563,0.0014788972519335208
2025-05-01,,-0.012076985406447766,-0.004208702624923027,-0.01752018112500353,-0.015085934040224295,-0.0033525405132198804,0.006279345716451974
2025-05-02,,0.015111496835532626,0.005533870185125828,0.005037293147992338,0.001496221025626426,0.008672556474881335,0.014619191109112719
2025-05-05,,-0.0004545721956903424,0.0017646460669395096,0.0006975291229522227,-0.013245937693860347,0.0012476100267355523,-0.006402047029318447
2025-05-06,,0.002573240732593272,0.001761282196741332,0.000278764647686945,-0.009515792645358939,-0.00025981685872331734,-0.007722985278391797
2025-05-07,,0.0073243669200009215,0.00022002742473132932,0.0094368855922417,0.008985035463762175,-0.01851467097410245,0.004336938106710132
2025-05-08,-0.0026687313465882743,0.022642504978683524,0.040513993648771535,-0.017135113107159813,-0.0037212974516076603,-0.005201411589775818,0.005783021147465641
2025-05-09,0.014854366711940563,0.004021670119327804,0.003162870933369914,-0.009175078276284023,-0.007560876797063963,-0.0020775045044029443,-0.0007117341348763632
2025-05-12,0.030596070398798667,-0.02057585291190873,0.043462669191741486,-0.014137878639585821,0.009461260843080781,0.025221863327886646,0.03203997667702081
2025-05-13,0.00458605558384128,0.0001517869984896159,0.016988587747835578,-0.008231733939434193,-0.01045837435659355,0.008542824793115546,0.007222059020245977
2025-05-14,0.002031533880408648,0.005296212481593535,-0.002977059365362061,0.002896228183342276,-0.014376500260166604,-0.036594897368871046,0.001023891242276054
2025-05-15,-0.021539351991252165,0.01883737477570102,-0.0037837664281516353,0.03481202259221689,0.023467041124697177,-0.019166482688661314,0.004123817438757677
2025-05-16,0.00465475584329074,0.0011842060428348396,0.004975469542869431,0.005431222162630764,0.0036436111491564113,-0.0014182552413768256,0.006980849368100189
2025-05-19,-0.014553254210522193,0.01541312238705629,-0.006772793361942419,-0.0009726056456824748,-0.0014406628765590407,0.011560221145907677,0.0008757295660482738
2025-05-20,-0.007884363176428802,-0.001311868567928723,0.0035913459868031667,-0.003342069604521813,7.581787615121355e-05,0.005596190153261035,-0.0038877770695725784
2025-05-21,-0.00794710798076161,0.003494573996299893,-0.01687117993771011,0.002229471364162642,-0.012597966722300468,-0.010193434972875998,-0.016266719267758897
2025-05-22,-0.030239848823136167,-0.006562347819526971,-0.0018245740662427904,-0.009931042498282078,-0.0002305418515908965,-0.008984752962710217,-0.0004449700224211693
2025-05-23,-0.01380101744221976,0.013514736402359845,-0.01204465438518104,0.008816762011696146,-0.006012569332706982,-0.002848403863207503,-0.006730899591473139
2025-05-26,0.011055919145238438,,,,,,
2025-05-27,0.0,,,,,,
2025-05-28,0.021751848265404654,-0.005716773042913702,-0.01974974371759201,-0.008815528391776616,-0.0053426162694883,-0.020565655101486825,-0.005586802576444734
2025-05-29,0.040603922570086014,0.010833986522293266,0.00951207844002748,0.004767373362915269,0.00952055858706121,0.01750767328934923,0.0040031708706317415
2025-05-30,-0.030297291416399003,-0.000567275655829944,0.020774638756025143,0.008496346159713862,-0.0035690055193945804,0.023681719538111073,-8.118845699520562e-05
2025-06-02,-0.007040401130879878,0.011004569967740463,-0.03947069531136437,-0.001388018214347655,-0.00411651615918508,-0.007532141213120881,0.004093651490626028
2025-06-03,,-0.008595703361872988,0.028322511237243927,-0.011735175982381527,0.00715497436363971,0.011877968769673796,0.005783533535368979
2025-06-04,,0.012237253895473022,-0.02874187963498484,0.002946813475893379,-0.0008346730050359835,-0.018136237175783287,7.368474471916267e-05
2025-06-05,0.01916993373443994,-0.008282475303867378,-0.008849573785054164,-0.006466108648832138,-0.004793620525794144,-0.01912193193110634,-0.005291357978698112
2025-06-06,,0.000986282937387108,0.007824883835454616,0.006185754005614466,0.002641251737543761,0.004005014319194977,0.010228196215376713
2025-06-09,,0.0,0.009643728911783618,0.005869232777078052,-0.0005383387994043354,-0.0065026615949706065,0.0009195251863913659
2025-06-10,-0.0040527303320089395,-0.009764501287258521,0.020649067176911163,0.008048813017340816,0.014286449390853497,0.007096633428804543,0.005468012541646841
2025-06-11,0.02010113394236805,0.01187463263027162,0.019028803532398206,-0.003877447467406016,-0.01474836908161736,-0.014353529659875987,-0.002747660318287345
2025-06-12,0.0024846184141717968,0.00755983773437095,-0.012307220474574485,0.0023559334882003995,0.018307145485293084,-0.0034009638201266726,0.0038151330716763875
2025-06-13,-0.012484557267801672,-0.006717052106853999,-0.01246049821697912,-0.009947617576032622,-0.011020264840213699,-0.01796358912207653,-0.01136066859010289
2025-06-16,0.012484557267801746,0.00028077077468304385,0.012663535881946412,-0.007065053436838723,0.004270478869749715,-0.006060294832233028,0.0093488231481891
2025-06-17,0.01722040905731639,-0.010583615880073486,-0.02029798160766107,-0.012844533209970926,-0.016264402967081832,-0.021160002687812467,-0.008387259723643134
2025-06-18,0.004866316532715964,0.00650453997119212,-0.0039431452429472165,-0.005906464856582786,-0.0017029602871299792,0.00938382706114276,-0.00030928803472058796
2025-06-19,0.004842671928818029,,,,,,
2025-06-20,0.014388722928761014,,,,,,
2025-06-23,-0.04131812044761144,0.00406535179247798,0.006617061567760075,0.012989128986518612,0.00015488365777974718,-0.008855738480028198,0.009560655071259439
2025-06-24,0.022086725590032347,-0.01792702320528929,0.00984421189302313,0.006716837455388111,0.015069209334105705,0.004088056470203892,0.011060328616958607
2025-06-25,0.05202116048816532,-0.02363558536088486,-0.01791459585433553,-0.0082954071132789,-0.023392490844280463,-0.014263781673278294,-3.286108349665331e-06
2025-06-26,-0.03517361898534918,0.008133609564874116,0.02117442479798177,-0.0023002799561581307,0.0015611304235889246,0.008711639012284217,0.007988131032516797
2025-06-27,-0.021713858035532118,-0.009155006395923523,0.010522365843735488,0.012303304078856731,0.021755018654471787,0.029508163169480933,0.005205399256150098
2025-06-30,-0.007343848725752303,0.003206533263123469,-0.00950568303822669,0.005954023520046183,0.007602255320499612,-0.02000072985280094,0.005151137506128882
2025-07-01,0.03144156011604753,0.007682879593946146,0.05572367600374711,0.012919646912578426,0.024094004355042827,-0.004188495048741105,-0.0011191571098791433
2025-07-02,0.016529197064495852,0.001298694008060251,0.01241530266183706,-0.010660602004135494,0.008979115393985887,0.0027361462996657064,0.0047338743064907745
2025-07-03,0.004672951828692826,-0.006220473673384484,0.003978512538794247,0.0061858006390665896,-0.00809242928708678,0.016604618648027616,0.00830437821066394
2025-07-04,-0.01882404168558306,,,,,,
2025-07-07,-0.009546705936773366,,,,,,
2025-07-08,0.011919094444982755,-0.014839137225413768,0.007114762001031061,-0.010902685965648421,0.004378646225431184,0.013843895918095176,-0.0007161432504695748
2025-07-09,-0.007134349070577969,-0.0007402737378843432,0.007254717246511716,-0.010878936280570944,-0.004155505586496521,0.001995635736766829,0.00604380277677969
2025-07-10,-0.0071856917945405255,0.0017758745673518812,0.010972551711328509,0.004165202627412318,0.011827457445337176,-0.0008799103005563254,0.0027424410729257912
2025-07-11,0.0,-0.0019240639219613369,0.004505320598744273,0.0014322986010523741,-0.006044038853338072,-0.0007632754525375509,-0.0033029717732258423
2025-07-14,0.04235931077988972,0.004434671170060858,-0.0011243743992513393,-0.005741317356725733,0.002289157519167632,0.010981447483134088,0.0014064243309367943
2025-07-15,-0.028039269914771115,-0.012616199566994757,-0.011693876561045313,-0.001584709446333014,-0.013067311536319855,-0.012391993357279571,-0.003964145065672561
2025-07-16,-0.016726765705426427,0.0114354888335588,0.008877143258916281,-0.00129858562385771,0.011443360745126276,-0.0008237681305937813,0.0031885685253844154
2025-07-17,0.01197626998961153,0.001917819259260353,0.0005639672375530077,0.018876574724433697,0.07189947305639768,0.0035256285412142395,0.005359380240011013
2025-07-18,0.00237810720760574,0.0008839960571137934,0.00018796674370550259,-0.010538461326555166,-0.015242167889534716,-0.01079243741176881,-9.049030280841674e-05
2025-07-21,-0.007151432801639644,0.0036746256151865193,-0.0001879667437056176,0.0031447311777027896,-0.01080933331546292,0.008149359572823868,0.001398157005673256
2025-07-22,-0.012033841064047916,0.017163908983802503,-0.08467345800472485,-0.005868420965784502,0.030168619317285546,-0.0002352407847462878,0.0006373284966667569
2025-07-23,0.07237689072612295,0.01687438329273984,0.08316888640110982,-0.007203484240098045,-0.0026055245828288972,0.1278827147318809,0.007781532145702873
2025-07-24,-0.02047847602595089,-0.00611617919310503,-0.014980937149436947,-0.0008681165579463538,-0.007926559844878162,-0.007899370814251228,0.0006979799969332514
2025-07-25,-0.004608273865314588,0.0015681810545597659,0.020049982300525727,0.001012691376722348,-0.0073621470066912754,-0.016678003796973335,0.003966451001680552
2025-07-28,0.009195408918808042,-0.05640457003505621,0.0009358506888967563,-0.015737044858073698,-0.01319206032851176,-0.006974302626135902,0.00017684247126657597
2025-07-29,-0.002290863046458849,0.007956221381080202,-0.02538977281567211,0.018768411455087123,0.016254697765837007,-0.015668585067186127,-0.002963830197466829
2025-07-30,0.02267656548566422,-0.005096636491095067,0.0,-0.009121922202859031,-0.007183992363211495,-0.008282997902755045,-0.0012502139385094711
2025-07-31,-0.04587954065676977,-0.14306623130268176,0.023329686138561713,-0.012588074977499187,-0.03519139695508722,-0.020900897779857302,-0.003701662046374567
2025-08-01,-0.014184544878019014,-0.009932982171568515,-0.01530220422527731,0.014186833934393236,0.009812568666837026,0.0040149566750991945,-0.0161213871855698
2025-08-04,0.0047504957158149,0.01890941452015658,0.0045585216236466546,0.0014509840264917218,0.0020083608119250045,0.014475363898733338,0.014629564491414495
2025-08-05,-0.0023723885082093583,0.02494830990787351,-0.003607031925231409,0.0013043051461393165,-0.0007886041483909888,-0.004452867718957611,-0.004869703780462017
2025-08-06,0.0,0.011001947711290167,-0.0020942825155413356,0.006639769439234239,0.009634264980551546,0.013625784456871286,0.007255522219852605
2025-08-07,0.009456351346284472,0.01693142921275983,0.009106492807596796,0.013148837198419158,0.021917246176438393,-0.013680852126433603,-0.0007977981718278668
2025-08-08,0.0,0.010377924991364933,0.010894089461033174,-0.001278844318957992,0.00892347523682893,0.03863984751818137,0.0077694548163894745
2025-08-11,0.0,-0.010051991119489928,0.008927040862034287,0.0058118536382434655,-0.002344394567100992,0.002594201564067017,-0.0025072683938851073
2025-08-12,0.0023500863241290464,0.0003258276735989036,0.002773435824394937,-0.0005655037094788607,0.013711108037291135,0.025268879105866195,0.011281559075170764
2025-08-13,0.01398630425227785,-0.004080623020581945,0.02588083453949777,-0.003541886039266938,0.016744820367087868,0.0022143464061951603,0.0032248733840464015
2025-08-14,0.006920398911793281,-0.007552152695271556,0.015000260937280642,-0.012999193199412166,-0.004899740829524749,-0.0099256306001928,0.00030304487855445177
2025-08-15,,0.011469938221069476,-0.0019515359520633443,0.005305784121856742,0.011905559969078345,0.006111833063918524,-0.0029013399163647113
2025-08-18,,0.002765769828035456,-0.0014217509411714852,-0.011362848548774921,-0.00566755213104326,0.021304022202319767,-0.00010076825773579619
2025-08-19,0.011481109822112957,0.011148075645573106,0.014652992505262663,0.014361860838089942,0.017301653887143876,0.0038846970480803686,-0.005875329112207127
2025-08-20,0.006826069158341527,0.013564357085307939,-0.005095390968226207,0.008094968548669788,-0.009442286216028734,0.002966373000074473,-0.002434630632264957
2025-08-21,0.0045248657627266166,-0.0004756076554276822,-0.004590394089596995,-0.0005660153658629981,-0.011678186885584264,-0.009685784930140502,-0.004012219728951123
2025-08-22,-0.006795073362714331,0.01260651992243979,0.03238443065121949,-0.007528953182806836,0.004420375208100258,0.02057061722863711,0.015072285158779139
2025-08-25,0.009049778510798525,-0.012923717407364232,-0.0015431561896444511,-0.017259128606664866,-0.009669782069458364,-0.015010038517004961,-0.004275512539646319
2025-08-26,-0.015891340972457348,-0.004929717617453398,0.008882921756766169,-0.002905686325818337,-0.00812996226672148,-0.005155116089123492,0.00412547371011636
2025-08-27,0.006841562461658768,0.0009560513534165066,-0.0008505991460799349,0.0014538412074828135,0.004344377428535994,-0.003095745030678352,0.0023881304533030262
2025-08-28,0.02047853233788575,-0.002391751681062646,-0.004435344139537417,-0.006851853409957549,-0.004480498346877458,0.0076457725094142715,0.003151747441466755
2025-08-29,-0.00904977129426765,0.0004787958385625949,0.001708093720638505,0.009173726266809004,0.011298007316069093,-0.01873682738856932,-0.006418740402792551
2025-09-01,0.002270132368899598,,,,,,
2025-09-02,-0.0022701323688997213,,,,,,
2025-09-03,0.006794994854857307,-0.02993688845111956,-0.013416133924983566,-0.0010140765869628007,-0.010972950032748658,-0.0028972694214244627,0.005087112302941308
2025-09-04,0.0,-0.006569582775290956,0.006902694804880088,-0.010784072855424962,-0.011843259872598464,0.023705218315749916,0.008311847102873571
2025-09-05,-0.0067949948548572895,0.01775593939271099,0.004644339562757147,-0.004258279885827732,0.00632501987872887,0.009968343908551862,-0.00317017266993674
2025-09-08,-0.006841629365442181,-0.013371403844187661,-0.0012020845064429162,-0.007829247293489563,-0.03249149756676048,0.01575539293118268,0.0021037644508885675
2025-09-09,0.0022857723047586356,-0.0020212181571754076,-0.003269989933031993,0.006356896997526596,0.009761010021539217,-0.009861524713514194,0.0026845470300734414
2025-09-10,0.00682598942958308,-0.005749081443900388,-0.011616939398793007,-0.0005897105627465188,-0.003079518065325803,-0.01717857353357829,0.0029790282293981275
2025-09-11,0.011273996832391647,0.0006780573824646739,0.02361158724222581,-0.0029534303530179508,0.010944987732920498,0.0012657908771883935,0.008450087623093565
2025-09-12,0.0022396268594080844,-0.01107620669987051,-0.003583226541520391,-0.009061850889090459,-0.004865203750078397,-0.007618890789965817,-0.00048287788142832935
2025-09-15,-0.03877333180500031,0.0032503854003711826,0.007662887305578966,-0.004370371057612909,-0.020340581307920907,0.005846303659150782,0.004695577726559718
2025-09-16,0.0,-0.010645732259815166,-0.008347008947214381,0.0004529614947829621,-0.004346727140503938,0.007574646170517676,-0.0012887604333313247
2025-09-17,0.0046403468179471614,0.015246546722116462,0.004607945409722722,0.012004797661962732,0.00853300287561576,0.012995015335344551,-0.0009706390782443865
2025-09-18,0.0023121974239191205,-0.004088514899038332,0.008983943873238285,-0.008689177320950908,-0.0035466109933155565,-0.004529079028637641,0.004777687836708263
2025-09-19,,0.013227189391598615,-0.0047361725540953125,-0.0004514617949639869,0.0072922777074651704,-0.00761109417197376,0.004873523937481177
2025-09-22,,-0.013056569276275897,-0.0016969177762626395,-0.0033171200408307457,-0.005162711991612781,0.008658041585430617,0.004400350714762291
2025-09-23,0.004576634511254483,0.008666851814105868,-0.0051080992210640035,0.007523366987835964,0.006149837573055807,-9.961137126025361e-05,-0.005517351828739721
2025-09-24,-0.006872903982934594,0.006577403707080369,0.022616977881384226,-0.0039051711942371553,0.0019010905721939145,-0.012890497360296474,-0.0028506771652953692
2025-09-25,-0.002301480712179354,0.003858736534951311,0.011119514114480766,-0.007098050332565308,-0.01595271419421532,-0.004097421159124568,-0.005021648742526333
2025-09-26,-0.01158760726434703,-0.00975950833948185,0.010670700563617744,-0.004709688512251755,0.0037094484535791553,0.004147951286414365,0.005884489130413512
2025-09-29,0.002328273275843499,0.011933891778272258,-0.00196147593074601,0.005618562243037696,-0.0019243052060716023,-0.008414930915482526,0.002632077259912619
2025-09-30,0.0,-0.0040180113455615535,-0.002457125724910719,0.004230798141327615,0.0019243052060715726,-0.027612551510335422,0.004082503613507919
2025-10-01,0.0023228650088825305,-0.0011750135865670152,0.006050178797507215,0.006912264775667958,0.01904286869849502,0.0038650706044784373,0.0033941541712235066
2025-10-02,0.020666710735418252,0.0086957269522692,-0.03281159941109899,-0.010235014487630067,-0.005815434461386756,-0.006852374335519555,0.0006181636213842448
2025-10-03,,-0.00835988644877649,0.012888330335132097,0.008286323056258002,-0.002321496691650676,0.021137563792525217,6.55106568658717e-05
2025-10-06,,-0.017786563286794423,-0.032795411138326847,-0.008286323056257937,-0.01618912521196106,0.02331413958118777,0.003639959282762629
2025-10-07,,0.019799306051571288,-0.016111179875391523,0.010384774698592154,0.007772213093489273,0.003558310457483848,-0.003818687706853079
2025-10-08,,-0.0025166108569220722,-0.015133108974119493,-0.010082196060491551,-0.013947269928472682,-0.008440103606720092,0.005810748494187323
2025-10-09,,-0.005896664876116738,-0.008547072582836952,0.0037739382778959924,0.041409707957403986,-0.030114452394742558,-0.0027593739802789824
2025-10-10,,0.006736325697816502,-0.010245440262628878,0.010044174619563879,0.03643678274054929,-0.0376683418549748,-0.027485975439899807
2025-10-13,0.006888612390355252,-0.00369941451957098,0.004866226770379337,-0.003586296299464786,-0.007960827801747726,0.01425917281510889,0.015478263036934031
2025-10-14,0.02038575856673362,0.014383940201104504,0.027136498294883578,0.01057274049818885,0.017641903938720466,0.020336829150085462,-0.00156555149694257
2025-10-15,0.0022396268594080844,0.0006639874772684696,0.011309311240531948,-0.006389859825017878,-0.0025107496801565154,0.013417438001135264,0.004017918503427979
2025-10-16,0.07952637083789527,0.021018865505459575,-0.007990262888466187,0.007574025674704995,0.009939880350330244,0.005542179813486057,-0.006314280275141975
2025-10-17,0.004123753923952672,0.00970250845849104,0.017974919637017674,0.012497503317893684,0.0067889524233859366,0.012308151183201721,0.0052568739445263
2025-10-20,0.020367288483946835,-0.0016105094217290933,-0.006530311699576913,0.0,-0.00045541641530116134,0.011459133107854045,0.010615724136144117
2025-10-21,0.03369987039263012,-0.0032289462186769094,0.1385617724307071,0.039816187015672154,-0.002998543959628354,0.009152908494416858,3.269591641698797e-05
2025-10-22,0.017391805105567787,-0.0006470798486389771,0.010303970926307781,-0.005773564749924108,-0.0009798663617555017,0.007694989834378528,-0.005351834774743029
2025-10-23,-0.03509131981127006,-0.003403851508036857,-0.006857465240614168,-0.012362199886302248,-0.00998229404503674,0.002698939550652336,0.0058104798620133855
2025-10-24,0.0019821471190773687,-0.004882777774099986,0.04117497056116158,-0.0032941873996605066,0.0002640415365247413,0.006399150293316066,0.007871361975244856
2025-10-27,0.007889594372963406,0.0055320632232043945,-0.004027707561003685,0.005008211681920458,0.007101126593675373,0.018573129173841886,0.012215141327379352
2025-10-28,-0.015841929774596922,0.0029164222541906413,0.007037850334331278,0.001426466275339386,-0.016581861076760483,0.00960861809294868,0.0022853305022299255
2025-10-29,0.0295007063697311,-0.0060041164034566165,-0.010647622595882634,-0.02613691279488004,-0.02673292152771185,-0.01984149014327394,-4.3579204733175357e-05
2025-10-30,0.026770173415764466,-0.023549880662937176,-0.00667632295738846,0.009175154858597764,0.009465011641916035,0.0005793404704282158,-0.009954191424534511
2025-10-31,0.09015109491180126,0.014721958220815007,0.006097316576262319,-0.0011605173903441802,-0.009944067204300166,-0.014681859278775874,0.0026145009178832708
2025-11-03,0.005159046461000461,0.004096734665017872,-0.012671974636696535,-0.013589588181578889,-0.0171912176247213,0.007465081949039049,0.0017192339969181521
2025-11-04,-0.05463920929788339,0.012190269385419358,-0.019987379182487646,0.01010038954842611,-0.004886600073814537,-0.008935397105174814,-0.011806250392326717
2025-11-05,-0.027549876613900206,0.015389872990413033,0.02801720824654804,-0.0021872192510330357,-0.00028013783497977935,-0.02352235075552801,0.0036468976756877185
2025-11-06,0.0018605715683964724,0.00031810564479040776,0.0010173053494376978,0.007995880601847534,-0.009000044228069144,0.018852101901302792,-0.011241134514722728
2025-11-07,-0.01876238372566234,0.006341138211451923,0.027367659047038688,0.021346214317839573,0.009629994132888436,-0.004741719435604707,0.0012610463474931072
2025-11-10,0.024322944491861422,0.0011056058860819259,0.004231289775732912,-0.0004255056496997144,-0.002311202371468645,0.009657183461758603,0.015283626703501816
2025-11-11,-0.005560560766199057,0.02201323944303343,0.0023897533829261896,0.015338390534878009,0.017101516577687586,0.01000180568183851,0.0020731999523923177
2025-11-12,0.023876196731110202,-0.0032479579141828367,0.008667689262412119,-0.0013973432617294154,-0.004767353482106997,0.006291096033537123,0.0006293191259445972
2025-11-13,0.010830354432569134,0.0004646317948631481,0.0006957979781126172,-0.006172076148205136,0.004353816296123573,-0.01963282593834168,-0.01669545163092778
2025-11-14,-0.02177940835995287,-0.011681479971057068,-0.019240851257938625,0.001265555494226027,0.00570696126895988,0.004026162121483427,-0.0005018514712717733
2025-11-17,-0.003676566664275722,-0.027155336448397873,-0.03771297674394956,-0.006768175917141034,0.013484359711425625,-0.02520725808130332,-0.009204497894305158
2025-11-18,-0.02612082500618266,-0.01557463910710638,0.0002944621258182968,0.007611027317423363,0.006338429756104278,-0.015394233692702387,-0.008290709844169318
2025-11-19,-0.0018921348589304404,-0.0077144262671995706,0.00835598309029121,-0.001545752282546814,-0.011220850689404177,0.004175756202439086,0.00374680773726533
2025-11-20,-0.007604484621515618,0.0011526976812097007,-0.006737932930430782,0.0014053080418962875,-0.006889314025396877,-0.02850487452758399,-0.01568972611631523
2025-11-21,-0.009587917320502416,0.027754863272260843,0.033102739060051733,0.02414107951463107,0.0015731022469581293,0.03276449735208251,0.009775103041592069
2025-11-24,-0.007736927895146896,-0.0011211889620617707,0.00948141741333716,-0.004947209379643639,-0.0056882963006321995,0.007260304494514618,0.015348818899081837
2025-11-25,0.0,0.0024009396671183982,0.024761150795567923,0.00027563781064364327,0.004183655459669855,0.0060102202962531584,0.009020886000832944
2025-11-26,0.015414577423871789,-0.011254181153519251,0.0004121663660725062,0.003711597739072126,0.012717482329821284,0.01082706355628241,0.006882969436149685
2025-11-27,0.00960616493442311,,,,,,
2025-11-28,0.0,,,,,,
2025-12-01,-0.027133385112475292,0.008576874872232933,-0.007783309784396698,-0.009131301373510762,0.005163505617695678,-0.013214153835998298,-0.005337548746055966
2025-12-02,0.04419552523982371,-0.006790661764966655,0.009685834690370283,-0.017950223886101735,-0.006037905804802698,-0.011256753930671362,0.002454221195936617
2025-12-03,0.0018778283892490935,-0.0008115252608173782,0.013886262663678975,0.001979029971611769,-0.00370791840042253,-0.007899554472430554,0.0029753605210852863
2025-12-04,0.06183783886066683,-0.010117542510690821,0.008001158742678495,-0.005097010894231333,-0.007797280661143443,0.014376320257841604,0.001079738711974404
2025-12-05,0.105360593934283,0.0031113959487340196,0.012037841059571015,-0.0064080437667549065,-0.003215160144261474,-0.008662043906915008,0.0019347688846794776
2025-12-08,0.0015859533601156359,-0.010684749642615768,-0.004480716717975599,0.0035652156269903603,0.004197605243223442,-0.0068917792242055905,-0.0034833153316476935
2025-12-09,-0.02731081378334512,-0.001157462846245277,0.01897094584790071,-0.002280295427926195,-0.006821374251880967,0.005771895044447627,-0.0008767431610132386
2025-12-10,-0.014766569966351442,0.029507377968250495,0.04609583361174374,0.0017106257799317803,0.034385416827965656,0.02236194357107714,0.006726880659139976
2025-12-11,-0.023412280144387346,0.01798986878383919,0.0006184766601540209,-0.015791305584597747,-0.004418673420009165,0.013751014543509688,0.00207719198371703
2025-12-12,0.020101101394536334,0.005663939604628279,0.0004946769622487942,0.02019700831511219,0.010744651544729615,0.022154023233492158,-0.010720913458554537
2025-12-15,-0.026892452311504705,0.019267210166313255,0.013385183196464189,0.006360831696292646,0.0037764669142424257,0.03163909215988565,-0.0015978388918367072
2025-12-16,-0.025885785205127892,-0.006639360302471959,-0.002687163986261877,-0.008490131963924934,-0.00563681012238704,-0.0018172052319402388,-0.00238676400843967
2025-12-17,0.0,0.011245498881846873,-0.015406739712375933,0.00425407624749632,-0.0019304394886093487,-0.000839792305425708,-0.01165985661137129
2025-12-18,-0.012313231786146373,-0.011245498881846859,0.008164245930427446,-0.004396330951633472,-0.0047420389236169395,0.00855181037522903,0.007902951520479156
2025-12-19,0.021016565507234623,-0.0009300317997192951,0.014432724269296614,-0.004272859846835607,-0.008133577458732923,0.015156690282188563,0.008779407421828872
2025-12-22,0.0017316137611889924,-0.017204058218777372,0.008223532964430916,0.002138712088090452,-0.0075201099032118045,0.0005923562988682989,0.006415870575561936
2025-12-23,-0.00694451898289996,0.008795465582112447,-0.003377985473889953,-0.0048542264509762395,-0.02318418241828406,-0.0012307193059854877,0.004540067046788208
2025-12-24,0.006944518982899848,-0.0018782237398094885,0.0015697331797972865,0.003428963723125836,0.00041761714743149855,-0.011514725746375765,0.003216304344700708
2025-12-26,-0.010434947482277164,0.006402728196422538,0.002169473725830868,-0.003428963723125858,0.00027813231107153534,-0.0005076756203443301,-0.00030440987710828846
2025-12-29,0.0258857852051278,0.0010890325284360653,-0.0015663287107387277,0.004141904436248739,0.003194227431848796,-0.0008312598123144643,-0.003498162923937312
2025-12-30,0.010169648021409865,0.004654135258612301,-0.007261208550928077,-0.0012835262778750861,-0.0005546763297333968,-0.0073732454250955825,-0.0013766142506534472
2025-12-31,,-0.008861300777522285,-0.012343724528757023,-0.0022860485269634604,-0.004449397981386861,-0.003683800478281367,-0.007384867434248815
2026-01-02,,-0.005166414074447516,-0.004189636740583844,-0.011364581275193195,-0.009029048244817721,0.01764219407566825,0.0018929140261155547
2026-01-05,0.019901080026642086,-0.0069301939718457665,0.026443965323569654,-0.017219269814524204,-0.01637453344896928,0.004533726552418158,0.006334024511051582
2026-01-06,0.011428773907284237,0.007557880723865843,-0.011734338052051091,-0.0014729183975547135,-0.006884712659132727,-0.016539184725730766,0.0061775920038938375
2026-01-07,0.12926102363973702,-0.009614731445199845,-0.0032909012171490524,-0.004432047343985212,-0.014132214119867622,-0.009052802906603217,-0.0034458535710101927
2026-01-08,-0.02894568434889286,0.023788367132070987,0.03855841087259381,0.02673453491286458,0.017078360982760436,0.006541133935403379,7.654532942294603e-05
2026-01-09,0.07221824825868615,0.018692073140020853,-0.026906273582492566,0.01630003967125205,0.0038670937909287438,0.031131493067585003,0.006454611138321038
2026-01-12,0.002728533062349063,0.012969582277601843,0.0003619187067804345,-0.00014175159881762148,0.010310363801369167,0.004818599600527526,0.0015763900591805138
2026-01-13,0.10099133409993404,0.01708419669181477,0.004092893776282132,0.010441724383554495,0.014885944098614169,0.02852149626059123,-0.0019410055882070072
2026-01-14,0.013455873228890467,0.013169744159159549,-0.024443303412709266,0.002803595267806855,0.016862882824075946,-0.007582249726225353,-0.005347633584135448
2026-01-15,0.025196235317364524,-0.0010181285974776965,-0.003947183771214129,-0.013529103847082006,0.0044446061024654895,0.021888038383842616,0.002576603920444464
2026-01-16,-0.021557791650714184,-0.0021851364320739164,-0.0011130682759061205,-0.000567589277535075,-0.00170712687303971,-0.003924549132529542,-0.0006425086684515026
2026-01-19,0.15033860593165854,,,,,,
2026-01-20,-0.0020855205550449015,,,,,,
2026-01-21,0.13639778092879964,0.005356490626402536,0.03931472096932318,0.003617100282761227,-0.006250023683196122,0.032443014757077775,0.01152111763356032
2026-01-22,-0.03710996762514969,0.005758747981615872,0.0025915541259856952,-0.0019460185101419088,-0.016075204395971834,-0.0030784676623536416,0.0054725007079021405
2026-01-23,-0.036577709782616326,0.003153221250533946,-0.01815744386050639,0.013955282300452763,0.0012457619268014526,-0.003353018760138167,0.0003268164274822459
2026-01-26,-0.034916248382786896,-0.006892599488752752,-0.0031425242404036335,-0.004400567511083674,0.008882724506738276,-0.00292101854527717,0.00499359426016032
2026-01-27,-0.008154979576007058,0.0121734039360068,0.08388000143842705,0.01355186813588387,0.01975301110436126,-0.0066705456245353765,0.004073587840441241
2026-01-28,0.008154979576007011,-0.006139758043248913,-0.01728196589183334,-0.0066845780748939435,-0.0018838535967105386,-0.02361228317381562,-8.172639170147053e-05
2026-01-29,0.06960179718784398,0.020695217730575744,0.015891899286635897,0.005051591863532175,0.0012787501588422702,0.0366890545078503,-0.0012934674424623016
2026-01-30,-0.05448818480373689,0.005596006962060308,-0.026549261927197726,0.018618893670216692,0.03268363518011563,-0.0009252824231902633,-0.0043111794144580756
2026-02-02,-0.044997280242583,0.010684903335310665,0.0032091515438043786,0.006927020550612715,0.010167296163566904,0.020592304269588798,0.005376785277364613
2026-02-03,0.027851133082191604,0.014796831437756392,0.01694350360988514,0.020497225126248932,0.04811505383754071,-0.0006911605549844471,-0.008439495590663714
2026-02-04,0.02511430775186399,0.012837169324835885,0.006744304618507103,0.005964716197398493,0.02024192350702655,0.04217964672025765,-0.005085300155013826
2026-02-05,-0.031236752551586686,0.006824055667421512,-0.03526519177190837,0.01488557368266102,0.008091000659203748,-0.017552362244296134,-0.01232667785383289
2026-02-06,-0.04394008687012256,0.010875470365732842,0.011221258524467483,0.006601443311357679,0.017514214048450695,0.029207945391355385,0.019504344282200718
2026-02-09,0.022211398587653666,0.0030293547903088775,-0.04317910190187457,-0.013503182327987891,-0.023861638784786098,-0.007521466702534604,0.004680117860123293
2026-02-10,0.0052163988167113874,-0.004217248188424029,-0.005094836256873355,-0.014989441879074217,0.002999044534816657,-0.0172694047077473,-0.0033091822845107053
2026-02-11,0.057620857228109675,0.020134137597870146,-0.005621696711329081,0.023036804338451622,0.012971748161318795,0.019000642450896263,-4.89572699497733e-05
2026-02-12,-0.005911449795872368,0.03734703400166026,0.0013771393900931456,0.005076267013927961,-0.011595108126062738,-0.004830221699196063,-0.01578494138611745
2026-02-13,-0.013930478741680444,0.0023663375669688673,0.0142849916506091,-0.004058870958418148,-0.007564332945945309,0.02714837805574895,0.0004989646444475858
2026-02-17,,-0.013777776942610481,0.0017252537837087805,0.011122395508621718,-0.024524000004441666,-0.01125973357236357,0.0010307906306565179
2026-02-18,,-0.005057559462214601,0.029718950815128223,-0.0008802046085427339,0.015139276176497745,-0.009453519684388954,0.005550636821134019
2026-02-19,,-0.0015223085332645586,-0.02664567249953484,-0.007323139322296094,0.0012158802318991628,-0.006393764510241432,-0.0028261153915347848
2026-02-20,-0.007827757474549276,-0.0031787826663025984,0.0004910075044674069,0.011716532576218582,0.002124239565511133,-0.008519481318358824,0.006915755702175204
2026-02-23,0.027133385112475233,0.018673296967946017,-0.022958226668748204,0.008977643396855589,0.020285169629621375,-0.0065741806954676,-0.01043995947145646
2026-02-24,0.0019102937120588387,0.008216156859152701,0.020255358359939635,0.0019841335673838876,0.007221868923254766,0.0025594266292705667,0.007622488962383376
2026-02-25,0.08764726094342412,-0.025998438708812802,0.0139264675923039,-0.003101868677971726,-0.002184762112925225,0.01286524549462423,0.0081034339701294
2026-02-26,0.06705942284716908,0.011261098614213833,-0.020096266937388876,0.00037271720207290187,-0.009443283475010588,0.003675030073930208,-0.005380026995566101
2026-02-27,0.10141190641135102,0.01832615342258977,-0.02608294733504555,0.013081656539418344,0.012807106345678543,-0.0009896505318036223,-0.004348795128037643
