year,super_bowl_num,brand,parent_company,ticker_symbol,ad_meter_rank,ad_meter_score,ad_meter_tier,funny,show_product_quickly,patriotic,celebrity,danger,animals,use_sex,broadcast_network,telecast_avg_viewers_m,est_30s_ad_cost_usd,post_ad_4wk_sales_volume_lift_pct,q1_post_sb_revenue_growth_pct,stock_return_7d_post_sb_pct,est_earned_media_value_m,roi_efficiency_score,youtube_url,q1_est_viewers_m,q2_est_viewers_m,halftime_peak_viewers_m,q3_est_viewers_m,q4_est_viewers_m,q2_to_q4_decay_pct,broadcast_quarter,spot_actual_viewers_m,effective_cpm_usd
2000,34,Budweiser,Anheuser-Busch InBev,BUD,1,8.45,Ad Meter Winner (#1),True,True,False,False,False,False,False,ABC,88.5,2200000,10.06,7.68,1.59,4.73,191.42,https://www.youtube.com/watch?v=JJmqCKtJnxM,83.16,92.89,100.86,86.7,99.09,6.67,Q2,92.89,23.68
2000,34,Bud Light,Anheuser-Busch InBev,BUD,6,7.97,Top 10 High Performer,True,False,False,False,True,True,True,ABC,88.5,2200000,9.03,6.29,0.21,3.63,131.86,,83.16,92.89,100.86,86.7,99.09,6.67,Q2,92.89,23.68
2000,34,Budweiser,Anheuser-Busch InBev,BUD,10,7.87,Top 10 High Performer,True,False,False,False,True,True,False,ABC,88.5,2200000,10.02,6.88,0.96,2.75,110.85,https://www.youtube.com/watch?v=GgXsLHifz9k,83.16,92.89,100.86,86.7,99.09,6.67,Q2,92.89,23.68
2000,34,Budweiser,Anheuser-Busch InBev,BUD,11,7.58,Above Average (Top 25%),True,False,False,False,False,True,False,ABC,88.5,2200000,8.85,6.5,0.82,2.53,90.07,,83.16,92.89,100.86,86.7,99.09,6.67,Q2,92.89,23.68
2000,34,M&M's,"Mars, Inc.",PRIVATE,12,7.63,Above Average (Top 25%),False,True,False,False,False,False,True,ABC,88.5,2200000,8.56,7.89,1.25,1.42,42.51,https://www.youtube.com/results?search_query=2000+M+M+s+Sexy+Girl,83.16,92.89,100.86,86.7,99.09,6.67,Q2,92.89,23.68
2000,34,FedEx,FedEx Corporation,FDX,13,7.63,Above Average (Top 25%),False,True,False,False,False,False,False,ABC,88.5,2200000,8.41,6.56,0.52,1.9,54.29,https://www.youtube.com/results?search_query=2000+FedEx+Combat+Rangers,83.16,92.89,100.86,86.7,99.09,6.67,Q2,92.89,23.68
2000,34,Mountain Dew,PepsiCo,PEP,14,7.23,Above Average (Top 25%),True,True,False,False,False,False,False,ABC,88.5,2200000,7.84,7.14,0.55,1.6,45.87,https://www.youtube.com/results?search_query=2000+Mountain+Dew+Mock+Opera,83.16,92.89,100.86,86.7,99.09,6.67,Q2,92.89,23.68
2000,34,E-Trade,E*TRADE / Morgan Stanley,MS,16,7.38,Above Average (Top 25%),True,True,False,False,False,True,False,ABC,88.5,2200000,8.91,11.45,1.02,1.43,51.25,https://www.youtube.com/watch?v=Muyq2kMDFoA,83.16,92.89,100.86,86.7,99.09,6.67,Q1,83.16,26.46
2000,34,E-Trade,E*TRADE / Morgan Stanley,MS,20,6.82,Above Average (Top 25%),True,True,False,False,True,False,False,ABC,88.5,2200000,8.1,11.25,-0.22,0.55,17.92,https://www.youtube.com/watch?v=oftjwYmlfoA,83.16,92.89,100.86,86.7,99.09,6.67,Q1,83.16,26.46
2000,34,Bud Light,Anheuser-Busch InBev,BUD,20,7.01,Above Average (Top 25%),True,True,False,False,True,False,False,ABC,88.5,2200000,7.26,6.78,1.19,0.55,16.06,https://www.youtube.com/watch?v=M3IV93HwSkc,83.16,92.89,100.86,86.7,99.09,6.67,Q1,83.16,26.46
2000,34,Budweiser,Anheuser-Busch InBev,BUD,26,6.27,Mid-Tier,True,True,False,False,False,False,False,ABC,88.5,2200000,6.43,5.93,0.38,0.5,12.93,https://www.youtube.com/watch?v=loimTUjV92Q,83.16,92.89,100.86,86.7,99.09,6.67,Q1,83.16,26.46
2001,35,Bud Light,Anheuser-Busch InBev,BUD,1,8.3,Ad Meter Winner (#1),True,False,False,False,True,False,True,CBS,84.3,2100000,10.35,7.04,-0.22,4.51,187.38,https://www.youtube.com/watch?v=J89vbNUzhIE,79.28,88.56,96.15,82.65,69.16,-21.91,Q2,88.56,23.71
2001,35,Bud Light,Anheuser-Busch InBev,BUD,8,7.75,Top 10 High Performer,True,True,False,False,False,True,False,CBS,84.3,2100000,9.03,6.98,0.37,3.04,110.2,https://www.youtube.com/watch?v=XJEYIR-Cai4,79.28,88.56,96.15,82.65,69.16,-21.91,Q2,88.56,23.71
2001,35,Bud Light,Anheuser-Busch InBev,BUD,9,7.79,Top 10 High Performer,True,False,False,True,False,False,True,CBS,84.3,2100000,8.96,7.04,1.92,5.35,192.43,https://www.youtube.com/watch?v=h-HHbtwX5vY,79.28,88.56,96.15,82.65,69.16,-21.91,Q2,88.56,23.71
2001,35,Pepsi,PepsiCo,PEP,12,7.41,Above Average (Top 25%),True,False,False,True,True,False,False,CBS,84.3,2100000,8.5,7.89,1.22,4.73,161.39,https://www.youtube.com/watch?v=pldGc0Cpf84,79.28,88.56,96.15,82.65,69.16,-21.91,Q2,88.56,23.71
2001,35,Coca-Cola,The Coca-Cola Company,KO,13,7.25,Above Average (Top 25%),False,True,False,True,False,False,False,CBS,84.3,2100000,7.57,6.76,1.35,1.21,38.24,https://www.youtube.com/results?search_query=2001+Coca+Cola+Beautiful+World+Red,79.28,88.56,96.15,82.65,69.16,-21.91,Q2,88.56,23.71
2001,35,Dr Pepper,Keurig Dr Pepper,KDP,14,7.3,Above Average (Top 25%),False,True,False,False,False,False,False,CBS,84.3,2100000,8.0,7.23,0.39,2.02,60.48,https://www.youtube.com/results?search_query=2001+Dr+Pepper+Hudson+Riverdance,79.28,88.56,96.15,82.65,69.16,-21.91,Q2,88.56,23.71
2001,35,Doritos,PepsiCo (Frito-Lay),PEP,15,7.24,Above Average (Top 25%),True,True,False,True,False,False,True,CBS,84.3,2100000,7.31,8.14,-0.15,4.09,120.02,https://www.youtube.com/watch?v=xbrvsJZSxok,79.28,88.56,96.15,82.65,69.16,-21.91,Q2,88.56,23.71
2001,35,Budweiser,Anheuser-Busch InBev,BUD,16,7.1,Above Average (Top 25%),True,True,False,False,False,False,False,CBS,84.3,2100000,7.65,6.86,0.88,1.37,42.07,https://www.youtube.com/watch?v=gtmJEt0w1k4,79.28,88.56,96.15,82.65,69.16,-21.91,Q1,79.28,26.49
2001,35,Pepsi,PepsiCo,PEP,20,7.1,Above Average (Top 25%),True,False,True,True,False,True,True,CBS,84.3,2100000,7.42,7.81,0.89,3.05,90.85,https://www.youtube.com/watch?v=6h7wifUL8mk,79.28,88.56,96.15,82.65,69.16,-21.91,Q1,79.28,26.49
2001,35,E-Trade,E*TRADE / Morgan Stanley,MS,21,6.91,Mid-Tier,False,False,False,False,True,True,False,CBS,84.3,2100000,6.79,10.03,0.05,0.5,13.63,https://www.youtube.com/watch?v=ONZFkqzuMjI,79.28,88.56,96.15,82.65,69.16,-21.91,Q1,79.28,26.49
2001,35,Pepsi,PepsiCo,PEP,21,6.68,Mid-Tier,True,True,False,False,False,False,True,CBS,84.3,2100000,6.61,7.13,0.36,0.5,13.27,https://www.youtube.com/watch?v=MwfL-DkL1Vg,79.28,88.56,96.15,82.65,69.16,-21.91,Q1,79.28,26.49
2001,35,Pepsi,PepsiCo,PEP,24,6.63,Mid-Tier,True,False,False,False,False,False,True,CBS,84.3,2100000,7.07,7.92,0.68,0.5,14.19,https://www.youtube.com/watch?v=1nmPv4M8Ps8,79.28,88.56,96.15,82.65,69.16,-21.91,Q1,79.28,26.49
2001,35,Budweiser,Anheuser-Busch InBev,BUD,25,6.47,Mid-Tier,False,False,False,True,False,False,False,CBS,84.3,2100000,5.29,5.92,-0.04,0.5,10.62,https://www.youtube.com/watch?v=H9YdunAo3Ug,79.28,88.56,96.15,82.65,69.16,-21.91,Q1,79.28,26.49
2001,35,E-Trade,E*TRADE / Morgan Stanley,MS,27,6.06,Mid-Tier,True,False,False,False,True,False,False,CBS,84.3,2100000,5.58,10.73,0.1,0.5,11.2,https://www.youtube.com/watch?v=39BL7iqe6pQ,79.28,88.56,96.15,82.65,69.16,-21.91,Q1,79.28,26.49
2001,35,NFL,National Football League,PRIVATE,34,5.6,Mid-Tier,False,False,False,True,False,False,False,CBS,84.3,2100000,3.32,8.78,-0.48,0.5,6.66,,79.28,88.56,96.15,82.65,69.16,-21.91,Q3,82.65,25.41
2002,36,Budweiser,Anheuser-Busch InBev,BUD,1,8.52,Ad Meter Winner (#1),True,True,False,False,False,False,False,Fox,86.8,2200000,10.12,6.81,1.76,4.73,188.86,https://www.youtube.com/watch?v=mhEYXcCB1Qw,81.59,91.14,98.95,85.06,97.22,6.67,Q2,91.14,24.14
2002,36,Bud Light,Anheuser-Busch InBev,BUD,3,8.4,Top 5 Elite,True,True,False,False,True,True,True,Fox,86.8,2200000,9.9,6.84,0.53,4.29,167.57,https://www.youtube.com/watch?v=ZBD4dYTpYAU,81.59,91.14,98.95,85.06,97.22,6.67,Q2,91.14,24.14
2002,36,Bud Light,Anheuser-Busch InBev,BUD,11,7.64,Above Average (Top 25%),True,True,False,True,True,False,True,Fox,86.8,2200000,8.93,6.94,1.17,5.17,182.15,https://www.youtube.com/watch?v=OfLLLnAngZI,81.59,91.14,98.95,85.06,97.22,6.67,Q2,91.14,24.14
2002,36,M&M's,"Mars, Inc.",PRIVATE,12,7.55,Above Average (Top 25%),False,True,False,False,False,False,False,Fox,86.8,2200000,8.25,7.6,0.58,2.08,62.23,https://www.youtube.com/results?search_query=2002+M+M+s+Hotel,81.59,91.14,98.95,85.06,97.22,6.67,Q2,91.14,24.14
2002,36,NFL,National Football League,PRIVATE,13,7.53,Above Average (Top 25%),False,True,False,True,False,False,False,Fox,86.8,2200000,7.75,9.13,0.72,2.49,74.01,https://www.youtube.com/results?search_query=2002+NFL+Madden+NFL+2002,81.59,91.14,98.95,85.06,97.22,6.67,Q2,91.14,24.14
2002,36,Budweiser,Anheuser-Busch InBev,BUD,16,7.31,Above Average (Top 25%),False,True,True,False,False,True,False,Fox,86.8,2200000,7.09,6.36,0.4,0.5,13.99,https://www.youtube.com/watch?v=1MZUvib98Rs,81.59,91.14,98.95,85.06,97.22,6.67,Q1,81.59,26.96
2002,36,E-Trade,E*TRADE / Morgan Stanley,MS,16,7.23,Above Average (Top 25%),True,True,False,False,False,True,True,Fox,86.8,2200000,8.98,11.06,0.14,1.43,50.67,https://www.youtube.com/watch?v=SK1i1iyE7RA,81.59,91.14,98.95,85.06,97.22,6.67,Q1,81.59,26.96
2002,36,Budweiser,Anheuser-Busch InBev,BUD,20,6.84,Above Average (Top 25%),True,False,False,False,False,False,False,Fox,86.8,2200000,7.68,5.72,0.5,0.55,16.67,https://www.youtube.com/watch?v=LnU2T2P1oxA,81.59,91.14,98.95,85.06,97.22,6.67,Q1,81.59,26.96
2002,36,Bud Light,Anheuser-Busch InBev,BUD,20,6.71,Above Average (Top 25%),True,False,False,False,True,False,False,Fox,86.8,2200000,7.05,5.77,0.71,0.55,15.3,https://www.youtube.com/watch?v=oJvsWvaTr4w,81.59,91.14,98.95,85.06,97.22,6.67,Q1,81.59,26.96
2002,36,Budweiser,Anheuser-Busch InBev,BUD,20,6.68,Above Average (Top 25%),True,True,False,False,False,False,True,Fox,86.8,2200000,6.48,5.71,0.74,0.55,14.06,,81.59,91.14,98.95,85.06,97.22,6.67,Q1,81.59,26.96
2002,36,Bud Light,Anheuser-Busch InBev,BUD,27,6.1,Mid-Tier,True,False,False,False,True,False,True,Fox,86.8,2200000,6.79,5.89,-0.39,0.5,13.39,https://www.youtube.com/watch?v=-LwSb4cCAnw,81.59,91.14,98.95,85.06,97.22,6.67,Q1,81.59,26.96
2002,36,Pepsi,PepsiCo,PEP,31,5.67,Mid-Tier,False,True,False,True,False,False,True,Fox,86.8,2200000,4.33,6.91,-0.44,0.5,8.54,https://www.youtube.com/watch?v=TG4giyL-4Sk,81.59,91.14,98.95,85.06,97.22,6.67,Q3,85.06,25.86
2003,37,Budweiser,Anheuser-Busch InBev,BUD,1,8.2,Ad Meter Winner (#1),True,True,False,False,False,True,False,ABC,88.6,2200000,9.86,5.93,2.99,4.73,187.82,https://www.youtube.com/watch?v=hM79LTkT7ek,83.32,93.07,101.05,86.87,72.68,-21.91,Q2,93.07,23.64
2003,37,Budweiser,Anheuser-Busch InBev,BUD,1,8.2,Ad Meter Winner (#1),True,False,False,False,False,False,True,ABC,88.6,2200000,10.12,7.02,1.37,4.73,192.78,https://www.youtube.com/watch?v=R67qcUIbFhs,83.32,93.07,101.05,86.87,72.68,-21.91,Q2,93.07,23.64
2003,37,Bud Light,Anheuser-Busch InBev,BUD,8,7.75,Top 10 High Performer,True,True,False,False,True,True,True,ABC,88.6,2200000,8.92,6.48,0.58,3.19,114.6,https://www.youtube.com/watch?v=ovQYgnXHooY,83.32,93.07,101.05,86.87,72.68,-21.91,Q2,93.07,23.64
2003,37,Bud Light,Anheuser-Busch InBev,BUD,11,7.59,Above Average (Top 25%),True,True,False,False,False,True,False,ABC,88.6,2200000,8.63,6.47,1.02,2.53,87.93,https://www.youtube.com/watch?v=BKexURCYxtk,83.32,93.07,101.05,86.87,72.68,-21.91,Q2,93.07,23.64
2003,37,Cadillac,General Motors,GM,12,7.68,Above Average (Top 25%),False,True,False,False,False,False,True,ABC,88.6,2200000,8.39,6.69,1.03,1.68,48.56,https://www.youtube.com/results?search_query=2003+Cadillac+17th+Street,83.32,93.07,101.05,86.87,72.68,-21.91,Q2,93.07,23.64
2003,37,FedEx,FedEx Corporation,FDX,13,7.55,Above Average (Top 25%),True,True,False,False,False,True,False,ABC,88.6,2200000,8.16,6.95,0.53,1.31,39.87,https://www.youtube.com/results?search_query=2003+FedEx+Cast+Away,83.32,93.07,101.05,86.87,72.68,-21.91,Q2,93.07,23.64
2003,37,AT&T,AT&T Inc.,T,14,7.55,Above Average (Top 25%),True,True,False,False,False,False,False,ABC,88.6,2200000,9.01,6.74,0.59,1.36,38.93,https://www.youtube.com/results?search_query=2003+AT+T+Antiques+Bandwagon,83.32,93.07,101.05,86.87,72.68,-21.91,Q2,93.07,23.64
2003,37,McDonald's,McDonald's Corporation,MCD,15,7.41,Above Average (Top 25%),False,True,False,False,False,False,False,ABC,88.6,2200000,8.43,6.98,0.5,1.62,50.22,https://www.youtube.com/results?search_query=2003+McDonald+s+What+A+Day,83.32,93.07,101.05,86.87,72.68,-21.91,Q2,93.07,23.64
2003,37,H&R Block,"H&R Block, Inc.",HRB,16,7.2,Above Average (Top 25%),False,True,False,False,False,False,False,ABC,88.6,2200000,7.93,8.63,0.06,2.15,63.37,https://www.youtube.com/results?search_query=2003+H+R+Block+Willie,83.32,93.07,101.05,86.87,72.68,-21.91,Q1,83.32,26.4
2003,37,Pepsi,PepsiCo,PEP,17,6.98,Above Average (Top 25%),True,True,False,True,False,False,False,ABC,88.6,2200000,7.59,7.33,0.53,3.85,117.68,https://www.youtube.com/watch?v=dnHEqQGl0yA,83.32,93.07,101.05,86.87,72.68,-21.91,Q1,83.32,26.4
2003,37,Budweiser,Anheuser-Busch InBev,BUD,19,7.17,Above Average (Top 25%),True,True,False,False,False,False,False,ABC,88.6,2200000,8.25,6.27,1.16,0.77,25.58,https://www.youtube.com/watch?v=zx4SnN9HuRw,83.32,93.07,101.05,86.87,72.68,-21.91,Q1,83.32,26.4
2003,37,Bud Light,Anheuser-Busch InBev,BUD,19,6.96,Above Average (Top 25%),True,True,False,False,False,False,False,ABC,88.6,2200000,6.81,6.23,0.9,0.77,21.12,https://www.youtube.com/watch?v=DTvxyDwP2CA,83.32,93.07,101.05,86.87,72.68,-21.91,Q1,83.32,26.4
2003,37,Bud Light,Anheuser-Busch InBev,BUD,23,6.78,Mid-Tier,True,True,False,False,False,False,False,ABC,88.6,2200000,7.08,5.77,0.73,0.5,14.26,https://www.youtube.com/watch?v=RuIXFuwLb2s,83.32,93.07,101.05,86.87,72.68,-21.91,Q1,83.32,26.4
2003,37,Bud Light,Anheuser-Busch InBev,BUD,25,6.3,Mid-Tier,True,True,False,False,False,False,True,ABC,88.6,2200000,7.3,6.58,-0.97,0.5,14.7,,83.32,93.07,101.05,86.87,72.68,-21.91,Q1,83.32,26.4
2003,37,Bud Light,Anheuser-Busch InBev,BUD,26,6.45,Mid-Tier,True,True,False,False,False,False,True,ABC,88.6,2200000,6.36,5.81,0.45,0.5,12.81,https://www.youtube.com/watch?v=bcV8WN1YIL4,83.32,93.07,101.05,86.87,72.68,-21.91,Q1,83.32,26.4
2003,37,Bud Light,Anheuser-Busch InBev,BUD,29,6.24,Mid-Tier,True,True,False,False,True,False,False,ABC,88.6,2200000,6.11,5.63,0.72,0.5,12.3,https://www.youtube.com/watch?v=_cEQ5g6bzdM,83.32,93.07,101.05,86.87,72.68,-21.91,Q1,83.32,26.4
2003,37,NFL,National Football League,PRIVATE,34,5.81,Mid-Tier,False,False,False,True,False,False,False,ABC,88.6,2200000,3.46,8.92,0.57,0.5,6.97,https://www.youtube.com/watch?v=Bs0Iwwl-5Lk,83.32,93.07,101.05,86.87,72.68,-21.91,Q3,86.87,25.33
2004,38,Bud Light,Anheuser-Busch InBev,BUD,1,8.41,Ad Meter Winner (#1),True,True,False,False,False,True,True,CBS,89.8,2300000,10.46,7.1,1.4,4.94,201.75,https://www.youtube.com/watch?v=mjN3OY9Eefk,84.41,94.29,102.37,88.0,100.58,6.67,Q2,94.29,24.39
2004,38,Bud Light,Anheuser-Busch InBev,BUD,1,8.41,Ad Meter Winner (#1),True,True,False,False,True,False,False,CBS,89.8,2300000,10.82,6.82,0.62,4.94,208.69,https://www.youtube.com/watch?v=qbS0gF3YdBg,84.41,94.29,102.37,88.0,100.58,6.67,Q2,94.29,24.39
2004,38,Bud Light,Anheuser-Busch InBev,BUD,5,8.25,Top 5 Elite,True,True,False,False,True,True,False,CBS,89.8,2300000,9.89,6.66,0.78,4.02,155.23,https://www.youtube.com/watch?v=j7QA9oHpduk,84.41,94.29,102.37,88.0,100.58,6.67,Q2,94.29,24.39
2004,38,Budweiser,Anheuser-Busch InBev,BUD,7,8.11,Top 10 High Performer,True,False,False,True,False,True,True,CBS,89.8,2300000,9.67,6.35,1.55,6.32,238.61,https://www.youtube.com/watch?v=zM4rU4jit5k,84.41,94.29,102.37,88.0,100.58,6.67,Q2,94.29,24.39
2004,38,Bud Light,Anheuser-Busch InBev,BUD,9,7.8,Top 10 High Performer,True,False,False,False,True,True,True,CBS,89.8,2300000,9.13,7.12,0.76,3.1,110.5,https://www.youtube.com/watch?v=yQ_nU0_R7PE,84.41,94.29,102.37,88.0,100.58,6.67,Q2,94.29,24.39
2004,38,Chevrolet,General Motors,GM,12,7.61,Above Average (Top 25%),False,True,False,False,False,False,False,CBS,89.8,2300000,9.05,7.18,1.25,1.99,55.44,https://www.youtube.com/results?search_query=2004+Chevrolet+Big,84.41,94.29,102.37,88.0,100.58,6.67,Q2,94.29,24.39
2004,38,Lay's,PepsiCo (Frito-Lay),PEP,13,7.5,Above Average (Top 25%),False,True,False,False,False,False,True,CBS,89.8,2300000,7.86,8.97,0.95,1.61,45.54,https://www.youtube.com/results?search_query=2004+Lay+s+Dentures,84.41,94.29,102.37,88.0,100.58,6.67,Q2,94.29,24.39
2004,38,Taco Bell,Yum! Brands,YUM,14,7.62,Above Average (Top 25%),False,True,False,False,False,False,False,CBS,89.8,2300000,8.41,7.74,0.54,2.55,73.07,https://www.youtube.com/results?search_query=2004+Taco+Bell+Clubbing,84.41,94.29,102.37,88.0,100.58,6.67,Q2,94.29,24.39
2004,38,H&R Block,"H&R Block, Inc.",HRB,15,7.51,Above Average (Top 25%),False,True,False,False,False,False,False,CBS,89.8,2300000,8.42,8.64,1.12,2.5,71.0,https://www.youtube.com/results?search_query=2004+H+R+Block+Willie+Doll,84.41,94.29,102.37,88.0,100.58,6.67,Q2,94.29,24.39
2004,38,NFL,National Football League,PRIVATE,16,7.23,Above Average (Top 25%),False,True,False,True,False,False,False,CBS,89.8,2300000,7.62,9.55,-0.07,2.39,62.23,https://www.youtube.com/results?search_query=2004+NFL+Tomorrow,84.41,94.29,102.37,88.0,100.58,6.67,Q1,84.41,27.25
2004,38,Bud Light,Anheuser-Busch InBev,BUD,18,7.17,Above Average (Top 25%),True,True,False,True,False,False,True,CBS,89.8,2300000,8.42,6.41,0.49,3.79,124.59,https://www.youtube.com/watch?v=gWqR28uRxXw,84.41,94.29,102.37,88.0,100.58,6.67,Q1,84.41,27.25
2004,38,Pepsi,PepsiCo,PEP,19,7.11,Above Average (Top 25%),True,False,False,False,False,True,False,CBS,89.8,2300000,7.38,8.01,0.58,0.8,23.05,https://www.youtube.com/watch?v=GzWUUZRli6s,84.41,94.29,102.37,88.0,100.58,6.67,Q1,84.41,27.25
2004,38,Budweiser,Anheuser-Busch InBev,BUD,20,6.79,Above Average (Top 25%),True,False,False,False,False,False,False,CBS,89.8,2300000,7.61,6.23,0.94,0.58,17.23,https://www.youtube.com/watch?v=uO-E2T1hayU,84.41,94.29,102.37,88.0,100.58,6.67,Q1,84.41,27.25
2004,38,Budweiser,Anheuser-Busch InBev,BUD,20,6.87,Above Average (Top 25%),False,True,True,False,False,True,False,CBS,89.8,2300000,6.79,6.02,1.38,0.5,13.26,https://www.youtube.com/watch?v=pmmsr7PAhWU,84.41,94.29,102.37,88.0,100.58,6.67,Q1,84.41,27.25
2004,38,Pepsi,PepsiCo,PEP,20,6.95,Above Average (Top 25%),True,True,False,False,False,False,False,CBS,89.8,2300000,6.57,8.04,0.92,0.58,14.88,https://www.youtube.com/watch?v=NOOmu1Rz17Y,84.41,94.29,102.37,88.0,100.58,6.67,Q1,84.41,27.25
2004,38,Toyota,Toyota Motor Corp,TM,26,6.39,Mid-Tier,True,True,False,False,True,False,False,CBS,89.8,2300000,6.81,7.42,1.23,0.5,13.29,https://www.youtube.com/watch?v=5uLJitPWAXM,84.41,94.29,102.37,88.0,100.58,6.67,Q1,84.41,27.25
2005,39,Bud Light,Anheuser-Busch InBev,BUD,1,8.25,Ad Meter Winner (#1),True,True,False,True,False,True,True,Fox,86.1,2400000,10.23,7.19,0.09,8.04,295.07,https://www.youtube.com/watch?v=Q5Hu_FBUIsk,80.91,90.37,98.12,84.35,96.4,6.67,Q2,90.37,26.56
2005,39,Bud Light,Anheuser-Busch InBev,BUD,11,7.82,Above Average (Top 25%),True,True,False,False,True,True,True,Fox,86.1,2400000,8.36,6.71,1.46,2.76,82.78,https://www.youtube.com/watch?v=-gTWA5AsTP8,80.91,90.37,98.12,84.35,96.4,6.67,Q2,90.37,26.56
2005,39,Cadillac,General Motors,GM,12,7.61,Above Average (Top 25%),False,True,False,False,False,False,False,Fox,86.1,2400000,8.43,7.27,0.87,1.79,48.15,https://www.youtube.com/results?search_query=2005+Cadillac+Barrels,80.91,90.37,98.12,84.35,96.4,6.67,Q2,90.37,26.56
2005,39,Budweiser,Anheuser-Busch InBev,BUD,13,7.65,Above Average (Top 25%),True,False,False,False,False,True,False,Fox,86.1,2400000,8.69,6.42,0.49,2.28,71.08,,80.91,90.37,98.12,84.35,96.4,6.67,Q2,90.37,26.56
2005,39,FedEx,FedEx Corporation,FDX,14,7.67,Above Average (Top 25%),False,True,False,True,False,True,False,Fox,86.1,2400000,8.74,6.92,0.72,2.71,73.36,https://www.youtube.com/results?search_query=2005+FedEx+10+Things,80.91,90.37,98.12,84.35,96.4,6.67,Q2,90.37,26.56
2005,39,McDonald's,McDonald's Corporation,MCD,15,7.17,Above Average (Top 25%),False,True,False,False,False,False,False,Fox,86.1,2400000,7.25,6.75,0.43,2.04,54.38,https://www.youtube.com/results?search_query=2005+McDonald+s+Lincoln+Fry,80.91,90.37,98.12,84.35,96.4,6.67,Q2,90.37,26.56
2005,39,NFL,National Football League,PRIVATE,16,7.29,Above Average (Top 25%),False,True,False,False,False,False,False,Fox,86.1,2400000,7.95,9.71,0.07,2.74,75.74,https://www.youtube.com/results?search_query=2005+NFL+What+s+Next,80.91,90.37,98.12,84.35,96.4,6.67,Q1,80.91,29.66
2005,39,NFL,National Football League,PRIVATE,17,7.11,Above Average (Top 25%),False,True,False,True,False,False,False,Fox,86.1,2400000,7.21,10.08,0.08,2.23,63.16,https://www.youtube.com/results?search_query=2005+NFL+Two+morrow,80.91,90.37,98.12,84.35,96.4,6.67,Q1,80.91,29.66
2005,39,CareerBuilder,CareerBuilder,PRIVATE,18,7.25,Above Average (Top 25%),False,True,False,False,False,True,False,Fox,86.1,2400000,8.47,7.05,0.26,1.38,40.79,https://www.youtube.com/results?search_query=2005+CareerBuilder+Apology,80.91,90.37,98.12,84.35,96.4,6.67,Q1,80.91,29.66
2005,39,Pepsi,PepsiCo,PEP,19,7.09,Above Average (Top 25%),True,True,False,True,False,False,True,Fox,86.1,2400000,8.58,7.89,-0.63,3.72,114.5,https://www.youtube.com/watch?v=eXfNnSOOoVc,80.91,90.37,98.12,84.35,96.4,6.67,Q1,80.91,29.66
2005,39,Pepsi,PepsiCo,PEP,19,6.91,Above Average (Top 25%),True,False,False,True,False,False,True,Fox,86.1,2400000,7.02,7.85,0.77,3.72,93.69,https://www.youtube.com/watch?v=bHY2miRSwh4,80.91,90.37,98.12,84.35,96.4,6.67,Q1,80.91,29.66
2005,39,Verizon,Verizon Communications,VZ,20,7.15,Above Average (Top 25%),False,True,False,False,False,False,False,Fox,86.1,2400000,7.55,6.34,0.61,1.57,40.08,https://www.youtube.com/results?search_query=2005+Verizon+Miniaturization,80.91,90.37,98.12,84.35,96.4,6.67,Q1,80.91,29.66
2005,39,Bud Light,Anheuser-Busch InBev,BUD,22,6.86,Mid-Tier,True,False,False,False,False,False,False,Fox,86.1,2400000,7.48,5.83,0.54,0.5,13.42,https://www.youtube.com/watch?v=Y9wyIID8Khs,80.91,90.37,98.12,84.35,96.4,6.67,Q1,80.91,29.66
2005,39,Pepsi,PepsiCo,PEP,25,6.33,Mid-Tier,True,True,False,False,False,False,False,Fox,86.1,2400000,6.12,7.0,-0.13,0.5,10.98,https://www.youtube.com/watch?v=vUwROngDC88,80.91,90.37,98.12,84.35,96.4,6.67,Q1,80.91,29.66
2005,39,Bud Light,Anheuser-Busch InBev,BUD,26,6.43,Mid-Tier,True,True,False,False,False,False,True,Fox,86.1,2400000,6.52,6.27,-0.72,0.5,11.7,,80.91,90.37,98.12,84.35,96.4,6.67,Q1,80.91,29.66
2006,40,Bud Light,Anheuser-Busch InBev,BUD,1,8.39,Ad Meter Winner (#1),True,True,False,False,False,False,False,ABC,90.7,2500000,10.01,6.98,2.28,5.38,195.38,https://www.youtube.com/watch?v=67dRRrRz2t8,85.3,95.29,103.45,88.94,101.64,6.66,Q2,95.29,26.24
2006,40,Bud Light,Anheuser-Busch InBev,BUD,13,7.7,Above Average (Top 25%),True,False,False,False,True,True,False,ABC,90.7,2500000,8.58,6.93,1.79,2.38,74.09,https://www.youtube.com/watch?v=yk0MQD5YgV8,85.3,95.29,103.45,88.94,101.64,6.66,Q2,95.29,26.24
2006,40,Budweiser,Anheuser-Busch InBev,BUD,13,7.46,Above Average (Top 25%),True,False,False,False,False,True,True,ABC,90.7,2500000,8.61,6.65,1.34,2.38,74.34,https://www.youtube.com/watch?v=Zb3fhsfs6ZU,85.3,95.29,103.45,88.94,101.64,6.66,Q2,95.29,26.24
2006,40,Budweiser,Anheuser-Busch InBev,BUD,17,7.24,Above Average (Top 25%),True,True,False,False,False,False,False,ABC,90.7,2500000,7.93,5.8,-0.31,1.38,39.7,https://www.youtube.com/watch?v=4WeAvfP1ikU,85.3,95.29,103.45,88.94,101.64,6.66,Q1,85.3,29.31
2006,40,Budweiser,Anheuser-Busch InBev,BUD,19,7.12,Above Average (Top 25%),True,True,False,False,True,False,False,ABC,90.7,2500000,7.46,6.34,-0.03,0.88,23.82,https://www.youtube.com/watch?v=q05QIp5qbnY,85.3,95.29,103.45,88.94,101.64,6.66,Q1,85.3,29.31
2006,40,Pepsi,PepsiCo,PEP,19,6.97,Above Average (Top 25%),True,True,False,True,True,False,False,ABC,90.7,2500000,7.73,7.72,0.87,3.87,108.53,https://www.youtube.com/watch?v=sx0i7WgBOvs,85.3,95.29,103.45,88.94,101.64,6.66,Q1,85.3,29.31
2006,40,Pepsi,PepsiCo,PEP,23,6.51,Mid-Tier,True,True,False,True,False,False,True,ABC,90.7,2500000,6.96,7.71,0.57,2.88,72.72,https://www.youtube.com/watch?v=d8f-PiELHls,85.3,95.29,103.45,88.94,101.64,6.66,Q1,85.3,29.31
2007,41,Budweiser,Anheuser-Busch InBev,BUD,1,8.15,Ad Meter Winner (#1),True,True,False,False,False,True,True,CBS,93.2,2600000,9.92,7.2,1.19,5.59,198.78,https://www.youtube.com/watch?v=7KHlMJE84eA,87.59,97.84,106.23,91.32,104.36,6.66,Q2,97.84,26.57
2007,41,Budweiser,Anheuser-Busch InBev,BUD,1,8.15,Ad Meter Winner (#1),False,False,False,True,False,False,False,CBS,93.2,2600000,9.27,6.31,0.82,6.11,203.03,https://www.youtube.com/watch?v=YnGpb8lbPOI,87.59,97.84,106.23,91.32,104.36,6.66,Q2,97.84,26.57
2007,41,Chevrolet,General Motors,GM,12,7.46,Above Average (Top 25%),False,True,False,True,False,False,False,CBS,93.2,2600000,8.72,6.85,0.49,2.87,71.04,https://www.youtube.com/results?search_query=2007+Chevrolet+Ain+t+We+Got+Love,87.59,97.84,106.23,91.32,104.36,6.66,Q2,97.84,26.57
2007,41,Bud Light,Anheuser-Busch InBev,BUD,13,7.58,Above Average (Top 25%),True,True,False,False,True,False,False,CBS,93.2,2600000,8.71,6.67,0.66,2.47,77.12,https://www.youtube.com/watch?v=aOfRpCp6Pgw,87.59,97.84,106.23,91.32,104.36,6.66,Q2,97.84,26.57
2007,41,Bud Light,Anheuser-Busch InBev,BUD,13,7.66,Above Average (Top 25%),True,True,False,False,False,True,False,CBS,93.2,2600000,8.82,6.87,0.52,2.47,78.09,https://www.youtube.com/watch?v=osn2rzClKh0,87.59,97.84,106.23,91.32,104.36,6.66,Q2,97.84,26.57
2007,41,Taco Bell,Yum! Brands,YUM,14,7.51,Above Average (Top 25%),False,True,False,False,False,True,False,CBS,93.2,2600000,8.67,8.34,1.11,1.81,50.33,https://www.youtube.com/results?search_query=2007+Taco+Bell+Big+Game,87.59,97.84,106.23,91.32,104.36,6.66,Q2,97.84,26.57
2007,41,Sprint,Sprint / T-Mobile,TMUS,15,7.41,Above Average (Top 25%),True,True,False,False,False,False,False,CBS,93.2,2600000,8.67,6.64,0.1,2.56,65.24,https://www.youtube.com/results?search_query=2007+Sprint+Connectile+Dysfunction,87.59,97.84,106.23,91.32,104.36,6.66,Q2,97.84,26.57
2007,41,Bud Light,Anheuser-Busch InBev,BUD,17,6.94,Above Average (Top 25%),True,True,False,True,False,False,False,CBS,93.2,2600000,7.72,5.95,1.4,4.55,125.91,https://www.youtube.com/watch?v=670X2MCWzK0,87.59,97.84,106.23,91.32,104.36,6.66,Q1,87.59,29.68
2007,41,E-Trade,E*TRADE / Morgan Stanley,MS,19,6.83,Above Average (Top 25%),True,False,True,False,False,False,False,CBS,93.2,2600000,7.52,11.25,0.04,0.91,24.53,https://www.youtube.com/watch?v=jaR5-kefxn4,87.59,97.84,106.23,91.32,104.36,6.66,Q1,87.59,29.68
2007,41,Coca-Cola,The Coca-Cola Company,KO,19,6.84,Above Average (Top 25%),False,True,True,False,True,True,False,CBS,93.2,2600000,6.39,6.28,0.6,0.5,11.45,https://www.youtube.com/watch?v=3Tnm53uXIvg,87.59,97.84,106.23,91.32,104.36,6.66,Q1,87.59,29.68
2007,41,Bud Light,Anheuser-Busch InBev,BUD,20,6.88,Above Average (Top 25%),True,True,False,False,True,False,False,CBS,93.2,2600000,6.93,5.89,0.8,0.65,16.15,https://www.youtube.com/watch?v=qIC90Vnc-OI,87.59,97.84,106.23,91.32,104.36,6.66,Q1,87.59,29.68
2007,41,Budweiser,Anheuser-Busch InBev,BUD,20,6.95,Above Average (Top 25%),False,False,False,False,True,True,False,CBS,93.2,2600000,5.86,5.6,0.53,0.5,10.5,https://www.youtube.com/watch?v=esOPYOeotTU,87.59,97.84,106.23,91.32,104.36,6.66,Q1,87.59,29.68
2007,41,Doritos,PepsiCo (Frito-Lay),PEP,21,6.74,Mid-Tier,True,True,False,False,False,False,True,CBS,93.2,2600000,7.02,8.97,-0.55,0.5,12.58,https://www.youtube.com/watch?v=nIcFZzdXSrU,87.59,97.84,106.23,91.32,104.36,6.66,Q1,87.59,29.68
2007,41,Coca-Cola,The Coca-Cola Company,KO,24,6.59,Mid-Tier,False,True,False,False,False,True,False,CBS,93.2,2600000,5.63,5.91,0.34,0.5,10.09,https://www.youtube.com/watch?v=NwZpO6saPxI,87.59,97.84,106.23,91.32,104.36,6.66,Q1,87.59,29.68
2007,41,Doritos,PepsiCo (Frito-Lay),PEP,25,6.38,Mid-Tier,True,True,False,False,True,False,True,CBS,93.2,2600000,7.0,7.53,0.49,0.5,12.55,https://www.youtube.com/watch?v=kNxgxF-7SfA,87.59,97.84,106.23,91.32,104.36,6.66,Q1,87.59,29.68
2007,41,Bud Light,Anheuser-Busch InBev,BUD,26,6.38,Mid-Tier,True,True,False,False,True,False,False,CBS,93.2,2600000,6.59,5.47,-0.04,0.5,11.81,https://www.youtube.com/watch?v=kH50-giCeDM,87.59,97.84,106.23,91.32,104.36,6.66,Q1,87.59,29.68
2007,41,Toyota,Toyota Motor Corp,TM,30,5.81,Mid-Tier,False,True,False,False,False,False,False,CBS,93.2,2600000,4.7,7.27,-0.15,0.5,8.42,https://www.youtube.com/watch?v=D81uh6I-2Q4,87.59,97.84,106.23,91.32,104.36,6.66,Q1,87.59,29.68
2008,42,Bud Light,Anheuser-Busch InBev,BUD,1,8.31,Ad Meter Winner (#1),True,True,False,True,False,False,True,Fox,97.5,2700000,9.41,6.67,0.11,9.04,307.18,https://www.youtube.com/watch?v=ecqiZn2DDFQ,91.6,102.32,111.09,95.5,109.14,6.67,Q2,102.32,26.39
2008,42,Coca-Cola,The Coca-Cola Company,KO,2,8.4,Top 5 Elite,True,True,False,True,True,True,False,Fox,97.5,2700000,8.78,6.79,2.03,8.78,278.37,https://www.youtube.com/watch?v=-ACk9mRky5k,91.6,102.32,111.09,95.5,109.14,6.67,Q2,102.32,26.39
2008,42,Bud Light,Anheuser-Busch InBev,BUD,5,8.13,Top 5 Elite,True,True,True,True,False,False,True,Fox,97.5,2700000,9.9,6.63,1.03,7.97,284.93,https://www.youtube.com/watch?v=Ao0x4zsb724,91.6,102.32,111.09,95.5,109.14,6.67,Q2,102.32,26.39
2008,42,Coca-Cola,The Coca-Cola Company,KO,12,7.39,Above Average (Top 25%),True,True,True,True,False,False,False,Fox,97.5,2700000,9.41,6.34,1.25,6.08,206.6,https://www.youtube.com/watch?v=2_LWZe2BGaE,91.6,102.32,111.09,95.5,109.14,6.67,Q2,102.32,26.39
2008,42,Audi,Volkswagen Group,VWAGY,13,7.65,Above Average (Top 25%),False,True,False,False,False,True,False,Fox,97.5,2700000,8.72,8.18,0.8,2.61,60.4,https://www.youtube.com/results?search_query=2008+Audi+The+Godfather,91.6,102.32,111.09,95.5,109.14,6.67,Q2,102.32,26.39
2008,42,Bud Light,Anheuser-Busch InBev,BUD,14,7.53,Above Average (Top 25%),True,False,False,False,False,False,False,Fox,97.5,2700000,8.94,5.75,0.49,2.29,73.93,https://www.youtube.com/watch?v=aEWtTVaIH0M,91.6,102.32,111.09,95.5,109.14,6.67,Q2,102.32,26.39
2008,42,Budweiser,Anheuser-Busch InBev,BUD,16,7.07,Above Average (Top 25%),False,True,True,False,False,True,False,Fox,97.5,2700000,6.34,5.92,0.57,0.5,11.45,https://www.youtube.com/watch?v=odpagg0jV6I,91.6,102.32,111.09,95.5,109.14,6.67,Q1,91.6,29.48
2008,42,Bud Light,Anheuser-Busch InBev,BUD,17,7.23,Above Average (Top 25%),True,True,False,False,True,True,False,Fox,97.5,2700000,8.62,6.18,0.4,1.49,46.38,https://www.youtube.com/watch?v=AhqPl1IKVo4,91.6,102.32,111.09,95.5,109.14,6.67,Q1,91.6,29.48
2008,42,Doritos,PepsiCo (Frito-Lay),PEP,18,7.01,Above Average (Top 25%),True,True,False,False,True,False,False,Fox,97.5,2700000,6.73,8.89,-0.19,1.22,29.65,https://www.youtube.com/watch?v=h8qgk5tXuUA,91.6,102.32,111.09,95.5,109.14,6.67,Q1,91.6,29.48
2008,42,Bud Light,Anheuser-Busch InBev,BUD,18,7.17,Above Average (Top 25%),True,True,False,False,False,False,False,Fox,97.5,2700000,9.42,6.69,2.18,1.22,41.5,https://www.youtube.com/watch?v=-axbiEJiRGw,91.6,102.32,111.09,95.5,109.14,6.67,Q1,91.6,29.48
2008,42,Pepsi,PepsiCo,PEP,21,6.98,Mid-Tier,True,False,False,True,True,False,True,Fox,97.5,2700000,7.35,8.09,0.29,3.65,96.88,https://www.youtube.com/watch?v=AKKM8sP24BE,91.6,102.32,111.09,95.5,109.14,6.67,Q1,91.6,29.48
2008,42,Bud Light,Anheuser-Busch InBev,BUD,25,6.27,Mid-Tier,True,True,False,False,False,False,False,Fox,97.5,2700000,6.31,6.46,0.81,0.5,11.39,https://www.youtube.com/watch?v=WX8Du9pusdA,91.6,102.32,111.09,95.5,109.14,6.67,Q1,91.6,29.48
2008,42,Bud Light,Anheuser-Busch InBev,BUD,29,6.06,Mid-Tier,True,True,False,False,False,False,True,Fox,97.5,2700000,4.42,4.7,-0.03,0.5,7.98,https://www.youtube.com/watch?v=cOEMI8HRhlA,91.6,102.32,111.09,95.5,109.14,6.67,Q1,91.6,29.48
2008,42,Hyundai,Hyundai Motor Company,HYMTF,38,5.23,Mid-Tier,False,True,False,False,False,False,False,Fox,97.5,2700000,3.1,8.6,-0.2,0.5,5.6,https://www.youtube.com/watch?v=PsKJUnGEGSs,91.6,102.32,111.09,95.5,109.14,6.67,Q3,95.5,28.27
2009,43,Doritos,PepsiCo (Frito-Lay),PEP,4,8.11,Top 5 Elite,True,True,False,False,True,True,True,NBC,98.7,3000000,9.48,9.47,-0.54,5.55,173.1,https://www.youtube.com/watch?v=7DZao4kN73M,92.81,103.67,112.55,96.76,110.58,6.67,Q2,103.67,28.94
2009,43,Budweiser,Anheuser-Busch InBev,BUD,8,8.05,Top 10 High Performer,True,True,True,False,False,True,False,NBC,98.7,3000000,9.53,5.79,1.28,4.35,136.39,https://www.youtube.com/watch?v=w_ZEGUX4YnI,92.81,103.67,112.55,96.76,110.58,6.67,Q2,103.67,28.94
2009,43,Coca-Cola,The Coca-Cola Company,KO,11,7.58,Above Average (Top 25%),True,True,False,True,True,False,False,NBC,98.7,3000000,9.42,7.45,0.63,7.05,218.49,https://www.youtube.com/watch?v=XKFUcEkIbEg,92.81,103.67,112.55,96.76,110.58,6.67,Q2,103.67,28.94
2009,43,Audi,Volkswagen Group,VWAGY,12,7.43,Above Average (Top 25%),False,True,False,False,True,False,False,NBC,98.7,3000000,8.37,7.36,0.86,2.24,50.07,https://www.youtube.com/results?search_query=2009+Audi+The+Chase,92.81,103.67,112.55,96.76,110.58,6.67,Q2,103.67,28.94
2009,43,Ring,Amazon.com,AMZN,13,7.66,Above Average (Top 25%),False,True,False,False,False,True,False,NBC,98.7,3000000,8.8,8.44,0.44,2.31,50.34,https://www.youtube.com/results?search_query=2009+Ring+The+Potato+Heads,92.81,103.67,112.55,96.76,110.58,6.67,Q2,103.67,28.94
2009,43,Coca-Cola,The Coca-Cola Company,KO,15,7.28,Above Average (Top 25%),True,False,False,False,False,True,False,NBC,98.7,3000000,7.29,7.01,0.47,2.25,53.96,https://www.youtube.com/watch?v=Kwke0LNardc,92.81,103.67,112.55,96.76,110.58,6.67,Q2,103.67,28.94
2009,43,Hyundai,Hyundai Motor Company,HYMTF,16,7.35,Above Average (Top 25%),True,True,False,False,False,False,False,NBC,98.7,3000000,7.61,9.39,0.5,1.95,48.82,https://www.youtube.com/watch?v=puG0WOgAUfs,92.81,103.67,112.55,96.76,110.58,6.67,Q1,92.81,32.32
2009,43,Doritos,PepsiCo (Frito-Lay),PEP,17,7.08,Above Average (Top 25%),True,True,False,False,True,False,False,NBC,98.7,3000000,7.53,8.87,-0.28,1.65,40.88,https://www.youtube.com/watch?v=Fdz0Q0GiEcc,92.81,103.67,112.55,96.76,110.58,6.67,Q1,92.81,32.32
2009,43,Bud Light,Anheuser-Busch InBev,BUD,18,6.92,Above Average (Top 25%),True,True,False,False,True,False,False,NBC,98.7,3000000,7.85,6.99,1.57,1.35,34.87,https://www.youtube.com/watch?v=L1fL0ZHX2t0,92.81,103.67,112.55,96.76,110.58,6.67,Q1,92.81,32.32
2009,43,Bud Light,Anheuser-Busch InBev,BUD,19,7.13,Above Average (Top 25%),True,True,False,False,True,False,True,NBC,98.7,3000000,8.04,6.13,0.48,1.05,27.77,https://www.youtube.com/watch?v=LEVQAU_LITI,92.81,103.67,112.55,96.76,110.58,6.67,Q1,92.81,32.32
2009,43,Doritos,PepsiCo (Frito-Lay),PEP,20,6.81,Above Average (Top 25%),True,True,False,False,False,False,False,NBC,98.7,3000000,6.57,8.76,1.26,0.75,16.21,https://www.youtube.com/watch?v=qKKpRhFcKBk,92.81,103.67,112.55,96.76,110.58,6.67,Q1,92.81,32.32
2009,43,Budweiser,Anheuser-Busch InBev,BUD,21,6.78,Mid-Tier,False,True,True,False,False,True,False,NBC,98.7,3000000,5.53,5.67,-0.76,0.5,9.1,https://www.youtube.com/watch?v=ukpnHh4eEeQ,92.81,103.67,112.55,96.76,110.58,6.67,Q1,92.81,32.32
2009,43,E-Trade,E*TRADE / Morgan Stanley,MS,23,6.61,Mid-Tier,True,True,False,False,False,False,False,NBC,98.7,3000000,6.5,11.2,0.28,0.5,10.69,https://www.youtube.com/watch?v=PlqWRADszb0,92.81,103.67,112.55,96.76,110.58,6.67,Q1,92.81,32.32
2009,43,Pepsi,PepsiCo,PEP,26,6.51,Mid-Tier,True,False,False,False,True,False,False,NBC,98.7,3000000,5.93,7.36,0.41,0.5,9.75,https://www.youtube.com/watch?v=qUZaSf7T7ig,92.81,103.67,112.55,96.76,110.58,6.67,Q1,92.81,32.32
2009,43,Coca-Cola,The Coca-Cola Company,KO,28,6.23,Mid-Tier,False,True,False,False,False,True,False,NBC,98.7,3000000,4.54,5.95,-0.38,0.5,7.47,https://www.youtube.com/watch?v=icV7fGqPZ2I,92.81,103.67,112.55,96.76,110.58,6.67,Q1,92.81,32.32
2009,43,Pepsi,PepsiCo,PEP,28,6.15,Mid-Tier,False,False,True,True,True,False,False,NBC,98.7,3000000,4.07,6.51,-0.5,0.5,6.7,https://www.youtube.com/watch?v=WIzKwJmYLNs,92.81,103.67,112.55,96.76,110.58,6.67,Q1,92.81,32.32
2009,43,Hyundai,Hyundai Motor Company,HYMTF,37,5.37,Mid-Tier,False,True,False,False,False,False,False,NBC,98.7,3000000,4.32,8.33,0.01,0.5,7.11,https://www.youtube.com/watch?v=lzQ2NeqjYS0,92.81,103.67,112.55,96.76,110.58,6.67,Q3,96.76,31.0
2010,44,Snickers,"Mars, Inc.",PRIVATE,1,8.68,Ad Meter Winner (#1),False,True,False,True,True,False,False,CBS,106.5,2800000,10.61,7.03,1.83,6.3,198.68,https://www.youtube.com/results?search_query=2010+Snickers+Betty+White,100.09,111.8,121.39,104.35,119.26,6.67,Q2,111.8,25.04
2010,44,Budweiser,Anheuser-Busch InBev,BUD,7,7.91,Top 10 High Performer,True,True,True,False,False,True,False,CBS,106.5,2800000,9.32,5.93,0.53,4.34,153.85,https://www.youtube.com/watch?v=IQHlA9qKJv4,100.09,111.8,121.39,104.35,119.26,6.67,Q2,111.8,25.04
2010,44,Doritos,PepsiCo (Frito-Lay),PEP,9,7.98,Top 10 High Performer,True,True,False,False,True,True,False,CBS,106.5,2800000,9.23,8.63,1.38,3.78,132.7,https://www.youtube.com/watch?v=UBaZDWIs3fs,100.09,111.8,121.39,104.35,119.26,6.67,Q2,111.8,25.04
2010,44,Dodge,Stellantis,STLA,12,7.72,Above Average (Top 25%),False,True,False,True,False,False,False,CBS,106.5,2800000,8.97,8.13,0.82,2.37,56.27,https://www.youtube.com/results?search_query=2010+Dodge+Woman+Are+Shrill,100.09,111.8,121.39,104.35,119.26,6.67,Q2,111.8,25.04
2010,44,Ring,Amazon.com,AMZN,13,7.4,Above Average (Top 25%),False,True,False,False,False,False,False,CBS,106.5,2800000,7.75,8.24,0.48,1.57,37.87,https://www.youtube.com/results?search_query=2010+Ring+Killer+Whale,100.09,111.8,121.39,104.35,119.26,6.67,Q2,111.8,25.04
2010,44,McDonald's,McDonald's Corporation,MCD,14,7.43,Above Average (Top 25%),False,True,False,True,False,True,False,CBS,106.5,2800000,8.4,7.0,0.85,2.19,49.95,https://www.youtube.com/results?search_query=2010+McDonald+s+Check+This,100.09,111.8,121.39,104.35,119.26,6.67,Q2,111.8,25.04
2010,44,Skechers,Skechers U.S.A.,SKX,15,7.48,Above Average (Top 25%),False,True,False,False,False,False,False,CBS,106.5,2800000,8.34,8.54,0.68,2.5,58.81,https://www.youtube.com/results?search_query=2010+Skechers+Shape+Ups,100.09,111.8,121.39,104.35,119.26,6.67,Q2,111.8,25.04
2010,44,Coca-Cola,The Coca-Cola Company,KO,16,7.34,Above Average (Top 25%),False,True,False,False,False,False,False,CBS,106.5,2800000,7.71,6.97,0.54,2.78,66.7,https://www.youtube.com/results?search_query=2010+Coca+Cola+Africa,100.09,111.8,121.39,104.35,119.26,6.67,Q1,100.09,27.97
2010,44,Doritos,PepsiCo (Frito-Lay),PEP,17,7.06,Above Average (Top 25%),True,True,False,False,True,False,False,CBS,106.5,2800000,7.43,8.36,1.03,1.54,43.52,https://www.youtube.com/watch?v=1ww1k7w4WQ8,100.09,111.8,121.39,104.35,119.26,6.67,Q1,100.09,27.97
2010,44,Bud Light,Anheuser-Busch InBev,BUD,17,7.38,Above Average (Top 25%),True,True,False,True,False,False,False,CBS,106.5,2800000,7.54,6.67,0.9,4.9,140.53,https://www.youtube.com/watch?v=bDhjcP02GQg,100.09,111.8,121.39,104.35,119.26,6.67,Q1,100.09,27.97
2010,44,Kia,Kia Corp,000270.KS,19,6.97,Above Average (Top 25%),True,True,False,False,False,True,True,CBS,106.5,2800000,7.36,9.42,0.17,0.98,27.43,https://www.youtube.com/watch?v=7q2yVq6fDEg,100.09,111.8,121.39,104.35,119.26,6.67,Q1,100.09,27.97
2010,44,Hyundai,Hyundai Motor Company,HYMTF,21,6.64,Mid-Tier,False,False,False,True,False,False,False,CBS,106.5,2800000,5.29,8.99,0.67,0.98,19.72,https://www.youtube.com/watch?v=KqAWv2wCW8I,100.09,111.8,121.39,104.35,119.26,6.67,Q1,100.09,27.97
2010,44,Bud Light,Anheuser-Busch InBev,BUD,23,6.51,Mid-Tier,True,False,False,False,False,False,False,CBS,106.5,2800000,6.98,6.27,-0.41,0.5,13.27,https://www.youtube.com/watch?v=zE7wyUmsM0k,100.09,111.8,121.39,104.35,119.26,6.67,Q1,100.09,27.97
2010,44,Bud Light,Anheuser-Busch InBev,BUD,25,6.46,Mid-Tier,True,False,False,False,True,False,True,CBS,106.5,2800000,6.86,6.17,-0.24,0.5,13.05,https://www.youtube.com/watch?v=agISXMN4tng,100.09,111.8,121.39,104.35,119.26,6.67,Q1,100.09,27.97
2010,44,E-Trade,E*TRADE / Morgan Stanley,MS,25,6.52,Mid-Tier,True,True,False,False,False,False,False,CBS,106.5,2800000,6.69,10.53,-0.57,0.5,12.72,https://www.youtube.com/watch?v=LgiYL1Ry2I8,100.09,111.8,121.39,104.35,119.26,6.67,Q1,100.09,27.97
2010,44,E-Trade,E*TRADE / Morgan Stanley,MS,25,6.2,Mid-Tier,True,True,False,False,False,False,True,CBS,106.5,2800000,5.93,11.71,0.13,0.5,11.28,https://www.youtube.com/watch?v=tbLTl7egwlU,100.09,111.8,121.39,104.35,119.26,6.67,Q1,100.09,27.97
2010,44,Doritos,PepsiCo (Frito-Lay),PEP,27,6.34,Mid-Tier,True,True,False,False,False,False,False,CBS,106.5,2800000,6.03,8.01,0.28,0.5,11.47,https://www.youtube.com/watch?v=2IhJl7mBtls,100.09,111.8,121.39,104.35,119.26,6.67,Q1,100.09,27.97
2010,44,Hyundai,Hyundai Motor Company,HYMTF,31,6.03,Mid-Tier,False,True,True,False,False,False,False,CBS,106.5,2800000,4.77,8.72,-0.12,0.5,9.07,https://www.youtube.com/watch?v=dWQqIeAYfK8,100.09,111.8,121.39,104.35,119.26,6.67,Q3,104.35,26.83
2010,44,E-Trade,E*TRADE / Morgan Stanley,MS,32,5.76,Mid-Tier,True,False,False,False,False,False,False,CBS,106.5,2800000,5.21,10.52,0.67,0.5,9.91,https://www.youtube.com/watch?v=tVrE5-eiSNA,100.09,111.8,121.39,104.35,119.26,6.67,Q3,104.35,26.83
2010,44,NFL,National Football League,PRIVATE,33,5.72,Mid-Tier,False,False,True,False,False,False,False,CBS,106.5,2800000,3.57,9.17,-0.89,0.5,6.79,https://www.youtube.com/watch?v=6cMHr8goUgU,100.09,111.8,121.39,104.35,119.26,6.67,Q3,104.35,26.83
2011,45,Doritos,PepsiCo (Frito-Lay),PEP,6,8.08,Top 10 High Performer,True,True,False,False,True,True,False,Fox,111.0,3100000,10.74,8.94,0.91,5.12,196.9,https://www.youtube.com/watch?v=1A6frF5zfDE,104.35,116.56,126.55,108.79,124.33,6.67,Q2,116.56,26.6
2011,45,Bud Light,Anheuser-Busch InBev,BUD,9,8.1,Top 10 High Performer,True,True,False,False,False,True,False,Fox,111.0,3100000,8.81,6.27,1.16,4.19,132.18,https://www.youtube.com/watch?v=JJn1vM7LB1Y,104.35,116.56,126.55,108.79,124.33,6.67,Q2,116.56,26.6
2011,45,Verizon,Verizon Communications,VZ,12,7.6,Above Average (Top 25%),False,True,False,False,False,False,False,Fox,111.0,3100000,8.54,6.89,1.2,2.91,61.03,https://www.youtube.com/results?search_query=2011+Verizon+I+Can+Hear+You+Now,104.35,116.56,126.55,108.79,124.33,6.67,Q2,116.56,26.6
2011,45,Audi,Volkswagen Group,VWAGY,14,7.35,Above Average (Top 25%),False,True,False,True,False,False,False,Fox,111.0,3100000,8.32,7.18,0.2,3.21,67.92,https://www.youtube.com/results?search_query=2011+Audi+Old+Luxury,104.35,116.56,126.55,108.79,124.33,6.67,Q2,116.56,26.6
2011,45,Coca-Cola,The Coca-Cola Company,KO,18,7.11,Above Average (Top 25%),True,False,False,False,True,True,False,Fox,111.0,3100000,7.98,7.4,0.04,1.4,40.0,https://www.youtube.com/watch?v=nAJvHsVoLq0,104.35,116.56,126.55,108.79,124.33,6.67,Q1,104.35,29.71
2011,45,Hyundai,Hyundai Motor Company,HYMTF,18,6.94,Above Average (Top 25%),True,False,False,False,False,False,False,Fox,111.0,3100000,7.76,9.33,1.0,1.4,38.9,https://www.youtube.com/watch?v=5ofcQl6gWeE,104.35,116.56,126.55,108.79,124.33,6.67,Q1,104.35,29.71
2011,45,Hyundai,Hyundai Motor Company,HYMTF,19,6.76,Above Average (Top 25%),False,False,False,False,False,True,False,Fox,111.0,3100000,5.03,8.44,1.03,0.5,9.01,https://www.youtube.com/watch?v=32d5c_IW2Xc,104.35,116.56,126.55,108.79,124.33,6.67,Q1,104.35,29.71
2011,45,Pepsi,PepsiCo,PEP,19,6.75,Above Average (Top 25%),True,True,False,False,True,False,True,Fox,111.0,3100000,7.62,7.81,0.88,1.08,29.47,https://www.youtube.com/watch?v=r4eyQBvcBUA,104.35,116.56,126.55,108.79,124.33,6.67,Q1,104.35,29.71
2011,45,Kia,Kia Corp,000270.KS,25,6.27,Mid-Tier,True,True,False,False,True,False,True,Fox,111.0,3100000,6.9,9.39,-0.27,0.5,12.35,https://www.youtube.com/watch?v=8FMU5yPZgwM,104.35,116.56,126.55,108.79,124.33,6.67,Q1,104.35,29.71
2011,45,Hyundai,Hyundai Motor Company,HYMTF,37,5.24,Mid-Tier,False,False,False,False,False,False,False,Fox,111.0,3100000,3.51,8.23,0.21,0.5,6.28,https://www.youtube.com/watch?v=-BVMOKtawUk,104.35,116.56,126.55,108.79,124.33,6.67,Q3,108.79,28.5
2011,45,Coca-Cola,The Coca-Cola Company,KO,44,4.85,Below Average,False,False,False,False,False,False,False,Fox,111.0,3100000,2.09,5.46,0.1,0.5,3.74,https://www.youtube.com/watch?v=Aw6-aXMBseo,104.35,116.56,126.55,108.79,124.33,6.67,Q3,108.79,28.5
2012,46,Doritos,PepsiCo (Frito-Lay),PEP,1,8.33,Ad Meter Winner (#1),True,True,False,False,False,False,False,NBC,111.3,3500000,10.29,9.11,0.98,7.52,246.07,https://www.youtube.com/watch?v=6SWNLDdnz0A,104.67,116.92,126.94,109.12,124.71,6.66,Q2,116.92,29.93
2012,46,Bud Light,Anheuser-Busch InBev,BUD,5,8.09,Top 5 Elite,True,True,False,False,False,True,True,NBC,111.3,3500000,8.7,6.66,0.96,6.12,169.32,https://www.youtube.com/watch?v=Qr3GJqccGi4,104.67,116.92,126.94,109.12,124.71,6.66,Q2,116.92,29.93
2012,46,M&M's,"Mars, Inc.",PRIVATE,5,7.82,Top 5 Elite,False,True,False,False,False,False,True,NBC,111.3,3500000,9.32,7.89,0.74,6.43,152.16,https://www.youtube.com/results?search_query=2012+M+M+s+Just+My+Shell,104.67,116.92,126.94,109.12,124.71,6.66,Q2,116.92,29.93
2012,46,Audi,Volkswagen Group,VWAGY,12,7.59,Above Average (Top 25%),False,True,False,False,False,False,False,NBC,111.3,3500000,8.24,7.78,0.51,3.06,58.2,https://www.youtube.com/results?search_query=2012+Audi+Vampire+Party,104.67,116.92,126.94,109.12,124.71,6.66,Q2,116.92,29.93
2012,46,Doritos,PepsiCo (Frito-Lay),PEP,13,7.35,Above Average (Top 25%),True,False,False,False,True,True,False,NBC,111.3,3500000,8.08,8.85,1.24,3.32,85.31,https://www.youtube.com/watch?v=kMmd0WaQFGE,104.67,116.92,126.94,109.12,124.71,6.66,Q2,116.92,29.93
2012,46,Toyota,Toyota Motor Corp,TM,13,7.53,Above Average (Top 25%),True,True,False,False,True,True,True,NBC,111.3,3500000,7.39,8.62,1.52,3.32,78.02,https://www.youtube.com/watch?v=oYdJKey7VpU,104.67,116.92,126.94,109.12,124.71,6.66,Q2,116.92,29.93
2012,46,Hyundai,Hyundai Motor Company,HYMTF,15,7.43,Above Average (Top 25%),True,True,False,False,True,False,False,NBC,111.3,3500000,8.38,9.58,-0.39,2.62,69.82,https://www.youtube.com/watch?v=UxQKSCpOIOI,104.67,116.92,126.94,109.12,124.71,6.66,Q2,116.92,29.93
2012,46,Kia,Kia Corp,000270.KS,15,7.45,Above Average (Top 25%),True,False,False,True,False,False,True,NBC,111.3,3500000,9.27,10.55,0.88,6.83,201.34,https://www.youtube.com/watch?v=9RI6OGXq11Y,104.67,116.92,126.94,109.12,124.71,6.66,Q2,116.92,29.93
2012,46,Budweiser,Anheuser-Busch InBev,BUD,19,7.15,Above Average (Top 25%),False,True,True,False,False,True,False,NBC,111.3,3500000,7.48,5.53,0.97,0.5,11.89,https://www.youtube.com/watch?v=TieDNumMwOc,104.67,116.92,126.94,109.12,124.71,6.66,Q1,104.67,33.44
2012,46,Budweiser,Anheuser-Busch InBev,BUD,22,6.78,Mid-Tier,False,True,True,False,False,True,True,NBC,111.3,3500000,6.75,5.23,1.54,0.5,10.73,https://www.youtube.com/watch?v=_GeiOdHsW_8,104.67,116.92,126.94,109.12,124.71,6.66,Q1,104.67,33.44
2012,46,Pepsi,PepsiCo,PEP,23,6.57,Mid-Tier,False,True,False,True,False,False,False,NBC,111.3,3500000,5.91,8.16,1.56,0.53,9.96,https://www.youtube.com/watch?v=3rZs8ZKTsp0,104.67,116.92,126.94,109.12,124.71,6.66,Q1,104.67,33.44
2012,46,NFL,National Football League,PRIVATE,28,6.05,Mid-Tier,False,True,False,True,False,False,False,NBC,111.3,3500000,4.29,10.09,-0.25,0.5,6.82,https://www.youtube.com/watch?v=CPr4-P19NtE,104.67,116.92,126.94,109.12,124.71,6.66,Q1,104.67,33.44
2012,46,E-Trade,E*TRADE / Morgan Stanley,MS,29,6.11,Mid-Tier,True,False,False,False,False,False,False,NBC,111.3,3500000,6.29,10.48,0.28,0.5,10.0,https://www.youtube.com/watch?v=fObt1E6Ij_E,104.67,116.92,126.94,109.12,124.71,6.66,Q1,104.67,33.44
2012,46,Coca-Cola,The Coca-Cola Company,KO,30,5.91,Mid-Tier,False,True,False,False,False,True,False,NBC,111.3,3500000,4.17,6.1,-0.23,0.5,6.63,https://www.youtube.com/watch?v=x1nttVdja9s,104.67,116.92,126.94,109.12,124.71,6.66,Q1,104.67,33.44
2012,46,Coca-Cola,The Coca-Cola Company,KO,31,6.01,Mid-Tier,False,True,False,False,False,True,False,NBC,111.3,3500000,5.18,7.19,0.54,0.5,8.24,https://www.youtube.com/watch?v=jhvAXT9R_3U,104.67,116.92,126.94,109.12,124.71,6.66,Q3,109.12,32.07
2012,46,Bud Light,Anheuser-Busch InBev,BUD,38,5.32,Mid-Tier,False,True,False,False,False,False,False,NBC,111.3,3500000,3.62,4.95,-0.61,0.5,5.76,https://www.youtube.com/watch?v=3LPLXuHlOCI,104.67,116.92,126.94,109.12,124.71,6.66,Q3,109.12,32.07
2012,46,Coca-Cola,The Coca-Cola Company,KO,41,5.18,Below Average,False,True,False,False,True,True,False,NBC,111.3,3500000,2.55,5.8,0.25,0.5,4.05,https://www.youtube.com/watch?v=S2nBBMbjS8w,104.67,116.92,126.94,109.12,124.71,6.66,Q3,109.12,32.07
2013,47,Hyundai,Hyundai Motor Company,HYMTF,3,8.4,Top 5 Elite,True,True,False,False,True,True,False,CBS,108.7,4000000,10.76,9.56,0.78,7.8,228.07,https://www.youtube.com/watch?v=WTf0XGpINJI,102.17,114.12,123.91,106.52,121.73,6.67,Q2,114.12,35.05
2013,47,Hyundai,Hyundai Motor Company,HYMTF,3,8.28,Top 5 Elite,True,True,False,False,True,True,False,CBS,108.7,4000000,9.58,9.75,1.87,7.8,203.06,https://www.youtube.com/watch?v=jvm68nEAU7o,102.17,114.12,123.91,106.52,121.73,6.67,Q2,114.12,35.05
2013,47,Bud Light,Anheuser-Busch InBev,BUD,5,8.4,Top 5 Elite,True,True,True,True,True,True,True,CBS,108.7,4000000,9.81,6.88,0.72,11.8,314.57,https://www.youtube.com/watch?v=7HMTkEMdqBQ,102.17,114.12,123.91,106.52,121.73,6.67,Q2,114.12,35.05
2013,47,Audi,Volkswagen Group,VWAGY,5,7.3,Top 5 Elite,False,True,False,False,False,False,False,CBS,108.7,4000000,7.36,7.59,0.87,6.85,143.55,https://www.youtube.com/results?search_query=2013+Audi+Prom,102.17,114.12,123.91,106.52,121.73,6.67,Q2,114.12,35.05
2013,47,Doritos,PepsiCo (Frito-Lay),PEP,8,7.81,Top 10 High Performer,True,True,False,False,False,True,False,CBS,108.7,4000000,9.48,8.4,1.21,5.8,149.42,https://www.youtube.com/watch?v=DoM6IhfY8No,102.17,114.12,123.91,106.52,121.73,6.67,Q2,114.12,35.05
2013,47,E-Trade,E*TRADE / Morgan Stanley,MS,12,7.42,Above Average (Top 25%),True,True,False,False,False,True,False,CBS,108.7,4000000,8.37,10.91,0.27,4.2,95.53,https://www.youtube.com/watch?v=F0nhq4GO90s,102.17,114.12,123.91,106.52,121.73,6.67,Q2,114.12,35.05
2013,47,Subway,Subway IP / Roark Capital,PRIVATE,13,7.52,Above Average (Top 25%),False,True,False,True,False,False,False,CBS,108.7,4000000,8.53,6.73,1.48,3.73,64.3,https://www.youtube.com/results?search_query=2013+Subway+15+Years+in+the+Making,102.17,114.12,123.91,106.52,121.73,6.67,Q2,114.12,35.05
2013,47,Skechers,Skechers U.S.A.,SKX,14,7.2,Above Average (Top 25%),False,True,False,False,True,False,False,CBS,108.7,4000000,7.72,8.8,0.72,3.25,51.27,https://www.youtube.com/results?search_query=2013+Skechers+The+Chase,102.17,114.12,123.91,106.52,121.73,6.67,Q2,114.12,35.05
2013,47,Budweiser,Anheuser-Busch InBev,BUD,15,7.48,Above Average (Top 25%),False,True,False,False,False,True,False,CBS,108.7,4000000,6.91,6.87,1.33,0.5,9.39,https://www.youtube.com/watch?v=eJucRz8kYo0,102.17,114.12,123.91,106.52,121.73,6.67,Q2,114.12,35.05
2013,47,Dodge,Stellantis,STLA,16,7.51,Above Average (Top 25%),False,True,False,False,False,False,False,CBS,108.7,4000000,8.23,6.76,0.75,3.92,60.48,https://www.youtube.com/results?search_query=2013+Dodge+So+God+Made+a+Farmer,102.17,114.12,123.91,106.52,121.73,6.67,Q1,102.17,39.15
2013,47,Doritos,PepsiCo (Frito-Lay),PEP,17,6.96,Above Average (Top 25%),True,True,False,False,False,False,False,CBS,108.7,4000000,7.04,7.62,1.34,2.2,42.09,https://www.youtube.com/watch?v=w_2k5LMeduc,102.17,114.12,123.91,106.52,121.73,6.67,Q1,102.17,39.15
2013,47,Bud Light,Anheuser-Busch InBev,BUD,19,6.91,Above Average (Top 25%),True,True,False,True,False,False,False,CBS,108.7,4000000,8.42,5.53,-0.33,6.2,141.86,https://www.youtube.com/watch?v=leptS7k6sLE,102.17,114.12,123.91,106.52,121.73,6.67,Q1,102.17,39.15
2013,47,Kia,Kia Corp,000270.KS,20,6.88,Above Average (Top 25%),True,False,False,False,False,True,True,CBS,108.7,4000000,8.14,10.66,-0.11,1.0,22.12,https://www.youtube.com/watch?v=k5vbGQb7jR0,102.17,114.12,123.91,106.52,121.73,6.67,Q1,102.17,39.15
2013,47,Kia,Kia Corp,000270.KS,26,6.3,Mid-Tier,True,True,False,False,True,False,True,CBS,108.7,4000000,7.63,9.49,1.0,0.5,10.37,https://www.youtube.com/watch?v=yhPBzlB6VJI,102.17,114.12,123.91,106.52,121.73,6.67,Q1,102.17,39.15
2013,47,Hyundai,Hyundai Motor Company,HYMTF,27,6.24,Mid-Tier,False,False,False,False,False,True,False,CBS,108.7,4000000,4.39,8.83,1.35,0.5,5.96,https://www.youtube.com/watch?v=YyKVvAZSAug,102.17,114.12,123.91,106.52,121.73,6.67,Q1,102.17,39.15
2013,47,Budweiser,Anheuser-Busch InBev,BUD,33,5.9,Mid-Tier,False,True,False,False,False,False,True,CBS,108.7,4000000,3.96,4.68,-0.74,0.5,5.38,https://www.youtube.com/watch?v=2WNvlXoDs7w,102.17,114.12,123.91,106.52,121.73,6.67,Q3,106.52,37.55
2013,47,Pepsi,PepsiCo,PEP,33,5.53,Mid-Tier,True,False,False,False,False,False,True,CBS,108.7,4000000,4.12,7.07,-1.0,0.5,5.6,https://www.youtube.com/watch?v=WAySopBmbtI,102.17,114.12,123.91,106.52,121.73,6.67,Q3,106.52,37.55
2013,47,Budweiser,Anheuser-Busch InBev,BUD,37,5.44,Mid-Tier,False,True,False,False,False,False,True,CBS,108.7,4000000,3.12,4.36,1.05,0.5,4.24,https://www.youtube.com/watch?v=AMP9fgyi41M,102.17,114.12,123.91,106.52,121.73,6.67,Q3,106.52,37.55
2013,47,Hyundai,Hyundai Motor Company,HYMTF,37,5.44,Mid-Tier,False,True,False,False,False,False,False,CBS,108.7,4000000,3.14,7.99,-0.34,0.5,4.27,https://www.youtube.com/watch?v=mOatp4Xi7IU,102.17,114.12,123.91,106.52,121.73,6.67,Q3,106.52,37.55
2014,48,Budweiser,Anheuser-Busch InBev,BUD,1,8.29,Ad Meter Winner (#1),False,False,True,False,False,True,False,Fox,112.2,4000000,8.92,5.88,1.42,4.6,115.09,https://www.youtube.com/watch?v=XxfxB0O9Uuk,105.46,117.8,127.9,109.95,92.0,-21.9,Q2,117.8,33.96
2014,48,Toyota,Toyota Motor Corp,TM,5,8.4,Top 5 Elite,True,True,False,True,False,True,False,Fox,112.2,4000000,10.84,8.39,0.03,11.8,358.79,https://www.youtube.com/watch?v=b01P9PaaoLk,105.46,117.8,127.9,109.95,92.0,-21.9,Q2,117.8,33.96
2014,48,Audi,Volkswagen Group,VWAGY,6,7.55,Top 10 High Performer,False,True,False,False,False,False,False,Fox,112.2,4000000,8.02,8.21,1.41,5.76,112.94,https://www.youtube.com/results?search_query=2014+Audi+Doberhuahua,105.46,117.8,127.9,109.95,92.0,-21.9,Q2,117.8,33.96
2014,48,Doritos,PepsiCo (Frito-Lay),PEP,8,8.01,Top 10 High Performer,True,True,False,False,False,True,False,Fox,112.2,4000000,9.62,8.74,1.18,5.8,156.51,https://www.youtube.com/watch?v=Y-P0Hs0ADJY,105.46,117.8,127.9,109.95,92.0,-21.9,Q2,117.8,33.96
2014,48,Doritos,PepsiCo (Frito-Lay),PEP,9,8.02,Top 10 High Performer,True,True,False,False,True,True,False,Fox,112.2,4000000,9.47,8.67,0.19,5.4,143.44,https://www.youtube.com/watch?v=1X_M47SQF6s,105.46,117.8,127.9,109.95,92.0,-21.9,Q2,117.8,33.96
2014,48,WeatherTech,MacNeil Automotive Products,PRIVATE,12,7.48,Above Average (Top 25%),False,True,False,False,False,False,False,Fox,112.2,4000000,7.86,7.29,1.27,2.43,33.0,https://www.youtube.com/results?search_query=2014+WeatherTech+WeatherTech+You+Can+t+Do+That,105.46,117.8,127.9,109.95,92.0,-21.9,Q2,117.8,33.96
2014,48,Hyundai,Hyundai Motor Company,HYMTF,15,7.36,Above Average (Top 25%),True,True,False,True,True,False,True,Fox,112.2,4000000,8.5,9.86,-0.34,7.8,185.97,https://www.youtube.com/watch?v=2jMWybAKjWw,105.46,117.8,127.9,109.95,92.0,-21.9,Q2,117.8,33.96
2014,48,Bud Light,Anheuser-Busch InBev,BUD,16,7.07,Above Average (Top 25%),False,True,False,True,False,True,True,Fox,112.2,4000000,6.09,5.95,1.3,3.4,58.08,https://www.youtube.com/watch?v=PnOW5qj_R6A,105.46,117.8,127.9,109.95,92.0,-21.9,Q1,105.46,37.93
2014,48,Budweiser,Anheuser-Busch InBev,BUD,19,6.97,Above Average (Top 25%),False,False,True,False,False,True,False,Fox,112.2,4000000,6.69,6.04,-0.04,0.5,9.38,https://www.youtube.com/watch?v=gUGGepL5gGU,105.46,117.8,127.9,109.95,92.0,-21.9,Q1,105.46,37.93
2014,48,Coca-Cola,The Coca-Cola Company,KO,22,6.51,Mid-Tier,False,True,True,False,False,True,False,Fox,112.2,4000000,5.51,7.29,0.62,0.5,7.73,https://www.youtube.com/watch?v=D4BC8zUfNhU,105.46,117.8,127.9,109.95,92.0,-21.9,Q1,105.46,37.93
2014,48,Bud Light,Anheuser-Busch InBev,BUD,24,6.46,Mid-Tier,True,True,False,True,False,False,True,Fox,112.2,4000000,6.55,6.43,0.35,4.2,77.17,,105.46,117.8,127.9,109.95,92.0,-21.9,Q1,105.46,37.93
2014,48,Coca-Cola,The Coca-Cola Company,KO,27,6.14,Mid-Tier,True,False,False,False,False,False,False,Fox,112.2,4000000,5.34,6.11,1.33,0.5,7.49,https://www.youtube.com/watch?v=nO-8ZY7p95o,105.46,117.8,127.9,109.95,92.0,-21.9,Q1,105.46,37.93
2014,48,Hyundai,Hyundai Motor Company,HYMTF,31,6.09,Mid-Tier,True,False,False,False,True,False,True,Fox,112.2,4000000,5.5,9.18,1.06,0.5,7.71,https://www.youtube.com/watch?v=CyK63f0I1P0,105.46,117.8,127.9,109.95,92.0,-21.9,Q3,109.95,36.38
2014,48,Kia,Kia Corp,000270.KS,35,5.5,Mid-Tier,False,False,False,True,True,False,False,Fox,112.2,4000000,3.66,9.28,-0.13,0.5,5.13,https://www.youtube.com/watch?v=FTNMYoKHwvU,105.46,117.8,127.9,109.95,92.0,-21.9,Q3,109.95,36.38
2014,48,Bud Light,Anheuser-Busch InBev,BUD,35,5.56,Mid-Tier,False,True,False,False,False,False,False,Fox,112.2,4000000,3.67,4.88,1.05,0.5,5.15,https://www.youtube.com/watch?v=_l1nWWiut0I,105.46,117.8,127.9,109.95,92.0,-21.9,Q3,109.95,36.38
2014,48,NFL,National Football League,PRIVATE,35,5.39,Mid-Tier,False,True,False,False,False,False,False,Fox,112.2,4000000,3.53,9.27,-1.16,0.5,4.95,,105.46,117.8,127.9,109.95,92.0,-21.9,Q3,109.95,36.38
2015,49,Budweiser,Anheuser-Busch InBev,BUD,1,8.1,Ad Meter Winner (#1),False,True,True,False,True,True,False,NBC,114.4,4500000,8.51,6.19,1.97,5.17,111.85,https://www.youtube.com/watch?v=otCxSnu_HXA,107.57,120.16,130.46,112.15,128.17,6.67,Q2,120.16,37.45
2015,49,Budweiser,Anheuser-Busch InBev,BUD,3,8.4,Top 5 Elite,True,True,False,False,True,True,False,NBC,114.4,4500000,9.25,6.02,0.78,8.78,206.47,https://www.youtube.com/watch?v=5tso0er4EUI,107.57,120.16,130.46,112.15,128.17,6.67,Q2,120.16,37.45
2015,49,Doritos,PepsiCo (Frito-Lay),PEP,3,8.4,Top 5 Elite,True,True,True,False,False,True,False,NBC,114.4,4500000,9.79,8.9,1.77,8.78,218.52,https://www.youtube.com/watch?v=YQo0TfuueaY,107.57,120.16,130.46,112.15,128.17,6.67,Q2,120.16,37.45
2015,49,Snickers,"Mars, Inc.",PRIVATE,4,7.78,Top 5 Elite,False,True,False,False,False,False,False,NBC,114.4,4500000,9.08,7.49,0.62,7.48,137.6,https://www.youtube.com/results?search_query=2015+Snickers+The+Brady+Bunch,107.57,120.16,130.46,112.15,128.17,6.67,Q2,120.16,37.45
2015,49,Kia,Kia Corp,000270.KS,7,8.0,Top 10 High Performer,True,True,False,True,True,True,True,NBC,114.4,4500000,8.57,9.53,1.72,12.38,269.72,https://www.youtube.com/watch?v=nayeYTmEdYw,107.57,120.16,130.46,112.15,128.17,6.67,Q2,120.16,37.45
2015,49,Bud Light,Anheuser-Busch InBev,BUD,12,7.45,Above Average (Top 25%),False,True,False,False,False,False,False,NBC,114.4,4500000,8.12,5.82,1.17,4.19,57.66,https://www.youtube.com/results?search_query=2015+Bud+Light+Coin,107.57,120.16,130.46,112.15,128.17,6.67,Q2,120.16,37.45
2015,49,Chevrolet,General Motors,GM,12,7.15,Above Average (Top 25%),False,True,False,True,False,False,False,NBC,114.4,4500000,7.5,7.46,0.48,2.67,37.32,https://www.youtube.com/results?search_query=2015+Chevrolet+Super+Bowl+Blackout,107.57,120.16,130.46,112.15,128.17,6.67,Q2,120.16,37.45
2015,49,Skittles,"Mars, Inc.",PRIVATE,13,7.49,Above Average (Top 25%),False,True,False,False,False,False,False,NBC,114.4,4500000,8.14,7.53,1.44,4.79,67.23,https://www.youtube.com/results?search_query=2015+Skittles+It+Will+be+Settled,107.57,120.16,130.46,112.15,128.17,6.67,Q2,120.16,37.45
2015,49,Budweiser,Anheuser-Busch InBev,BUD,14,7.4,Above Average (Top 25%),False,True,True,False,False,True,False,NBC,114.4,4500000,7.01,5.72,-0.17,0.5,8.91,https://www.youtube.com/watch?v=7_EfXuGev24,107.57,120.16,130.46,112.15,128.17,6.67,Q2,120.16,37.45
2015,49,BMW,BMW Group,BMWYY,15,7.39,Above Average (Top 25%),False,True,False,True,False,False,False,NBC,114.4,4500000,7.47,8.08,0.34,3.95,61.28,https://www.youtube.com/results?search_query=2015+BMW+Newfangled+Idea,107.57,120.16,130.46,112.15,128.17,6.67,Q2,120.16,37.45
2015,49,Doritos,PepsiCo (Frito-Lay),PEP,16,7.18,Above Average (Top 25%),True,False,False,False,False,False,True,NBC,114.4,4500000,8.09,8.55,0.4,2.93,60.26,https://www.youtube.com/watch?v=2JqRXLQYF9o,107.57,120.16,130.46,112.15,128.17,6.67,Q1,107.57,41.83
2015,49,Dodge,Stellantis,STLA,17,7.35,Above Average (Top 25%),False,True,False,False,False,False,False,NBC,114.4,4500000,7.84,6.62,0.4,4.36,64.78,https://www.youtube.com/results?search_query=2015+Dodge+Wisdom,107.57,120.16,130.46,112.15,128.17,6.67,Q1,107.57,41.83
2015,49,Jeep,Stellantis,STLA,18,7.22,Above Average (Top 25%),False,True,False,False,False,False,False,NBC,114.4,4500000,7.96,7.38,0.14,4.5,63.88,https://www.youtube.com/results?search_query=2015+Jeep+Beautiful+Lands,107.57,120.16,130.46,112.15,128.17,6.67,Q1,107.57,41.83
2015,49,T-Mobile,T-Mobile US,TMUS,18,6.95,Above Average (Top 25%),False,True,False,False,False,False,False,NBC,114.4,4500000,7.06,8.03,0.13,2.86,42.54,https://www.youtube.com/results?search_query=2015+T+Mobile+KimsDataStash,107.57,120.16,130.46,112.15,128.17,6.67,Q1,107.57,41.83
2015,49,Mercedes-Benz,Mercedes-Benz Group,MBGYY,19,6.9,Above Average (Top 25%),False,True,False,False,False,False,False,NBC,114.4,4500000,6.61,7.1,0.62,4.99,71.64,https://www.youtube.com/results?search_query=2015+Mercedes+Benz+Fable,107.57,120.16,130.46,112.15,128.17,6.67,Q1,107.57,41.83
2015,49,WeatherTech,MacNeil Automotive Products,PRIVATE,20,7.18,Above Average (Top 25%),False,True,True,False,False,False,False,NBC,114.4,4500000,8.08,7.77,0.86,3.34,48.29,https://www.youtube.com/results?search_query=2015+WeatherTech+America+At+Work,107.57,120.16,130.46,112.15,128.17,6.67,Q1,107.57,41.83
2015,49,Avocados from Mexico,Avocados From Mexico,PRIVATE,21,6.96,Mid-Tier,False,True,False,False,False,True,False,NBC,114.4,4500000,7.41,7.48,0.04,1.09,13.52,https://www.youtube.com/results?search_query=2015+Avocados+from+Mexico+First+Draft+Ever,107.57,120.16,130.46,112.15,128.17,6.67,Q1,107.57,41.83
2015,49,Doritos,PepsiCo (Frito-Lay),PEP,22,6.76,Mid-Tier,True,False,False,False,True,False,True,NBC,114.4,4500000,6.93,8.14,0.93,0.5,8.81,,107.57,120.16,130.46,112.15,128.17,6.67,Q1,107.57,41.83
2015,49,McDonald's,McDonald's Corporation,MCD,23,6.93,Mid-Tier,True,True,False,False,False,False,False,NBC,114.4,4500000,7.1,8.14,-0.12,0.87,8.2,https://www.youtube.com/results?search_query=2015+McDonald+s+Pay+With+Lovin,107.57,120.16,130.46,112.15,128.17,6.67,Q1,107.57,41.83
2015,49,Sprint,Sprint / T-Mobile,TMUS,24,6.88,Mid-Tier,False,True,False,False,False,True,False,NBC,114.4,4500000,7.17,6.89,0.19,0.78,11.48,https://www.youtube.com/results?search_query=2015+Sprint+Super+Apology,107.57,120.16,130.46,112.15,128.17,6.67,Q1,107.57,41.83
2015,49,Skechers,Skechers U.S.A.,SKX,25,6.89,Mid-Tier,False,True,False,False,False,True,False,NBC,114.4,4500000,6.84,9.19,0.4,0.5,7.86,https://www.youtube.com/results?search_query=2015+Skechers+Hall,107.57,120.16,130.46,112.15,128.17,6.67,Q1,107.57,41.83
2015,49,TurboTax,Intuit Inc.,INTU,26,6.49,Mid-Tier,False,True,True,False,False,False,False,NBC,114.4,4500000,5.85,12.08,-0.15,0.95,7.54,https://www.youtube.com/results?search_query=2015+TurboTax+Boston+Tea+Party,107.57,120.16,130.46,112.15,128.17,6.67,Q1,107.57,41.83
2015,49,Microsoft,Microsoft Corporation,MSFT,27,6.78,Mid-Tier,False,True,False,False,False,False,False,NBC,114.4,4500000,6.64,11.8,-0.11,0.5,6.01,https://www.youtube.com/results?search_query=2015+Microsoft+Braylon+O+Neill,107.57,120.16,130.46,112.15,128.17,6.67,Q1,107.57,41.83
2015,49,Wix,Wix.com,WIX,28,6.57,Mid-Tier,False,True,False,True,False,False,False,NBC,114.4,4500000,6.01,11.43,0.52,1.1,10.55,https://www.youtube.com/results?search_query=2015+Wix+It+s+That+Easy,107.57,120.16,130.46,112.15,128.17,6.67,Q1,107.57,41.83
2015,49,Toyota,Toyota Motor Corp,TM,29,6.15,Mid-Tier,False,True,True,False,False,False,False,NBC,114.4,4500000,5.06,7.62,-0.17,0.5,6.43,https://www.youtube.com/watch?v=9u4--TxE2gI,107.57,120.16,130.46,112.15,128.17,6.67,Q1,107.57,41.83
2015,49,Pepsi,PepsiCo,PEP,30,6.12,Mid-Tier,False,True,False,False,False,True,False,NBC,114.4,4500000,4.72,7.06,0.18,0.5,6.0,https://www.youtube.com/watch?v=IUU_ygKs3jA,107.57,120.16,130.46,112.15,128.17,6.67,Q1,107.57,41.83
2015,49,GoDaddy,GoDaddy Inc.,GDDY,31,6.23,Mid-Tier,False,True,False,False,False,False,False,NBC,114.4,4500000,5.42,10.81,-0.23,1.12,15.66,https://www.youtube.com/results?search_query=2015+GoDaddy+Working,107.57,120.16,130.46,112.15,128.17,6.67,Q3,112.15,40.12
2015,49,Squarespace,"Squarespace, Inc.",SQSP,32,6.28,Mid-Tier,False,True,False,True,False,False,False,NBC,114.4,4500000,5.4,11.51,-0.05,0.84,9.4,https://www.youtube.com/results?search_query=2015+Squarespace+Om,107.57,120.16,130.46,112.15,128.17,6.67,Q3,112.15,40.12
2015,49,Coca-Cola,The Coca-Cola Company,KO,41,5.07,Below Average,False,False,False,False,False,False,False,NBC,114.4,4500000,3.04,6.57,-0.84,0.5,3.86,https://www.youtube.com/watch?v=1AeG8tCzTGw,107.57,120.16,130.46,112.15,128.17,6.67,Q3,112.15,40.12
2016,50,Hyundai,Hyundai Motor Company,HYMTF,1,8.21,Ad Meter Winner (#1),True,True,False,True,False,True,True,CBS,111.9,5000000,9.76,8.54,0.48,16.75,365.87,https://www.youtube.com/watch?v=wBcijELzZi4,105.15,117.45,127.52,109.62,125.28,6.67,Q2,117.45,42.57
2016,50,Bud Light,Anheuser-Busch InBev,BUD,2,8.4,Top 5 Elite,True,True,True,True,False,True,False,CBS,111.9,5000000,10.45,6.27,1.5,16.25,380.04,https://www.youtube.com/watch?v=e0ez2t6oRWY,105.15,117.45,127.52,109.62,125.28,6.67,Q2,117.45,42.57
2016,50,Honda,Honda Motor Co.,HMC,2,6.85,Top 5 Elite,False,True,False,False,False,True,False,CBS,111.9,5000000,7.01,7.66,0.51,8.66,139.38,https://www.youtube.com/results?search_query=2016+Honda+A+New+Truck+to+Love,105.15,117.45,127.52,109.62,125.28,6.67,Q2,117.45,42.57
2016,50,Audi,Volkswagen Group,VWAGY,5,6.7,Top 5 Elite,False,True,False,True,False,False,False,CBS,111.9,5000000,7.15,8.33,-0.09,10.72,176.4,https://www.youtube.com/results?search_query=2016+Audi+Commander,105.15,117.45,127.52,109.62,125.28,6.67,Q2,117.45,42.57
2016,50,Mountain Dew,PepsiCo,PEP,8,6.55,Top 10 High Performer,False,True,True,True,False,True,False,CBS,111.9,5000000,6.64,8.22,-0.37,6.56,102.4,https://www.youtube.com/results?search_query=2016+Mountain+Dew+Puppy+Monkey+Baby,105.15,117.45,127.52,109.62,125.28,6.67,Q2,117.45,42.57
2016,50,Hyundai,Hyundai Motor Company,HYMTF,11,7.65,Above Average (Top 25%),True,False,False,False,True,True,False,CBS,111.9,5000000,9.06,9.86,1.4,5.75,116.59,https://www.youtube.com/watch?v=r_kXSO9Cph0,105.15,117.45,127.52,109.62,125.28,6.67,Q2,117.45,42.57
2016,50,Coca-Cola,The Coca-Cola Company,KO,12,7.42,Above Average (Top 25%),True,True,False,True,True,False,False,CBS,111.9,5000000,7.22,7.46,1.86,11.25,181.78,https://www.youtube.com/watch?v=sMkGwCw7iv8,105.15,117.45,127.52,109.62,125.28,6.67,Q2,117.45,42.57
2016,50,Kia,Kia Corp,000270.KS,12,7.76,Above Average (Top 25%),True,False,False,True,False,False,False,CBS,111.9,5000000,9.19,10.52,1.33,11.25,231.38,https://www.youtube.com/watch?v=rBkPXt-OpA4,105.15,117.45,127.52,109.62,125.28,6.67,Q2,117.45,42.57
2016,50,Doritos,PepsiCo (Frito-Lay),PEP,12,7.67,Above Average (Top 25%),True,True,False,False,False,True,False,CBS,111.9,5000000,9.36,8.73,1.68,5.25,109.98,https://www.youtube.com/watch?v=MNRAdrB9TSs,105.15,117.45,127.52,109.62,125.28,6.67,Q2,117.45,42.57
2016,50,Michelob Ultra,Anheuser-Busch InBev,BUD,13,7.73,Above Average (Top 25%),False,True,False,True,False,True,False,CBS,111.9,5000000,9.2,7.22,0.75,4.61,61.88,https://www.youtube.com/results?search_query=2016+Michelob+Ultra+Breathe,105.15,117.45,127.52,109.62,125.28,6.67,Q2,117.45,42.57
2016,50,Hyundai,Hyundai Motor Company,HYMTF,14,7.61,Above Average (Top 25%),True,False,False,True,False,False,False,CBS,111.9,5000000,9.06,9.22,0.31,10.25,207.83,https://www.youtube.com/watch?v=KwUUdl22mkA,105.15,117.45,127.52,109.62,125.28,6.67,Q2,117.45,42.57
2016,50,Budweiser,Anheuser-Busch InBev,BUD,15,7.26,Above Average (Top 25%),False,True,True,False,False,True,False,CBS,111.9,5000000,6.72,6.42,0.45,0.5,7.52,https://www.youtube.com/watch?v=to4dhysGYD0,105.15,117.45,127.52,109.62,125.28,6.67,Q2,117.45,42.57
2016,50,Jeep,Stellantis,STLA,16,7.21,Above Average (Top 25%),False,True,False,False,False,False,False,CBS,111.9,5000000,7.49,6.14,0.24,4.5,54.67,https://www.youtube.com/results?search_query=2016+Jeep+4x4ever,105.15,117.45,127.52,109.62,125.28,6.67,Q1,105.15,47.55
2016,50,Acura,Honda Motor Co.,HMC,17,7.11,Above Average (Top 25%),False,True,False,False,False,False,False,CBS,111.9,5000000,7.57,7.56,0.45,4.16,54.64,https://www.youtube.com/results?search_query=2016+Acura+What+He+Said,105.15,117.45,127.52,109.62,125.28,6.67,Q1,105.15,47.55
2016,50,WeatherTech,MacNeil Automotive Products,PRIVATE,18,6.99,Above Average (Top 25%),False,True,False,False,False,False,False,CBS,111.9,5000000,7.01,7.4,0.29,5.06,65.15,https://www.youtube.com/results?search_query=2016+WeatherTech+Resources,105.15,117.45,127.52,109.62,125.28,6.67,Q1,105.15,47.55
2016,50,Heinz,Kraft Heinz,KHC,19,6.92,Above Average (Top 25%),False,True,False,True,False,True,False,CBS,111.9,5000000,6.61,6.74,0.6,3.82,52.74,https://www.youtube.com/results?search_query=2016+Heinz+Weiner+Stampede,105.15,117.45,127.52,109.62,125.28,6.67,Q1,105.15,47.55
2016,50,Skittles,"Mars, Inc.",PRIVATE,20,7.09,Above Average (Top 25%),False,True,False,False,True,False,False,CBS,111.9,5000000,7.18,8.2,0.38,4.31,56.37,https://www.youtube.com/results?search_query=2016+Skittles+Portrait,105.15,117.45,127.52,109.62,125.28,6.67,Q1,105.15,47.55
2016,50,T-Mobile,T-Mobile US,TMUS,21,7.12,Mid-Tier,False,True,False,False,False,False,False,CBS,111.9,5000000,7.81,8.47,0.01,0.5,4.96,https://www.youtube.com/results?search_query=2016+T+Mobile+Drop+The+Balls,105.15,117.45,127.52,109.62,125.28,6.67,Q1,105.15,47.55
2016,50,Doritos,PepsiCo (Frito-Lay),PEP,22,6.59,Mid-Tier,True,True,False,False,False,False,False,CBS,111.9,5000000,6.96,8.07,0.75,0.5,7.79,https://www.youtube.com/watch?v=Qh_gOK6xDNA,105.15,117.45,127.52,109.62,125.28,6.67,Q1,105.15,47.55
2016,50,Toyota,Toyota Motor Corp,TM,23,6.41,Mid-Tier,True,False,False,False,True,False,False,CBS,111.9,5000000,6.38,6.72,0.25,0.5,7.14,https://www.youtube.com/watch?v=KLkQ9c9-QFI,105.15,117.45,127.52,109.62,125.28,6.67,Q1,105.15,47.55
2016,50,Amazon,"Amazon.com, Inc.",AMZN,24,6.58,Mid-Tier,False,True,False,False,False,False,False,CBS,111.9,5000000,6.76,10.9,-0.06,0.7,10.7,https://www.youtube.com/results?search_query=2016+Amazon,105.15,117.45,127.52,109.62,125.28,6.67,Q1,105.15,47.55
2016,50,Squarespace,"Squarespace, Inc.",SQSP,25,6.73,Mid-Tier,True,True,False,False,False,False,False,CBS,111.9,5000000,7.45,10.88,-0.51,0.79,8.58,https://www.youtube.com/results?search_query=2016+Squarespace+Squarespace,105.15,117.45,127.52,109.62,125.28,6.67,Q1,105.15,47.55
2016,50,Wix,Wix.com,WIX,26,6.66,Mid-Tier,False,True,False,False,False,False,False,CBS,111.9,5000000,6.6,11.71,-0.46,0.6,7.33,https://www.youtube.com/results?search_query=2016+Wix+Kung+Fu+Panda+Discovers+the+Power+of+Wix,105.15,117.45,127.52,109.62,125.28,6.67,Q1,105.15,47.55
2016,50,Pepsi,PepsiCo,PEP,32,6.0,Mid-Tier,False,False,False,True,False,False,False,CBS,111.9,5000000,4.69,7.63,-0.7,0.5,5.25,https://www.youtube.com/watch?v=B9j4Cw5dkBs,105.15,117.45,127.52,109.62,125.28,6.67,Q3,109.62,45.61
2016,50,NFL,National Football League,PRIVATE,32,5.94,Mid-Tier,False,False,True,True,False,False,False,CBS,111.9,5000000,3.95,9.62,1.2,0.5,4.42,https://www.youtube.com/watch?v=9KqekigARfE,105.15,117.45,127.52,109.62,125.28,6.67,Q3,109.62,45.61
2016,50,Budweiser,Anheuser-Busch InBev,BUD,33,5.85,Mid-Tier,False,True,False,True,False,False,False,CBS,111.9,5000000,4.26,5.73,-0.25,0.5,4.77,https://www.youtube.com/watch?v=Le_2S2db0Bk,105.15,117.45,127.52,109.62,125.28,6.67,Q3,109.62,45.61
2017,51,Kia,Kia Corp,000270.KS,1,7.47,Ad Meter Winner (#1),True,False,False,True,True,True,False,Fox,111.3,5000000,8.43,10.28,1.39,16.75,314.32,https://www.youtube.com/watch?v=pVxmT2x3Od4,104.64,116.89,126.9,109.09,124.68,6.66,Q2,116.89,42.78
2017,51,Audi,Volkswagen Group,VWAGY,3,7.05,Top 5 Elite,False,True,False,False,False,True,False,Fox,111.3,5000000,7.0,7.55,-0.1,9.51,155.76,https://www.youtube.com/results?search_query=2017+Audi+Daughter,104.64,116.89,126.9,109.09,124.68,6.66,Q2,116.89,42.78
2017,51,Bud Light,Anheuser-Busch InBev,BUD,12,7.46,Above Average (Top 25%),True,True,False,False,False,False,False,Fox,111.3,5000000,8.36,5.9,0.58,4.75,63.66,https://www.youtube.com/results?search_query=2017+Bud+Light+Ghost+Spuds,104.64,116.89,126.9,109.09,124.68,6.66,Q2,116.89,42.78
2017,51,Busch,Anheuser-Busch InBev,BUD,13,7.45,Above Average (Top 25%),False,True,False,False,False,False,False,Fox,111.3,5000000,8.05,5.83,0.4,3.02,39.05,https://www.youtube.com/results?search_query=2017+Busch+BUSCHHHHH,104.64,116.89,126.9,109.09,124.68,6.66,Q2,116.89,42.78
2017,51,TurboTax,Intuit Inc.,INTU,14,7.45,Above Average (Top 25%),False,True,False,False,True,False,False,Fox,111.3,5000000,8.37,12.94,0.89,4.99,63.63,https://www.youtube.com/results?search_query=2017+TurboTax+Humpty+Hospital,104.64,116.89,126.9,109.09,124.68,6.66,Q2,116.89,42.78
2017,51,Netflix,"Netflix, Inc.",NFLX,15,7.31,Above Average (Top 25%),False,True,False,False,False,False,False,Fox,111.3,5000000,7.71,10.68,-0.31,4.6,58.55,https://www.youtube.com/results?search_query=2017+Netflix+N+a,104.64,116.89,126.9,109.09,124.68,6.66,Q2,116.89,42.78
2017,51,Squarespace,"Squarespace, Inc.",SQSP,16,7.05,Above Average (Top 25%),False,True,False,False,False,False,False,Fox,111.3,5000000,7.6,11.06,0.33,4.35,58.49,https://www.youtube.com/results?search_query=2017+Squarespace+Calling+JohnMalkovich+com,104.64,116.89,126.9,109.09,124.68,6.66,Q1,104.64,47.78
2017,51,Wix,Wix.com,WIX,17,7.23,Above Average (Top 25%),False,True,False,False,True,False,False,Fox,111.3,5000000,7.42,10.48,0.51,3.56,45.91,https://www.youtube.com/results?search_query=2017+Wix+N+a,104.64,116.89,126.9,109.09,124.68,6.66,Q1,104.64,47.78
2017,51,Sprint,Sprint / T-Mobile,TMUS,18,7.17,Above Average (Top 25%),False,True,False,False,True,False,False,Fox,111.3,5000000,7.25,6.91,0.13,5.42,69.76,https://www.youtube.com/results?search_query=2017+Sprint+No+Need+For+Extreme+Measures,104.64,116.89,126.9,109.09,124.68,6.66,Q1,104.64,47.78
2017,51,T-Mobile,T-Mobile US,TMUS,19,7.32,Above Average (Top 25%),False,True,False,True,False,True,False,Fox,111.3,5000000,8.2,8.4,1.02,3.01,43.88,https://www.youtube.com/results?search_query=2017+T+Mobile+BagOfUnlimited,104.64,116.89,126.9,109.09,124.68,6.66,Q1,104.64,47.78
2017,51,NFL,National Football League,PRIVATE,27,6.14,Mid-Tier,False,True,True,True,False,False,False,Fox,111.3,5000000,5.19,10.08,0.22,0.5,5.78,https://www.youtube.com/watch?v=pvKBdrx4quA,104.64,116.89,126.9,109.09,124.68,6.66,Q1,104.64,47.78
2017,51,Hyundai,Hyundai Motor Company,HYMTF,28,6.23,Mid-Tier,False,False,True,False,False,False,False,Fox,111.3,5000000,4.64,8.3,-0.04,0.5,5.16,https://www.youtube.com/watch?v=KpN6fxOorwE,104.64,116.89,126.9,109.09,124.68,6.66,Q1,104.64,47.78
2017,51,Budweiser,Anheuser-Busch InBev,BUD,29,5.91,Mid-Tier,False,False,True,False,True,False,False,Fox,111.3,5000000,4.71,4.8,-0.45,0.5,5.24,https://www.youtube.com/watch?v=HtBZvl7dIu4,104.64,116.89,126.9,109.09,124.68,6.66,Q1,104.64,47.78
2017,51,NFL,National Football League,PRIVATE,36,5.65,Mid-Tier,False,True,False,False,False,False,False,Fox,111.3,5000000,3.39,9.66,-0.43,0.5,3.77,https://www.youtube.com/watch?v=9csH_Hy-7A4,104.64,116.89,126.9,109.09,124.68,6.66,Q3,109.09,45.83
2018,52,Amazon,"Amazon.com, Inc.",AMZN,1,7.18,Ad Meter Winner (#1),False,True,False,True,False,False,False,NBC,103.4,5000000,7.25,11.6,0.85,9.29,167.07,https://www.youtube.com/results?search_query=2018+Amazon+Alexa+Loses+Her+Voice,97.26,108.64,117.96,101.4,115.89,6.67,Q2,108.64,46.02
2018,52,Tide,The Procter & Gamble Company,PG,2,7.05,Top 5 Elite,False,True,False,False,False,False,False,NBC,103.4,5000000,7.35,6.89,0.48,9.11,150.07,https://www.youtube.com/results?search_query=2018+Tide+It+s+a+Tide+Ad,97.26,108.64,117.96,101.4,115.89,6.67,Q2,108.64,46.02
2018,52,Wendy's,The Wendy's Company,WEN,4,6.82,Top 5 Elite,False,True,False,False,False,False,False,NBC,103.4,5000000,7.11,7.44,-0.16,10.6,174.41,https://www.youtube.com/results?search_query=2018+Wendy+s+Iceberg,97.26,108.64,117.96,101.4,115.89,6.67,Q2,108.64,46.02
2018,52,M&M's,"Mars, Inc.",PRIVATE,6,6.68,Top 10 High Performer,False,True,False,False,False,False,False,NBC,103.4,5000000,6.82,8.46,-0.43,6.48,100.92,https://www.youtube.com/results?search_query=2018+M+M+s+Human,97.26,108.64,117.96,101.4,115.89,6.67,Q2,108.64,46.02
2018,52,Bud Light,Anheuser-Busch InBev,BUD,10,7.63,Top 10 High Performer,True,True,False,False,True,True,False,NBC,103.4,5000000,9.14,6.24,0.39,6.25,118.13,https://www.youtube.com/watch?v=UizTtcBsNi8,97.26,108.64,117.96,101.4,115.89,6.67,Q2,108.64,46.02
2018,52,Doritos,PepsiCo (Frito-Lay),PEP,11,7.72,Above Average (Top 25%),True,True,False,True,False,False,False,NBC,103.4,5000000,9.49,9.21,1.95,11.75,230.6,https://www.youtube.com/watch?v=rZh_CbcVe7M,97.26,108.64,117.96,101.4,115.89,6.67,Q2,108.64,46.02
2018,52,Bud Light,Anheuser-Busch InBev,BUD,12,7.78,Above Average (Top 25%),True,True,False,False,True,True,False,NBC,103.4,5000000,8.14,6.64,1.48,5.25,88.38,https://www.youtube.com/watch?v=xza7T89Lda4,97.26,108.64,117.96,101.4,115.89,6.67,Q2,108.64,46.02
2018,52,Michelob Ultra,Anheuser-Busch InBev,BUD,13,7.63,Above Average (Top 25%),False,True,False,False,False,False,False,NBC,103.4,5000000,8.46,7.11,0.59,3.84,48.58,https://www.youtube.com/results?search_query=2018+Michelob+Ultra+The+Perfect+Fit,97.26,108.64,117.96,101.4,115.89,6.67,Q2,108.64,46.02
2018,52,Toyota,Toyota Motor Corp,TM,14,7.28,Above Average (Top 25%),True,True,True,False,False,False,False,NBC,103.4,5000000,9.32,8.72,-0.34,4.25,81.91,https://www.youtube.com/watch?v=QwF3ipuNyfc,97.26,108.64,117.96,101.4,115.89,6.67,Q2,108.64,46.02
2018,52,WeatherTech,MacNeil Automotive Products,PRIVATE,15,7.32,Above Average (Top 25%),False,True,True,True,False,False,False,NBC,103.4,5000000,7.92,7.23,0.36,3.61,47.03,https://www.youtube.com/results?search_query=2018+WeatherTech+American+Factory,97.26,108.64,117.96,101.4,115.89,6.67,Q2,108.64,46.02
2018,52,Ram,Stellantis,STLA,16,7.21,Above Average (Top 25%),False,True,False,False,False,False,False,NBC,103.4,5000000,7.77,6.98,0.34,5.66,71.76,https://www.youtube.com/results?search_query=2018+Ram+Built+to+Serve,97.26,108.64,117.96,101.4,115.89,6.67,Q1,97.26,51.41
2018,52,Ram,Stellantis,STLA,17,7.27,Above Average (Top 25%),False,True,False,False,False,False,False,NBC,103.4,5000000,7.9,6.67,0.28,4.76,62.08,https://www.youtube.com/results?search_query=2018+Ram+Icelandic+Vikings,97.26,108.64,117.96,101.4,115.89,6.67,Q1,97.26,51.41
2018,52,Jeep,Stellantis,STLA,18,7.27,Above Average (Top 25%),False,True,False,False,False,False,False,NBC,103.4,5000000,7.28,7.34,0.24,3.72,49.5,https://www.youtube.com/results?search_query=2018+Jeep+Anti+Manifesto,97.26,108.64,117.96,101.4,115.89,6.67,Q1,97.26,51.41
2018,52,Jeep,Stellantis,STLA,19,7.15,Above Average (Top 25%),False,True,False,False,False,False,False,NBC,103.4,5000000,6.67,6.89,0.28,4.58,60.82,https://www.youtube.com/results?search_query=2018+Jeep+Jeep+Jurassic,97.26,108.64,117.96,101.4,115.89,6.67,Q1,97.26,51.41
2018,52,Jeep,Stellantis,STLA,20,6.85,Above Average (Top 25%),False,True,False,False,False,False,False,NBC,103.4,5000000,6.87,6.56,-0.05,3.76,48.97,https://www.youtube.com/results?search_query=2018+Jeep+The+Road,97.26,108.64,117.96,101.4,115.89,6.67,Q1,97.26,51.41
2018,52,Febreze,The Procter & Gamble Company,PG,21,6.91,Mid-Tier,False,True,False,False,False,False,False,NBC,103.4,5000000,7.27,7.4,0.49,0.91,5.07,https://www.youtube.com/results?search_query=2018+Febreze+The+Only+Man+Whose+Bleep+Doesn+t+Stink,97.26,108.64,117.96,101.4,115.89,6.67,Q1,97.26,51.41
2018,52,Stella Artois,Anheuser-Busch InBev,BUD,22,6.82,Mid-Tier,False,True,False,True,False,True,False,NBC,103.4,5000000,7.01,6.21,0.28,1.2,11.99,https://www.youtube.com/results?search_query=2018+Stella+Artois+Taps,97.26,108.64,117.96,101.4,115.89,6.67,Q1,97.26,51.41
2018,52,Netflix,"Netflix, Inc.",NFLX,23,6.91,Mid-Tier,False,True,False,False,False,False,False,NBC,103.4,5000000,7.53,10.75,0.26,1.08,10.9,https://www.youtube.com/results?search_query=2018+Netflix+N+a,97.26,108.64,117.96,101.4,115.89,6.67,Q1,97.26,51.41
2018,52,Pepsi,PepsiCo,PEP,24,6.52,Mid-Tier,False,True,True,True,False,False,False,NBC,103.4,5000000,5.03,7.65,0.57,0.5,5.2,https://www.youtube.com/watch?v=0gHYd67OumQ,97.26,108.64,117.96,101.4,115.89,6.67,Q1,97.26,51.41
2018,52,E-Trade,E*TRADE / Morgan Stanley,MS,25,6.3,Mid-Tier,True,False,True,False,False,False,True,NBC,103.4,5000000,6.32,11.11,0.32,0.5,6.53,https://www.youtube.com/watch?v=Qx5-AZlfjp4,97.26,108.64,117.96,101.4,115.89,6.67,Q1,97.26,51.41
2018,52,NFL,National Football League,PRIVATE,26,6.38,Mid-Tier,True,True,False,True,False,False,False,NBC,103.4,5000000,6.28,10.31,-0.9,4.25,55.19,https://www.youtube.com/watch?v=KUoD-gPDahw,97.26,108.64,117.96,101.4,115.89,6.67,Q1,97.26,51.41
2018,52,Avocados from Mexico,Avocados From Mexico,PRIVATE,27,6.54,Mid-Tier,False,True,False,False,False,False,False,NBC,103.4,5000000,6.34,7.41,0.06,0.71,11.96,https://www.youtube.com/results?search_query=2018+Avocados+from+Mexico+GuacWorld,97.26,108.64,117.96,101.4,115.89,6.67,Q1,97.26,51.41
2018,52,Budweiser,Anheuser-Busch InBev,BUD,28,6.0,Mid-Tier,False,False,True,False,False,False,False,NBC,103.4,5000000,4.56,6.13,-0.13,0.5,4.72,https://www.youtube.com/watch?v=GNVw5f16GEM,97.26,108.64,117.96,101.4,115.89,6.67,Q1,97.26,51.41
2018,52,Kraft,Kraft Heinz,KHC,29,6.43,Mid-Tier,False,True,False,False,False,False,False,NBC,103.4,5000000,6.27,6.29,0.34,0.72,4.18,https://www.youtube.com/results?search_query=2018+Kraft+Family+Greatly,97.26,108.64,117.96,101.4,115.89,6.67,Q1,97.26,51.41
2018,52,Pringles,Kellanova,K,30,6.36,Mid-Tier,False,True,False,True,False,False,False,NBC,103.4,5000000,5.82,8.88,-0.05,0.73,7.59,https://www.youtube.com/results?search_query=2018+Pringles+Wow+2018,97.26,108.64,117.96,101.4,115.89,6.67,Q1,97.26,51.41
2018,52,Mountain Dew,PepsiCo,PEP,31,6.16,Mid-Tier,False,True,False,False,False,True,False,NBC,103.4,5000000,5.75,7.75,-0.45,0.93,12.16,https://www.youtube.com/results?search_query=2018+Mountain+Dew+Doritos+Blaze+vs+Mtn+Dew+Ice,97.26,108.64,117.96,101.4,115.89,6.67,Q3,101.4,49.31
2018,52,Subway,Subway IP / Roark Capital,PRIVATE,32,6.28,Mid-Tier,False,True,False,False,False,False,False,NBC,103.4,5000000,5.49,7.48,-0.61,1.03,9.7,https://www.youtube.com/results?search_query=2018+Subway+N+a,97.26,108.64,117.96,101.4,115.89,6.67,Q3,101.4,49.31
2018,52,Toyota,Toyota Motor Corp,TM,33,5.67,Mid-Tier,False,False,False,False,False,False,False,NBC,103.4,5000000,3.82,7.34,0.77,0.5,3.95,https://www.youtube.com/watch?v=zeBZvwYQ-hA,97.26,108.64,117.96,101.4,115.89,6.67,Q3,101.4,49.31
2018,52,Coca-Cola,The Coca-Cola Company,KO,33,5.48,Mid-Tier,False,True,False,True,False,False,False,NBC,103.4,5000000,3.87,6.07,-0.36,0.5,4.0,https://www.youtube.com/watch?v=be5DH6jQs38,97.26,108.64,117.96,101.4,115.89,6.67,Q3,101.4,49.31
2018,52,Kia,Kia Corp,000270.KS,34,5.42,Mid-Tier,False,False,False,True,False,False,False,NBC,103.4,5000000,3.0,8.64,1.47,0.5,3.1,https://www.youtube.com/watch?v=9_dE6Z2HK8I,97.26,108.64,117.96,101.4,115.89,6.67,Q3,101.4,49.31
2018,52,Rocket Mortgage,Rocket Companies,RKT,35,6.23,Mid-Tier,False,True,False,False,False,False,False,NBC,103.4,5000000,5.39,9.21,-0.45,1.01,12.85,https://www.youtube.com/results?search_query=2018+Rocket+Mortgage+Translator,97.26,108.64,117.96,101.4,115.89,6.67,Q3,101.4,49.31
2018,52,Skechers,Skechers U.S.A.,SKX,36,6.17,Mid-Tier,False,True,False,False,False,False,False,NBC,103.4,5000000,5.53,9.94,-0.57,0.55,3.56,https://www.youtube.com/results?search_query=2018+Skechers+First+Class+for+your+Feet,97.26,108.64,117.96,101.4,115.89,6.67,Q3,101.4,49.31
2018,52,TurboTax,Intuit Inc.,INTU,37,5.97,Mid-Tier,False,True,False,False,False,False,False,NBC,103.4,5000000,5.23,12.0,-1.15,1.21,13.87,https://www.youtube.com/results?search_query=2018+TurboTax+The+Noise+in+the+Attic,97.26,108.64,117.96,101.4,115.89,6.67,Q3,101.4,49.31
2018,52,Coca-Cola,The Coca-Cola Company,KO,38,5.07,Mid-Tier,False,True,True,False,False,False,False,NBC,103.4,5000000,2.56,5.16,-0.16,0.5,2.65,https://www.youtube.com/watch?v=ucCvhK2CZMo,97.26,108.64,117.96,101.4,115.89,6.67,Q3,101.4,49.31
2018,52,Amazon Prime,"Amazon.com, Inc.",AMZN,39,5.89,Mid-Tier,False,True,False,False,False,False,False,NBC,103.4,5000000,4.86,10.8,-0.41,0.92,7.84,https://www.youtube.com/results?search_query=2018+Amazon+Prime+N+a,97.26,108.64,117.96,101.4,115.89,6.67,Q3,101.4,49.31
2018,52,Squarespace,"Squarespace, Inc.",SQSP,40,5.94,Mid-Tier,False,True,False,False,False,False,False,NBC,103.4,5000000,4.74,11.05,-0.51,1.24,18.72,https://www.youtube.com/results?search_query=2018+Squarespace+Make+It+With+Keanu+Reeves,97.26,108.64,117.96,101.4,115.89,6.67,Q3,101.4,49.31
2018,52,Wix,Wix.com,WIX,41,5.75,Below Average,False,True,False,False,False,False,False,NBC,103.4,5000000,4.29,11.14,-0.22,0.5,4.33,https://www.youtube.com/results?search_query=2018+Wix+Rhett+Link,97.26,108.64,117.96,101.4,115.89,6.67,Q3,101.4,49.31
2018,52,Coca-Cola,The Coca-Cola Company,KO,42,4.89,Below Average,False,True,False,False,False,False,True,NBC,103.4,5000000,2.12,5.6,-0.03,0.5,2.19,https://www.youtube.com/watch?v=nkGd47iB-wU,97.26,108.64,117.96,101.4,115.89,6.67,Q3,101.4,49.31
2018,52,Sprint,Sprint / T-Mobile,TMUS,43,5.43,Below Average,True,True,False,False,False,False,False,NBC,103.4,5000000,3.55,7.57,-0.79,0.69,10.13,https://www.youtube.com/results?search_query=2018+Sprint+Evelyn,97.26,108.64,117.96,101.4,115.89,6.67,Q3,101.4,49.31
2018,52,Hyundai,Hyundai Motor Company,HYMTF,44,4.75,Below Average,False,True,False,False,False,False,False,NBC,103.4,5000000,2.49,8.11,-0.92,0.5,2.57,https://www.youtube.com/watch?v=lNPccrGk77A,97.26,108.64,117.96,101.4,115.89,6.67,Q3,101.4,49.31
2018,52,Verizon,Verizon Communications,VZ,45,5.33,Below Average,False,True,False,False,False,False,False,NBC,103.4,5000000,3.08,6.38,-1.15,0.55,5.75,https://www.youtube.com/results?search_query=2018+Verizon+Remember+the+First+Responders,97.26,108.64,117.96,101.4,115.89,6.67,Q3,101.4,49.31
2018,52,T-Mobile,T-Mobile US,TMUS,46,5.04,Below Average,False,True,False,False,False,False,False,NBC,103.4,5000000,2.91,8.3,-0.85,0.89,7.76,https://www.youtube.com/results?search_query=2018+T+Mobile+Little+Ones,97.26,108.64,117.96,101.4,115.89,6.67,Q4,115.89,43.14
2019,53,Amazon,"Amazon.com, Inc.",AMZN,2,6.95,Top 5 Elite,False,True,False,True,False,True,False,CBS,98.2,5200000,7.45,10.18,-0.25,10.11,160.94,https://www.youtube.com/results?search_query=2019+Amazon+Not+Everything+Makes+the+Cut,92.57,103.4,112.27,96.51,110.3,6.67,Q2,103.4,50.29
2019,53,Amazon,"Amazon.com, Inc.",AMZN,2,6.95,Top 5 Elite,False,True,False,False,False,False,False,CBS,98.2,5200000,6.66,11.06,-0.51,9.71,153.54,https://www.youtube.com/results?search_query=2019+Amazon+N+a,92.57,103.4,112.27,96.51,110.3,6.67,Q2,103.4,50.29
2019,53,Microsoft,Microsoft Corporation,MSFT,3,6.85,Top 5 Elite,False,True,False,False,False,False,False,CBS,98.2,5200000,6.78,12.41,0.93,9.25,147.21,https://www.youtube.com/results?search_query=2019+Microsoft+We+All+Win,92.57,103.4,112.27,96.51,110.3,6.67,Q2,103.4,50.29
2019,53,Stella Artois,Anheuser-Busch InBev,BUD,7,6.45,Top 10 High Performer,False,True,False,True,False,False,True,CBS,98.2,5200000,6.07,7.46,-0.49,6.65,97.96,https://www.youtube.com/results?search_query=2019+Stella+Artois+Change+Up+the+Usual,92.57,103.4,112.27,96.51,110.3,6.67,Q2,103.4,50.29
2019,53,Michelob Ultra,Anheuser-Busch InBev,BUD,8,6.4,Top 10 High Performer,False,True,False,True,False,False,False,CBS,98.2,5200000,6.07,6.04,-0.2,8.83,135.9,https://www.youtube.com/results?search_query=2019+Michelob+Ultra+Robots,92.57,103.4,112.27,96.51,110.3,6.67,Q2,103.4,50.29
2019,53,Michelob Ultra,Anheuser-Busch InBev,BUD,8,6.4,Top 10 High Performer,False,True,False,False,False,False,False,CBS,98.2,5200000,5.92,6.41,-0.15,6.99,103.28,https://www.youtube.com/results?search_query=2019+Michelob+Ultra+The+Pure+Experience,92.57,103.4,112.27,96.51,110.3,6.67,Q2,103.4,50.29
2019,53,Hyundai,Hyundai Motor Company,HYMTF,10,7.6,Top 10 High Performer,True,False,True,True,False,False,False,CBS,98.2,5200000,8.54,10.31,0.73,12.74,205.46,https://www.youtube.com/watch?v=6mfJ0EsqLWs,92.57,103.4,112.27,96.51,110.3,6.67,Q2,103.4,50.29
2019,53,Bud Light,Anheuser-Busch InBev,BUD,11,7.61,Above Average (Top 25%),True,True,False,False,True,False,False,CBS,98.2,5200000,8.94,6.14,0.94,5.98,100.96,https://www.youtube.com/watch?v=eIlX0Gg0GRI,92.57,103.4,112.27,96.51,110.3,6.67,Q2,103.4,50.29
2019,53,Bud Light,Anheuser-Busch InBev,BUD,11,7.61,Above Average (Top 25%),True,True,False,False,True,True,False,CBS,98.2,5200000,8.09,5.72,1.69,5.98,91.36,https://www.youtube.com/watch?v=8fhOItB0zUM,92.57,103.4,112.27,96.51,110.3,6.67,Q2,103.4,50.29
2019,53,M&M's,"Mars, Inc.",PRIVATE,12,7.75,Above Average (Top 25%),False,True,False,False,True,False,False,CBS,98.2,5200000,8.01,8.09,1.24,3.34,37.6,https://www.youtube.com/results?search_query=2019+M+M+s+Bad+Passenger,92.57,103.4,112.27,96.51,110.3,6.67,Q2,103.4,50.29
2019,53,Audi,Volkswagen Group,VWAGY,13,7.54,Above Average (Top 25%),False,True,False,False,False,False,False,CBS,98.2,5200000,8.32,7.73,0.84,3.7,44.03,https://www.youtube.com/results?search_query=2019+Audi+Cashew,92.57,103.4,112.27,96.51,110.3,6.67,Q2,103.4,50.29
2019,53,Mercedes-Benz,Mercedes-Benz Group,MBGYY,14,7.65,Above Average (Top 25%),False,True,False,False,False,False,False,CBS,98.2,5200000,8.94,7.97,0.99,2.92,34.24,https://www.youtube.com/results?search_query=2019+Mercedes+Benz+Say+The+Word,92.57,103.4,112.27,96.51,110.3,6.67,Q2,103.4,50.29
2019,53,Marvel,The Walt Disney Company,DIS,15,7.39,Above Average (Top 25%),False,True,False,False,False,False,False,CBS,98.2,5200000,8.03,8.63,0.18,3.6,44.52,https://www.youtube.com/results?search_query=2019+Marvel+N+a,92.57,103.4,112.27,96.51,110.3,6.67,Q2,103.4,50.29
2019,53,Pepsi,PepsiCo,PEP,16,7.25,Above Average (Top 25%),True,True,False,True,False,False,False,CBS,98.2,5200000,7.54,7.4,0.5,9.62,136.98,https://www.youtube.com/watch?v=I-_Uh-vZXgo,92.57,103.4,112.27,96.51,110.3,6.67,Q1,92.57,56.17
2019,53,Avocados from Mexico,Avocados From Mexico,PRIVATE,17,7.2,Above Average (Top 25%),False,True,False,False,False,True,False,CBS,98.2,5200000,7.89,7.8,0.29,4.94,64.07,https://www.youtube.com/results?search_query=2019+Avocados+from+Mexico+Top+Dog,92.57,103.4,112.27,96.51,110.3,6.67,Q1,92.57,56.17
2019,53,NFL,National Football League,PRIVATE,18,6.95,Above Average (Top 25%),True,True,False,True,False,False,False,CBS,98.2,5200000,8.16,10.77,1.84,8.58,132.22,https://www.youtube.com/watch?v=sl8ooTIMk2w,92.57,103.4,112.27,96.51,110.3,6.67,Q1,92.57,56.17
2019,53,Pringles,Kellanova,K,19,7.04,Above Average (Top 25%),False,True,False,False,False,False,False,CBS,98.2,5200000,7.01,7.38,0.93,5.65,69.58,https://www.youtube.com/results?search_query=2019+Pringles+Sad+Device,92.57,103.4,112.27,96.51,110.3,6.67,Q1,92.57,56.17
2019,53,Bud Light,Anheuser-Busch InBev,BUD,20,6.92,Above Average (Top 25%),True,True,False,False,False,False,False,CBS,98.2,5200000,7.08,6.52,1.01,1.3,17.38,https://www.youtube.com/watch?v=hkSQ2Vr41bM,92.57,103.4,112.27,96.51,110.3,6.67,Q1,92.57,56.17
2019,53,Coca-Cola,The Coca-Cola Company,KO,20,6.89,Above Average (Top 25%),False,True,True,False,False,True,False,CBS,98.2,5200000,7.17,6.78,0.93,0.5,6.77,https://www.youtube.com/watch?v=WTqL_giKNHQ,92.57,103.4,112.27,96.51,110.3,6.67,Q1,92.57,56.17
2019,53,Bud Light,Anheuser-Busch InBev,BUD,20,7.09,Above Average (Top 25%),True,True,False,False,False,False,False,CBS,98.2,5200000,8.72,6.61,0.37,1.3,21.41,https://www.youtube.com/watch?v=nScg3KmA_6k,92.57,103.4,112.27,96.51,110.3,6.67,Q1,92.57,56.17
2019,53,Mercedes-Benz,Mercedes-Benz Group,MBGYY,21,6.97,Mid-Tier,False,True,False,False,False,False,False,CBS,98.2,5200000,6.98,7.58,0.25,1.21,15.0,https://www.youtube.com/results?search_query=2019+Mercedes+Benz+N+a,92.57,103.4,112.27,96.51,110.3,6.67,Q1,92.57,56.17
2019,53,Pepsi,PepsiCo,PEP,22,6.63,Mid-Tier,True,True,False,True,False,False,True,CBS,98.2,5200000,7.02,6.56,1.27,6.5,86.17,https://www.youtube.com/watch?v=64UH1_D95gQ,92.57,103.4,112.27,96.51,110.3,6.67,Q1,92.57,56.17
2019,53,Kia,Kia Corp,000270.KS,22,6.84,Mid-Tier,False,False,True,False,False,True,False,CBS,98.2,5200000,6.15,9.15,0.72,0.5,5.81,https://www.youtube.com/watch?v=sS8dkRhDirY,92.57,103.4,112.27,96.51,110.3,6.67,Q1,92.57,56.17
2019,53,Doritos,PepsiCo (Frito-Lay),PEP,23,6.78,Mid-Tier,False,True,False,True,False,False,False,CBS,98.2,5200000,6.45,8.14,1.93,0.78,9.5,https://www.youtube.com/watch?v=NvIcPAxZ39o,92.57,103.4,112.27,96.51,110.3,6.67,Q1,92.57,56.17
2019,53,T-Mobile,T-Mobile US,TMUS,24,6.81,Mid-Tier,False,True,False,False,False,False,False,CBS,98.2,5200000,6.75,8.41,0.27,0.57,2.77,https://www.youtube.com/results?search_query=2019+T+Mobile+Dad,92.57,103.4,112.27,96.51,110.3,6.67,Q1,92.57,56.17
2019,53,Budweiser,Anheuser-Busch InBev,BUD,26,6.51,Mid-Tier,False,False,False,False,False,True,False,CBS,98.2,5200000,5.93,6.28,0.86,0.5,5.6,,92.57,103.4,112.27,96.51,110.3,6.67,Q1,92.57,56.17
2019,53,Toyota,Toyota Motor Corp,TM,31,5.97,Mid-Tier,False,True,False,False,False,False,False,CBS,98.2,5200000,5.22,6.11,-0.07,0.5,4.93,https://www.youtube.com/watch?v=wegrVsP3gK4,92.57,103.4,112.27,96.51,110.3,6.67,Q3,96.51,53.88
2019,53,Kia,Kia Corp,000270.KS,31,5.8,Mid-Tier,False,False,True,False,False,False,False,CBS,98.2,5200000,3.63,8.6,-0.01,0.5,3.43,https://www.youtube.com/watch?v=nONhop0Kq-E,92.57,103.4,112.27,96.51,110.3,6.67,Q3,96.51,53.88
2019,53,Toyota,Toyota Motor Corp,TM,33,5.77,Mid-Tier,False,True,False,False,False,False,False,CBS,98.2,5200000,4.31,7.45,-0.07,0.5,4.07,https://www.youtube.com/watch?v=ZuBbnZ3UbJw,92.57,103.4,112.27,96.51,110.3,6.67,Q3,96.51,53.88
2020,54,Jeep,Stellantis,STLA,1,7.01,Ad Meter Winner (#1),False,True,False,True,False,False,False,Fox,102.0,5600000,7.5,7.27,-0.14,10.48,165.72,https://www.youtube.com/results?search_query=2020+Jeep+Groundhog+Day,95.24,106.39,115.5,99.29,113.48,6.66,Q2,106.39,52.64
2020,54,Google,Alphabet Inc.,GOOGL,3,6.92,Top 5 Elite,False,True,False,False,False,False,False,Fox,102.0,5600000,7.24,11.28,-0.24,11.68,172.66,https://www.youtube.com/results?search_query=2020+Google+Loretta,95.24,106.39,115.5,99.29,113.48,6.66,Q2,106.39,52.64
2020,54,Hyundai,Hyundai Motor Company,HYMTF,5,8.14,Top 5 Elite,True,True,False,True,False,True,False,Fox,102.0,5600000,10.26,10.05,1.59,16.52,308.72,https://www.youtube.com/watch?v=WBvkmWDjsYc,95.24,106.39,115.5,99.29,113.48,6.66,Q2,106.39,52.64
2020,54,Coca-Cola,The Coca-Cola Company,KO,6,8.13,Top 10 High Performer,True,False,False,True,False,True,False,Fox,102.0,5600000,10.43,7.62,1.29,15.96,303.2,https://www.youtube.com/watch?v=-gAZRN3SCBw,95.24,106.39,115.5,99.29,113.48,6.66,Q2,106.39,52.64
2020,54,Toyota,Toyota Motor Corp,TM,8,8.19,Top 10 High Performer,True,True,False,True,True,True,False,Fox,102.0,5600000,10.23,8.46,0.62,14.84,276.52,https://www.youtube.com/watch?v=f34Ji70u3nk,95.24,106.39,115.5,99.29,113.48,6.66,Q2,106.39,52.64
2020,54,Doritos,PepsiCo (Frito-Lay),PEP,9,8.09,Top 10 High Performer,True,True,False,True,True,True,False,Fox,102.0,5600000,10.01,9.11,1.23,14.28,260.36,https://www.youtube.com/watch?v=6xVnq31Vk8Y,95.24,106.39,115.5,99.29,113.48,6.66,Q2,106.39,52.64
2020,54,Audi,Volkswagen Group,VWAGY,12,7.64,Above Average (Top 25%),False,True,False,False,False,False,False,Fox,102.0,5600000,9.26,8.12,0.56,3.12,37.27,https://www.youtube.com/results?search_query=2020+Audi+Let+it+Go,95.24,106.39,115.5,99.29,113.48,6.66,Q2,106.39,52.64
2020,54,GMC,General Motors,GM,13,7.54,Above Average (Top 25%),False,True,False,False,True,False,False,Fox,102.0,5600000,8.72,8.05,1.01,3.67,42.28,https://www.youtube.com/results?search_query=2020+GMC+Quiet+Revolution,95.24,106.39,115.5,99.29,113.48,6.66,Q2,106.39,52.64
2020,54,Porsche,Volkswagen Group,VWAGY,14,7.35,Above Average (Top 25%),False,True,False,False,True,False,False,Fox,102.0,5600000,8.05,7.86,0.31,4.05,44.2,https://www.youtube.com/results?search_query=2020+Porsche+The+Heist,95.24,106.39,115.5,99.29,113.48,6.66,Q2,106.39,52.64
2020,54,Bud Light,Anheuser-Busch InBev,BUD,15,7.38,Above Average (Top 25%),True,True,False,True,True,False,False,Fox,102.0,5600000,8.19,6.36,1.33,10.92,162.9,https://www.youtube.com/watch?v=nbbp0VW7z8w,95.24,106.39,115.5,99.29,113.48,6.66,Q2,106.39,52.64
2020,54,Planters,Hormel Foods,HRL,16,7.47,Above Average (Top 25%),False,True,False,False,False,False,False,Fox,102.0,5600000,7.97,6.96,-0.0,4.68,55.31,https://www.youtube.com/results?search_query=2020+Planters+Tribute,95.24,106.39,115.5,99.29,113.48,6.66,Q1,95.24,58.8
2020,54,Pringles,Kellanova,K,17,7.27,Above Average (Top 25%),False,True,False,False,False,False,False,Fox,102.0,5600000,7.54,8.45,0.27,4.75,55.38,https://www.youtube.com/results?search_query=2020+Pringles,95.24,106.39,115.5,99.29,113.48,6.66,Q1,95.24,58.8
2020,54,Tide,The Procter & Gamble Company,PG,18,6.98,Above Average (Top 25%),False,True,False,False,False,False,False,Fox,102.0,5600000,7.49,6.94,0.35,3.33,38.58,https://www.youtube.com/results?search_query=2020+Tide+Wonder+Woman+Now+LaundryLater,95.24,106.39,115.5,99.29,113.48,6.66,Q1,95.24,58.8
2020,54,Tide,The Procter & Gamble Company,PG,19,7.33,Above Average (Top 25%),False,True,False,False,False,False,False,Fox,102.0,5600000,7.74,7.92,0.76,5.77,65.85,https://www.youtube.com/results?search_query=2020+Tide+Finally+Later+LaundryLater,95.24,106.39,115.5,99.29,113.48,6.66,Q1,95.24,58.8
2020,54,Disney+,The Walt Disney Company,DIS,20,6.92,Above Average (Top 25%),False,True,True,False,False,False,False,Fox,102.0,5600000,7.54,7.41,0.62,3.39,39.2,https://www.youtube.com/results?search_query=2020+Disney+Disney,95.24,106.39,115.5,99.29,113.48,6.66,Q1,95.24,58.8
2020,54,Budweiser,Anheuser-Busch InBev,BUD,22,6.65,Mid-Tier,False,True,True,True,True,False,False,Fox,102.0,5600000,4.91,6.36,1.04,1.4,12.52,https://www.youtube.com/watch?v=J0xugdotpp8,95.24,106.39,115.5,99.29,113.48,6.66,Q1,95.24,58.8
2020,54,Pepsi,PepsiCo,PEP,25,6.2,Mid-Tier,False,True,False,True,False,False,False,Fox,102.0,5600000,4.21,6.97,0.35,0.5,3.83,https://www.youtube.com/watch?v=Ozb_fJB_z6o,95.24,106.39,115.5,99.29,113.48,6.66,Q1,95.24,58.8
2020,54,NFL,National Football League,PRIVATE,30,6.14,Mid-Tier,False,False,True,True,False,False,False,Fox,102.0,5600000,5.17,10.33,0.12,0.5,4.71,https://www.youtube.com/watch?v=lbkafMhmvMo,95.24,106.39,115.5,99.29,113.48,6.66,Q1,95.24,58.8
2020,54,Kia,Kia Corp,000270.KS,32,5.66,Mid-Tier,False,False,False,True,False,False,False,Fox,102.0,5600000,4.42,8.92,-0.01,0.5,4.03,https://www.youtube.com/watch?v=lMs79UXam9A,95.24,106.39,115.5,99.29,113.48,6.66,Q3,99.29,56.4
2021,55,Amazon,"Amazon.com, Inc.",AMZN,2,7.15,Top 5 Elite,False,True,False,True,False,False,False,CBS,100.8,5500000,7.75,10.59,-0.15,10.71,158.0,https://www.youtube.com/results?search_query=2021+Amazon+Alexa+s+Body,89.5,99.97,108.54,93.31,78.07,-21.91,Q2,99.97,55.02
2021,55,Pepsi,PepsiCo,PEP,3,7.48,Top 5 Elite,False,True,False,True,False,False,False,CBS,100.8,5500000,7.58,7.72,0.93,9.9,137.53,,89.5,99.97,108.54,93.31,78.07,-21.91,Q2,99.97,55.02
2021,55,Michelob Ultra,Anheuser-Busch InBev,BUD,9,6.65,Top 10 High Performer,False,True,False,True,False,False,False,CBS,100.8,5500000,6.2,5.95,-0.33,7.45,104.23,https://www.youtube.com/results?search_query=2021+Michelob+Ultra+All+Star+Cast,89.5,99.97,108.54,93.31,78.07,-21.91,Q2,99.97,55.02
2021,55,Cadillac,General Motors,GM,12,7.64,Above Average (Top 25%),False,True,False,False,False,False,False,CBS,100.8,5500000,9.03,7.88,0.57,4.64,56.1,https://www.youtube.com/results?search_query=2021+Cadillac+ScissorHandsFree,89.5,99.97,108.54,93.31,78.07,-21.91,Q2,99.97,55.02
2021,55,Cadillac,General Motors,GM,13,7.56,Above Average (Top 25%),False,True,False,False,False,False,False,CBS,100.8,5500000,8.51,7.52,0.23,6.05,72.39,https://www.youtube.com/results?search_query=2021+Cadillac+No+Way+Norway,89.5,99.97,108.54,93.31,78.07,-21.91,Q2,99.97,55.02
2021,55,Jeep,Stellantis,STLA,14,7.41,Above Average (Top 25%),False,True,False,True,False,False,False,CBS,100.8,5500000,8.48,7.06,0.4,5.76,69.85,https://www.youtube.com/results?search_query=2021+Jeep+The+Middle,89.5,99.97,108.54,93.31,78.07,-21.91,Q2,99.97,55.02
2021,55,Toyota,Toyota Motor Corp,TM,15,7.39,Above Average (Top 25%),False,True,True,False,False,False,False,CBS,100.8,5500000,8.13,7.45,0.44,3.28,36.68,https://www.youtube.com/results?search_query=2021+Toyota+Upstream,89.5,99.97,108.54,93.31,78.07,-21.91,Q2,99.97,55.02
2021,55,WeatherTech,MacNeil Automotive Products,PRIVATE,16,7.46,Above Average (Top 25%),False,True,False,False,False,False,False,CBS,100.8,5500000,8.14,7.46,0.75,5.63,62.68,https://www.youtube.com/results?search_query=2021+WeatherTech+Family,89.5,99.97,108.54,93.31,78.07,-21.91,Q1,89.5,61.45
2021,55,Busch,Anheuser-Busch InBev,BUD,17,7.37,Above Average (Top 25%),False,True,False,False,False,False,False,CBS,100.8,5500000,7.55,6.32,0.85,3.79,46.22,https://www.youtube.com/results?search_query=2021+Busch+Let+s+Grab+a+Beer,89.5,99.97,108.54,93.31,78.07,-21.91,Q1,89.5,61.45
2021,55,Bud Light,Anheuser-Busch InBev,BUD,18,7.19,Above Average (Top 25%),True,True,False,False,False,False,False,CBS,100.8,5500000,8.33,6.07,0.23,5.1,55.3,https://www.youtube.com/results?search_query=2021+Bud+Light+Legends,89.5,99.97,108.54,93.31,78.07,-21.91,Q1,89.5,61.45
2021,55,Bud Light,Anheuser-Busch InBev,BUD,19,7.06,Above Average (Top 25%),False,True,False,False,False,False,False,CBS,100.8,5500000,7.82,7.09,0.14,3.81,44.43,https://www.youtube.com/results?search_query=2021+Bud+Light+Last+Year+s+Lemons,89.5,99.97,108.54,93.31,78.07,-21.91,Q1,89.5,61.45
2021,55,Tide,The Procter & Gamble Company,PG,20,7.08,Above Average (Top 25%),False,True,True,False,False,False,False,CBS,100.8,5500000,8.09,6.65,0.68,6.14,72.14,https://www.youtube.com/results?search_query=2021+Tide+The+Jason+Alexander+Hoodie,89.5,99.97,108.54,93.31,78.07,-21.91,Q1,89.5,61.45
2021,55,DoorDash,"DoorDash, Inc.",DASH,21,7.26,Mid-Tier,False,True,False,False,False,True,False,CBS,100.8,5500000,7.58,14.73,1.03,0.92,7.92,https://www.youtube.com/results?search_query=2021+DoorDash+The+Neighborhood,89.5,99.97,108.54,93.31,78.07,-21.91,Q1,89.5,61.45
2021,55,Uber Eats,Uber Technologies,UBER,22,6.86,Mid-Tier,False,True,False,True,False,False,False,CBS,100.8,5500000,6.71,13.25,-0.04,0.5,7.38,https://www.youtube.com/results?search_query=2021+Uber+Eats+Wayne+s+World+Cardi+B+s+Shameless+Manipulation,89.5,99.97,108.54,93.31,78.07,-21.91,Q1,89.5,61.45
2021,55,Grubhub,Just Eat Takeaway / Wonder,JTKWY,23,6.81,Mid-Tier,False,True,False,False,False,False,False,CBS,100.8,5500000,6.43,8.35,0.51,0.58,4.7,https://www.youtube.com/results?search_query=2021+Grubhub+Delivery+Dance,89.5,99.97,108.54,93.31,78.07,-21.91,Q1,89.5,61.45
2021,55,Disney+,The Walt Disney Company,DIS,24,6.81,Mid-Tier,False,True,True,False,False,False,False,CBS,100.8,5500000,6.89,8.46,0.34,0.96,11.77,https://www.youtube.com/results?search_query=2021+Disney+The+Falcon+and+the+Winter+Soldier+Disney,89.5,99.97,108.54,93.31,78.07,-21.91,Q1,89.5,61.45
2021,55,Paramount+,Paramount Global,PARA,25,6.7,Mid-Tier,False,True,False,False,False,False,False,CBS,100.8,5500000,6.31,6.78,-0.19,1.12,9.52,https://www.youtube.com/results?search_query=2021+Paramount+Sweet+Victory,89.5,99.97,108.54,93.31,78.07,-21.91,Q1,89.5,61.45
2021,55,Squarespace,"Squarespace, Inc.",SQSP,26,6.66,Mid-Tier,False,True,False,True,False,False,False,CBS,100.8,5500000,6.7,11.02,-1.15,0.99,8.16,https://www.youtube.com/results?search_query=2021+Squarespace+5+to+9,89.5,99.97,108.54,93.31,78.07,-21.91,Q1,89.5,61.45
2021,55,T-Mobile,T-Mobile US,TMUS,27,6.54,Mid-Tier,False,True,False,False,False,False,False,CBS,100.8,5500000,6.55,8.71,0.6,0.69,7.38,https://www.youtube.com/results?search_query=2021+T+Mobile+Family+Drama,89.5,99.97,108.54,93.31,78.07,-21.91,Q1,89.5,61.45
2021,55,Verizon,Verizon Communications,VZ,28,6.57,Mid-Tier,False,True,False,False,False,False,False,CBS,100.8,5500000,6.58,6.69,0.12,1.22,13.63,https://www.youtube.com/results?search_query=2021+Verizon+Can+t+Blame+the+Lag,89.5,99.97,108.54,93.31,78.07,-21.91,Q1,89.5,61.45
2022,56,Rocket Mortgage,Rocket Companies,RKT,1,6.82,Ad Meter Winner (#1),False,True,False,False,False,False,False,NBC,101.1,6500000,6.84,9.45,0.77,12.24,163.67,https://www.youtube.com/results?search_query=2022+Rocket+Mortgage+Dream+House+with+Anna+Kendrick+and+Barbie,93.23,104.14,113.07,97.2,111.08,6.66,Q2,104.14,62.42
2022,56,Amazon,"Amazon.com, Inc.",AMZN,2,6.78,Top 5 Elite,False,True,False,False,False,False,False,NBC,101.1,6500000,6.71,10.54,-0.57,10.86,137.28,https://www.youtube.com/results?search_query=2022+Amazon,93.23,104.14,113.07,97.2,111.08,6.66,Q2,104.14,62.42
2022,56,Lay's,PepsiCo (Frito-Lay),PEP,3,6.72,Top 5 Elite,False,True,False,True,False,False,False,NBC,101.1,6500000,6.69,8.14,0.72,13.56,171.78,https://www.youtube.com/results?search_query=2022+Lay+s+Golden+Memories,93.23,104.14,113.07,97.2,111.08,6.66,Q2,104.14,62.42
2022,56,BMW,BMW Group,BMWYY,5,6.58,Top 5 Elite,False,True,False,True,False,False,False,NBC,101.1,6500000,6.12,7.67,0.53,12.95,163.24,https://www.youtube.com/results?search_query=2022+BMW+Zeus+Hera,93.23,104.14,113.07,97.2,111.08,6.66,Q2,104.14,62.42
2022,56,Chevrolet,General Motors,GM,7,6.45,Top 10 High Performer,False,True,False,False,False,False,False,NBC,101.1,6500000,5.47,7.02,-0.54,10.45,123.44,https://www.youtube.com/results?search_query=2022+Chevrolet+New+Generation+The+Sopranos,93.23,104.14,113.07,97.2,111.08,6.66,Q2,104.14,62.42
2022,56,Chevrolet,General Motors,GM,7,6.45,Top 10 High Performer,False,True,True,False,False,True,False,NBC,101.1,6500000,5.89,7.52,-0.02,10.04,117.81,https://www.youtube.com/results?search_query=2022+Chevrolet+Walter+in+Winter,93.23,104.14,113.07,97.2,111.08,6.66,Q2,104.14,62.42
2022,56,Pringles,Kellanova,K,8,6.38,Top 10 High Performer,False,True,False,False,False,False,False,NBC,101.1,6500000,6.17,8.04,0.31,10.01,122.05,https://www.youtube.com/results?search_query=2022+Pringles+Stuck+In,93.23,104.14,113.07,97.2,111.08,6.66,Q2,104.14,62.42
2022,56,T-Mobile,T-Mobile US,TMUS,9,6.32,Top 10 High Performer,False,True,False,True,False,False,False,NBC,101.1,6500000,6.09,7.93,0.02,10.96,127.73,https://www.youtube.com/results?search_query=2022+T+Mobile+A+Message+from+Dolly+Do+It+for+the+Phones,93.23,104.14,113.07,97.2,111.08,6.66,Q2,104.14,62.42
2022,56,T-Mobile,T-Mobile US,TMUS,9,6.32,Top 10 High Performer,False,True,False,False,False,False,False,NBC,101.1,6500000,5.82,8.11,0.18,8.64,102.02,https://www.youtube.com/results?search_query=2022+T+Mobile+Duet+for+Home+Internet,93.23,104.14,113.07,97.2,111.08,6.66,Q2,104.14,62.42
2022,56,Uber Eats,Uber Technologies,UBER,10,6.25,Top 10 High Performer,False,True,False,False,False,False,False,NBC,101.1,6500000,5.64,13.21,-0.41,10.67,124.34,https://www.youtube.com/results?search_query=2022+Uber+Eats+Uber+Don+t+Eats,93.23,104.14,113.07,97.2,111.08,6.66,Q2,104.14,62.42
2022,56,Bud Light,Anheuser-Busch InBev,BUD,12,7.7,Above Average (Top 25%),False,True,False,False,False,False,False,NBC,101.1,6500000,9.13,7.0,1.0,4.19,41.16,https://www.youtube.com/results?search_query=2022+Bud+Light+Zero+in+the+Way+of+Possibility,93.23,104.14,113.07,97.2,111.08,6.66,Q2,104.14,62.42
2022,56,Bud Light,Anheuser-Busch InBev,BUD,13,7.4,Above Average (Top 25%),False,True,False,False,False,False,False,NBC,101.1,6500000,7.88,6.6,0.71,5.55,56.3,https://www.youtube.com/results?search_query=2022+Bud+Light+Land+of+Loud+Flavors,93.23,104.14,113.07,97.2,111.08,6.66,Q2,104.14,62.42
2022,56,Michelob Ultra,Anheuser-Busch InBev,BUD,14,7.46,Above Average (Top 25%),False,True,False,False,False,False,False,NBC,101.1,6500000,8.24,5.79,0.86,6.05,63.49,https://www.youtube.com/results?search_query=2022+Michelob+Ultra+Caddie,93.23,104.14,113.07,97.2,111.08,6.66,Q2,104.14,62.42
2022,56,Budweiser,Anheuser-Busch InBev,BUD,15,7.4,Above Average (Top 25%),False,True,False,False,False,True,False,NBC,101.1,6500000,8.18,5.95,0.75,4.91,49.2,https://www.youtube.com/results?search_query=2022+Budweiser+A+Clydesdale+s+Journey,93.23,104.14,113.07,97.2,111.08,6.66,Q2,104.14,62.42
2022,56,Michelob Ultra,Anheuser-Busch InBev,BUD,16,7.38,Above Average (Top 25%),False,True,False,True,False,False,False,NBC,101.1,6500000,8.11,6.2,0.61,4.75,46.77,https://www.youtube.com/results?search_query=2022+Michelob+Ultra+Welcome+to+Superior+Bowl,93.23,104.14,113.07,97.2,111.08,6.66,Q1,93.23,69.72
2022,56,AT&T,AT&T Inc.,T,17,7.27,Above Average (Top 25%),False,True,False,False,False,True,False,NBC,101.1,6500000,7.23,6.83,0.3,6.97,69.96,https://www.youtube.com/results?search_query=2022+AT+T+A+Lot+in+Common,93.23,104.14,113.07,97.2,111.08,6.66,Q1,93.23,69.72
2022,56,Kia,Kia Corp,000270.KS,18,7.15,Above Average (Top 25%),False,True,False,False,False,True,False,NBC,101.1,6500000,7.18,9.52,0.61,6.07,57.65,https://www.youtube.com/results?search_query=2022+Kia+Robo+Dog,93.23,104.14,113.07,97.2,111.08,6.66,Q1,93.23,69.72
2022,56,Toyota,Toyota Motor Corp,TM,19,7.03,Above Average (Top 25%),False,True,False,False,False,True,False,NBC,101.1,6500000,7.27,7.76,0.22,4.41,44.8,https://www.youtube.com/results?search_query=2022+Toyota+Mobility+for+All,93.23,104.14,113.07,97.2,111.08,6.66,Q1,93.23,69.72
2022,56,Toyota,Toyota Motor Corp,TM,20,7.06,Above Average (Top 25%),False,True,False,False,False,False,False,NBC,101.1,6500000,7.28,8.08,0.2,5.42,54.89,https://www.youtube.com/results?search_query=2022+Toyota+The+Joneses,93.23,104.14,113.07,97.2,111.08,6.66,Q1,93.23,69.72
2022,56,WeatherTech,MacNeil Automotive Products,PRIVATE,21,7.04,Mid-Tier,False,True,False,False,False,False,False,NBC,101.1,6500000,7.49,7.6,0.53,0.67,8.33,https://www.youtube.com/results?search_query=2022+WeatherTech+Special+Ops+Fit+Crew,93.23,104.14,113.07,97.2,111.08,6.66,Q1,93.23,69.72
2022,56,Coinbase,Coinbase Global,COIN,22,7.07,Mid-Tier,False,True,False,False,False,False,False,NBC,101.1,6500000,7.53,11.54,0.31,0.66,4.23,https://www.youtube.com/results?search_query=2022+Coinbase+Less+talk+more+Bitcoin,93.23,104.14,113.07,97.2,111.08,6.66,Q1,93.23,69.72
2022,56,Crypto.com,Foris DAX Asia,PRIVATE,23,7.07,Mid-Tier,False,True,False,False,False,False,False,NBC,101.1,6500000,7.36,10.86,0.37,0.82,5.58,https://www.youtube.com/results?search_query=2022+Crypto+com+The+Moment+of+Truth,93.23,104.14,113.07,97.2,111.08,6.66,Q1,93.23,69.72
2022,56,FTX,FTX Trading Ltd,PRIVATE,24,6.71,Mid-Tier,False,True,True,False,False,False,False,NBC,101.1,6500000,7.1,7.88,0.07,0.6,4.17,https://www.youtube.com/results?search_query=2022+FTX+Don+t+Miss+Out,93.23,104.14,113.07,97.2,111.08,6.66,Q1,93.23,69.72
2022,56,Salesforce,"Salesforce, Inc.",CRM,25,6.43,Mid-Tier,False,True,False,False,False,False,False,NBC,101.1,6500000,5.46,12.74,0.16,1.38,12.53,https://www.youtube.com/results?search_query=2022+Salesforce+The+New+Frontier,93.23,104.14,113.07,97.2,111.08,6.66,Q1,93.23,69.72
2022,56,Netflix,"Netflix, Inc.",NFLX,26,6.66,Mid-Tier,False,True,False,False,False,False,False,NBC,101.1,6500000,6.29,10.68,-0.1,1.61,13.62,https://www.youtube.com/results?search_query=2022+Netflix+Netflix+2022+films+The+Adam+Project,93.23,104.14,113.07,97.2,111.08,6.66,Q1,93.23,69.72
2022,56,Avocados from Mexico,Avocados From Mexico,PRIVATE,27,6.46,Mid-Tier,False,True,False,False,False,False,False,NBC,101.1,6500000,6.52,7.99,-0.18,0.88,7.5,https://www.youtube.com/results?search_query=2022+Avocados+from+Mexico+Big+Game+Commercial+2022,93.23,104.14,113.07,97.2,111.08,6.66,Q1,93.23,69.72
2022,56,Cheetos,PepsiCo (Frito-Lay),PEP,28,6.42,Mid-Tier,False,True,False,False,False,True,False,NBC,101.1,6500000,5.96,8.48,-0.16,0.61,3.16,https://www.youtube.com/results?search_query=2022+Cheetos+Push+It,93.23,104.14,113.07,97.2,111.08,6.66,Q1,93.23,69.72
2022,56,Hellmann's,Unilever,UL,29,6.43,Mid-Tier,True,True,False,False,False,True,False,NBC,101.1,6500000,6.85,7.39,-0.32,0.71,7.15,https://www.youtube.com/results?search_query=2022+Hellmann+s+Mayo+Tackles+Food+Waste,93.23,104.14,113.07,97.2,111.08,6.66,Q1,93.23,69.72
2022,56,Planters,Hormel Foods,HRL,30,6.51,Mid-Tier,False,True,False,True,False,False,False,NBC,101.1,6500000,6.35,7.17,-0.25,0.61,5.39,https://www.youtube.com/results?search_query=2022+Planters+Feed+the+Debate,93.23,104.14,113.07,97.2,111.08,6.66,Q1,93.23,69.72
2022,56,E-Trade,E*TRADE / Morgan Stanley,MS,31,6.27,Mid-Tier,False,True,False,False,False,False,False,NBC,101.1,6500000,5.82,11.45,0.81,1.31,10.89,https://www.youtube.com/results?search_query=2022+E+Trade+Off+the+Grid,93.23,104.14,113.07,97.2,111.08,6.66,Q3,97.2,66.87
2022,56,Gillette,The Procter & Gamble Company,PG,32,6.4,Mid-Tier,False,True,False,False,False,False,False,NBC,101.1,6500000,5.87,7.22,0.17,0.99,5.93,https://www.youtube.com/results?search_query=2022+Gillette+A+Quick+Easy+Shave,93.23,104.14,113.07,97.2,111.08,6.66,Q3,97.2,66.87
2022,56,Ring,Amazon.com,AMZN,33,6.03,Mid-Tier,False,True,False,False,False,False,False,NBC,101.1,6500000,5.17,8.49,0.19,1.06,8.05,https://www.youtube.com/results?search_query=2022+Ring+Stinkiness+Is+Unwelcome,93.23,104.14,113.07,97.2,111.08,6.66,Q3,97.2,66.87
2022,56,Google Pixel,Alphabet Inc.,GOOGL,34,5.94,Mid-Tier,False,True,False,False,False,False,False,NBC,101.1,6500000,4.72,11.86,-0.4,0.75,9.3,https://www.youtube.com/results?search_query=2022+Google+Pixel+Lizzo+in+Real+Tone,93.23,104.14,113.07,97.2,111.08,6.66,Q3,97.2,66.87
2022,56,Taco Bell,Yum! Brands,YUM,35,6.24,Mid-Tier,True,True,False,False,False,True,False,NBC,101.1,6500000,5.66,8.28,-0.08,0.72,6.61,https://www.youtube.com/results?search_query=2022+Taco+Bell+The+Grande+Escape,93.23,104.14,113.07,97.2,111.08,6.66,Q3,97.2,66.87
2022,56,Amazon Alexa,"Amazon.com, Inc.",AMZN,36,6.05,Mid-Tier,False,True,False,False,False,False,False,NBC,101.1,6500000,5.05,10.06,-0.4,1.48,14.07,https://www.youtube.com/results?search_query=2022+Amazon+Alexa+Mind+Reader,93.23,104.14,113.07,97.2,111.08,6.66,Q3,97.2,66.87
2022,56,Ring,Amazon.com,AMZN,37,5.6,Mid-Tier,False,True,False,False,False,False,False,NBC,101.1,6500000,4.52,7.24,-0.83,1.59,11.21,https://www.youtube.com/results?search_query=2022+Ring+Bring+Down+the+House,93.23,104.14,113.07,97.2,111.08,6.66,Q3,97.2,66.87
2022,56,Disney+,The Walt Disney Company,DIS,38,5.98,Mid-Tier,False,True,False,False,False,True,False,NBC,101.1,6500000,4.59,8.7,-0.68,0.66,5.49,https://www.youtube.com/results?search_query=2022+Disney+Disney+has+all+the+GOATs,93.23,104.14,113.07,97.2,111.08,6.66,Q3,97.2,66.87
2022,56,TurboTax,Intuit Inc.,INTU,39,5.87,Mid-Tier,False,True,False,False,False,False,False,NBC,101.1,6500000,4.77,11.82,-0.16,1.0,7.47,https://www.youtube.com/results?search_query=2022+TurboTax+Matchmaker,93.23,104.14,113.07,97.2,111.08,6.66,Q3,97.2,66.87
2022,56,Booking.com,Booking Holdings,BKNG,40,5.83,Mid-Tier,False,True,False,False,False,False,False,NBC,101.1,6500000,4.21,11.02,-0.36,0.71,5.36,https://www.youtube.com/results?search_query=2022+Booking+com+Idris+Elba+says+things,93.23,104.14,113.07,97.2,111.08,6.66,Q3,97.2,66.87
2022,56,Expedia,Expedia Group,EXPE,41,5.93,Below Average,False,True,False,False,False,False,False,NBC,101.1,6500000,5.0,10.39,-0.11,0.75,6.82,https://www.youtube.com/results?search_query=2022+Expedia+Made+to+Travel,93.23,104.14,113.07,97.2,111.08,6.66,Q3,97.2,66.87
2022,56,Disney+,The Walt Disney Company,DIS,42,5.58,Below Average,False,True,False,False,False,False,False,NBC,101.1,6500000,3.93,8.22,-0.95,1.55,14.58,https://www.youtube.com/results?search_query=2022+Disney,93.23,104.14,113.07,97.2,111.08,6.66,Q3,97.2,66.87
2022,56,Squarespace,"Squarespace, Inc.",SQSP,43,5.61,Below Average,False,True,False,False,False,False,False,NBC,101.1,6500000,4.13,11.99,-1.15,1.26,16.54,https://www.youtube.com/results?search_query=2022+Squarespace+Sally+s+Seashells,93.23,104.14,113.07,97.2,111.08,6.66,Q3,97.2,66.87
2022,56,Verizon,Verizon Communications,VZ,44,5.59,Below Average,False,True,False,False,False,False,False,NBC,101.1,6500000,4.29,6.57,-0.58,1.07,10.98,https://www.youtube.com/results?search_query=2022+Verizon+Goodbye+Cable,93.23,104.14,113.07,97.2,111.08,6.66,Q3,97.2,66.87
2023,57,The Farmer's Dog,"The Farmer's Dog, Inc.",PRIVATE,1,6.56,Ad Meter Winner (#1),False,True,False,False,False,True,False,Fox,115.1,7000000,6.93,12.27,-0.06,15.06,192.67,https://www.youtube.com/results?search_query=2023+The+Farmer+s+Dog+Forever,107.36,119.92,130.2,111.93,127.92,6.67,Q2,119.92,58.37
2023,57,Amazon,"Amazon.com, Inc.",AMZN,3,6.48,Top 5 Elite,False,True,False,False,False,True,False,Fox,115.1,7000000,6.11,9.9,-0.29,13.54,159.25,https://www.youtube.com/results?search_query=2023+Amazon+Saving+Sawyer,107.36,119.92,130.2,111.93,127.92,6.67,Q2,119.92,58.37
2023,57,Dunkin',Inspire Brands,PRIVATE,4,6.42,Top 5 Elite,False,True,False,True,False,False,False,Fox,115.1,7000000,6.15,7.48,-0.1,13.13,152.34,https://www.youtube.com/results?search_query=2023+Dunkin+Drive+Thru,107.36,119.92,130.2,111.93,127.92,6.67,Q2,119.92,58.37
2023,57,PopCorners,PepsiCo (Frito-Lay),PEP,5,6.38,Top 5 Elite,False,True,False,False,False,False,False,Fox,115.1,7000000,5.82,8.42,-0.21,13.67,157.06,https://www.youtube.com/results?search_query=2023+PopCorners+Breaking+Good,107.36,119.92,130.2,111.93,127.92,6.67,Q2,119.92,58.37
2023,57,Jeep,Stellantis,STLA,6,6.32,Top 10 High Performer,False,True,False,False,False,True,False,Fox,115.1,7000000,5.36,6.41,0.31,10.43,111.08,https://www.youtube.com/results?search_query=2023+Jeep+Electric+Boogie,107.36,119.92,130.2,111.93,127.92,6.67,Q2,119.92,58.37
2023,57,T-Mobile,T-Mobile US,TMUS,7,6.25,Top 10 High Performer,False,True,False,False,False,False,False,Fox,115.1,7000000,5.55,8.81,-0.35,11.48,127.42,https://www.youtube.com/results?search_query=2023+T+Mobile+Bradley+Cooper+and+His+Mom+Attempt+A+T+Mobile+Commercial,107.36,119.92,130.2,111.93,127.92,6.67,Q2,119.92,58.37
2023,57,T-Mobile,T-Mobile US,TMUS,7,6.25,Top 10 High Performer,False,True,False,True,False,False,False,Fox,115.1,7000000,5.77,8.17,-0.33,10.02,111.29,https://www.youtube.com/results?search_query=2023+T+Mobile+New+Year+New+Neighbor,107.36,119.92,130.2,111.93,127.92,6.67,Q2,119.92,58.37
2023,57,Michelob Ultra,Anheuser-Busch InBev,BUD,10,6.05,Top 10 High Performer,True,True,False,True,False,False,False,Fox,115.1,7000000,5.36,6.45,-0.75,8.77,94.28,https://www.youtube.com/results?search_query=2023+Michelob+Ultra+New+Members+Day,107.36,119.92,130.2,111.93,127.92,6.67,Q2,119.92,58.37
2023,57,Google Pixel,Alphabet Inc.,GOOGL,11,6.0,Above Average (Top 25%),False,True,False,False,False,False,False,Fox,115.1,7000000,5.16,11.18,-0.44,6.21,55.68,https://www.youtube.com/results?search_query=2023+Google+Pixel+Fixed+on+Pixel,107.36,119.92,130.2,111.93,127.92,6.67,Q2,119.92,58.37
2023,57,Bud Light,Anheuser-Busch InBev,BUD,12,7.61,Above Average (Top 25%),False,True,False,False,False,False,False,Fox,115.1,7000000,8.41,6.41,0.78,6.69,63.02,https://www.youtube.com/results?search_query=2023+Bud+Light+Bud+Light+Hold,107.36,119.92,130.2,111.93,127.92,6.67,Q2,119.92,58.37
2023,57,Busch,Anheuser-Busch InBev,BUD,13,7.58,Above Average (Top 25%),False,True,False,False,False,True,False,Fox,115.1,7000000,8.12,6.94,0.28,4.3,41.94,https://www.youtube.com/results?search_query=2023+Busch+The+Busch+Guide+Shelter,107.36,119.92,130.2,111.93,127.92,6.67,Q2,119.92,58.37
2023,57,Crown Royal,Diageo,DEO,14,7.41,Above Average (Top 25%),False,True,False,False,False,False,False,Fox,115.1,7000000,8.23,7.65,0.76,5.55,52.25,https://www.youtube.com/results?search_query=2023+Crown+Royal+Thank+You+O+Canada,107.36,119.92,130.2,111.93,127.92,6.67,Q2,119.92,58.37
2023,57,Heineken,Heineken N.V.,HEINY,15,7.52,Above Average (Top 25%),False,True,False,True,False,False,False,Fox,115.1,7000000,7.97,6.87,0.89,7.2,69.44,https://www.youtube.com/results?search_query=2023+Heineken+Shrinking+and+Drinking+Now+You+Can,107.36,119.92,130.2,111.93,127.92,6.67,Q2,119.92,58.37
2023,57,Pepsi,PepsiCo,PEP,16,7.14,Above Average (Top 25%),False,True,False,False,False,False,False,Fox,115.1,7000000,8.04,7.13,0.03,4.85,40.73,https://www.youtube.com/results?search_query=2023+Pepsi+Great+Acting+or+Great+Taste,107.36,119.92,130.2,111.93,127.92,6.67,Q1,107.36,65.2
2023,57,M&M's,"Mars, Inc.",PRIVATE,17,7.09,Above Average (Top 25%),False,True,False,False,False,False,False,Fox,115.1,7000000,7.22,7.68,0.1,6.66,60.47,https://www.youtube.com/results?search_query=2023+M+M+s+Ma+Ya+s,107.36,119.92,130.2,111.93,127.92,6.67,Q1,107.36,65.2
2023,57,Netflix,"Netflix, Inc.",NFLX,18,7.45,Above Average (Top 25%),False,True,False,False,False,False,False,Fox,115.1,7000000,8.52,10.65,-0.28,3.96,41.35,https://www.youtube.com/results?search_query=2023+Netflix+Why+not+an+EV,107.36,119.92,130.2,111.93,127.92,6.67,Q1,107.36,65.2
2023,57,Kia,Kia Corp,000270.KS,19,7.28,Above Average (Top 25%),False,True,True,False,False,True,False,Fox,115.1,7000000,8.21,9.84,0.77,7.86,72.48,https://www.youtube.com/results?search_query=2023+Kia+Binky+Dad,107.36,119.92,130.2,111.93,127.92,6.67,Q1,107.36,65.2
2023,57,Ram,Stellantis,STLA,20,7.1,Above Average (Top 25%),False,True,False,False,False,True,False,Fox,115.1,7000000,7.38,7.25,0.34,4.93,43.88,https://www.youtube.com/results?search_query=2023+Ram+Premature+Electrification,107.36,119.92,130.2,111.93,127.92,6.67,Q1,107.36,65.2
2023,57,WeatherTech,MacNeil Automotive Products,PRIVATE,21,6.87,Mid-Tier,False,True,True,True,False,False,False,Fox,115.1,7000000,6.78,7.48,0.68,0.93,10.34,https://www.youtube.com/results?search_query=2023+WeatherTech+We+All+Win,107.36,119.92,130.2,111.93,127.92,6.67,Q1,107.36,65.2
2023,57,Workday,"Workday, Inc.",WDAY,22,7.01,Mid-Tier,False,True,False,True,False,False,False,Fox,115.1,7000000,7.05,12.29,0.24,1.37,10.45,https://www.youtube.com/results?search_query=2023+Workday+Rockstar,107.36,119.92,130.2,111.93,127.92,6.67,Q1,107.36,65.2
2023,57,DoorDash,"DoorDash, Inc.",DASH,23,7.02,Mid-Tier,False,True,False,False,False,False,False,Fox,115.1,7000000,7.24,13.94,0.32,1.31,10.54,https://www.youtube.com/results?search_query=2023+DoorDash+We+Get+Groceries,107.36,119.92,130.2,111.93,127.92,6.67,Q1,107.36,65.2
2023,57,Avocados from Mexico,Avocados From Mexico,PRIVATE,24,6.86,Mid-Tier,False,True,False,False,False,False,False,Fox,115.1,7000000,6.93,7.62,-0.06,1.29,8.81,https://www.youtube.com/results?search_query=2023+Avocados+from+Mexico+Make+It+Better,107.36,119.92,130.2,111.93,127.92,6.67,Q1,107.36,65.2
2023,57,Hellmann's,Unilever,UL,25,6.86,Mid-Tier,False,True,False,False,False,True,False,Fox,115.1,7000000,6.82,6.98,0.44,0.84,5.16,https://www.youtube.com/results?search_query=2023+Hellmann+s+Who+s+in+the+Fridge,107.36,119.92,130.2,111.93,127.92,6.67,Q1,107.36,65.2
2023,57,Doritos,PepsiCo (Frito-Lay),PEP,26,6.77,Mid-Tier,False,True,False,True,False,False,False,Fox,115.1,7000000,6.62,9.12,-0.12,1.3,10.77,https://www.youtube.com/results?search_query=2023+Doritos+Jack+s+New+Angle,107.36,119.92,130.2,111.93,127.92,6.67,Q1,107.36,65.2
2023,57,Planters,Hormel Foods,HRL,27,6.86,Mid-Tier,False,True,False,False,False,False,False,Fox,115.1,7000000,6.52,6.94,-0.08,1.59,12.12,https://www.youtube.com/results?search_query=2023+Planters+Made+to+Be+Roasted,107.36,119.92,130.2,111.93,127.92,6.67,Q1,107.36,65.2
2023,57,Pringles,Kellanova,K,28,6.56,Mid-Tier,False,True,False,False,False,False,False,Fox,115.1,7000000,6.72,7.37,0.08,0.72,5.65,https://www.youtube.com/results?search_query=2023+Pringles+Best+of+Us,107.36,119.92,130.2,111.93,127.92,6.67,Q1,107.36,65.2
2023,57,Walt Disney,The Walt Disney Company,DIS,29,6.37,Mid-Tier,False,True,False,False,False,False,False,Fox,115.1,7000000,6.36,8.75,-0.35,1.38,11.45,https://www.youtube.com/results?search_query=2023+Walt+Disney+Disney+100+Special+Look,107.36,119.92,130.2,111.93,127.92,6.67,Q1,107.36,65.2
2023,57,E-Trade,E*TRADE / Morgan Stanley,MS,30,6.34,Mid-Tier,False,True,False,False,False,False,False,Fox,115.1,7000000,5.26,11.19,-0.57,0.98,6.28,https://www.youtube.com/results?search_query=2023+E+Trade+Wedding,107.36,119.92,130.2,111.93,127.92,6.67,Q1,107.36,65.2
2023,57,NFL,National Football League,PRIVATE,31,6.34,Mid-Tier,False,True,True,False,True,False,False,Fox,115.1,7000000,5.73,9.84,-0.73,1.61,13.58,https://www.youtube.com/results?search_query=2023+NFL+Run+With+It,107.36,119.92,130.2,111.93,127.92,6.67,Q3,111.93,62.54
2023,57,Skechers,Skechers U.S.A.,SKX,32,6.42,Mid-Tier,False,True,False,True,False,True,False,Fox,115.1,7000000,6.3,9.37,-0.51,1.74,13.04,https://www.youtube.com/results?search_query=2023+Skechers+Sketches+x+Snoop+Dogg+Big+Game+Commercial,107.36,119.92,130.2,111.93,127.92,6.67,Q3,111.93,62.54
2023,57,Paramount+,Paramount Global,PARA,33,6.21,Mid-Tier,False,True,False,False,True,False,False,Fox,115.1,7000000,5.74,7.43,0.16,1.3,10.6,https://www.youtube.com/results?search_query=2023+Paramount+Stallone+Face,107.36,119.92,130.2,111.93,127.92,6.67,Q3,111.93,62.54
2023,57,Tubi,Fox Corporation,FOXA,34,6.1,Mid-Tier,False,True,False,False,False,False,False,Fox,115.1,7000000,5.29,7.7,-0.1,0.6,6.63,https://www.youtube.com/results?search_query=2023+Tubi+Rabbit+Hole,107.36,119.92,130.2,111.93,127.92,6.67,Q3,111.93,62.54
2023,57,TurboTax,Intuit Inc.,INTU,35,5.95,Mid-Tier,False,True,False,False,False,False,False,Fox,115.1,7000000,4.64,12.08,-0.54,1.67,9.45,https://www.youtube.com/results?search_query=2023+TurboTax+Dancer,107.36,119.92,130.2,111.93,127.92,6.67,Q3,111.93,62.54
2023,57,Netflix,"Netflix, Inc.",NFLX,36,6.07,Mid-Tier,True,True,False,False,False,False,False,Fox,115.1,7000000,5.13,9.83,-0.23,1.65,17.95,https://www.youtube.com/results?search_query=2023+Netflix,107.36,119.92,130.2,111.93,127.92,6.67,Q3,111.93,62.54
2023,57,Booking.com,Booking Holdings,BKNG,37,5.98,Mid-Tier,False,True,False,False,False,False,False,Fox,115.1,7000000,4.99,11.23,-0.27,1.67,13.29,https://www.youtube.com/results?search_query=2023+Booking+com+Somewhere+Anywhere,107.36,119.92,130.2,111.93,127.92,6.67,Q3,111.93,62.54
2023,57,Squarespace,"Squarespace, Inc.",SQSP,38,5.77,Mid-Tier,False,True,False,False,False,False,False,Fox,115.1,7000000,4.54,11.5,-0.2,0.72,6.61,https://www.youtube.com/results?search_query=2023+Squarespace+The+Singularity,107.36,119.92,130.2,111.93,127.92,6.67,Q3,111.93,62.54
2024,58,Dunkin',Inspire Brands,PRIVATE,1,7.98,Ad Meter Winner (#1),True,True,False,True,False,False,False,CBS,123.7,7000000,8.44,7.89,1.39,12.6,187.93,,113.08,126.31,137.14,117.89,134.74,6.67,Q2,126.31,55.42
2024,58,State Farm,State Farm Mutual Automobile Insurance,PRIVATE,1,6.68,Ad Meter Winner (#1),False,True,False,True,False,False,False,CBS,123.7,7000000,6.8,8.14,0.45,14.47,181.56,https://www.youtube.com/results?search_query=2024+State+Farm+Like+a+good+neighbaaa,113.08,126.31,137.14,117.89,134.74,6.67,Q2,126.31,55.42
2024,58,Doritos,PepsiCo (Frito-Lay),PEP,2,7.92,Top 5 Elite,True,True,False,False,False,False,False,CBS,123.7,7000000,8.29,7.86,0.98,12.6,184.59,,113.08,126.31,137.14,117.89,134.74,6.67,Q2,126.31,55.42
2024,58,Volkswagen,Volkswagen Group,VWAGY,6,6.38,Top 10 High Performer,False,True,True,True,False,False,False,CBS,123.7,7000000,5.72,7.36,-0.37,8.83,96.76,https://www.youtube.com/results?search_query=2024+Volkswagen+An+American+Love+Story,113.08,126.31,137.14,117.89,134.74,6.67,Q2,126.31,55.42
2024,58,BMW,BMW Group,BMWYY,8,6.25,Top 10 High Performer,False,True,False,False,False,False,False,CBS,123.7,7000000,6.37,7.36,-0.47,10.33,114.69,https://www.youtube.com/results?search_query=2024+BMW+Talkin+Like+Walken,113.08,126.31,137.14,117.89,134.74,6.67,Q2,126.31,55.42
2024,58,T-Mobile,T-Mobile US,TMUS,10,6.12,Top 10 High Performer,False,True,False,True,False,False,False,CBS,123.7,7000000,5.61,8.06,-0.83,9.4,106.4,https://www.youtube.com/results?search_query=2024+T+Mobile+Auditions,113.08,126.31,137.14,117.89,134.74,6.67,Q2,126.31,55.42
2024,58,T-Mobile,T-Mobile US,TMUS,10,6.12,Top 10 High Performer,False,True,False,False,False,False,False,CBS,123.7,7000000,5.38,7.98,-0.11,10.42,117.07,https://www.youtube.com/results?search_query=2024+T+Mobile+That+Home+Internet+Feeling,113.08,126.31,137.14,117.89,134.74,6.67,Q2,126.31,55.42
2024,58,Hellmann's,Unilever,UL,11,6.05,Above Average (Top 25%),False,True,False,False,False,True,False,CBS,123.7,7000000,4.7,7.0,-0.79,7.33,64.46,https://www.youtube.com/results?search_query=2024+Hellmann+s+Mayo+Cat,113.08,126.31,137.14,117.89,134.74,6.67,Q2,126.31,55.42
2024,58,Toyota,Toyota Motor Corp,TM,12,7.63,Above Average (Top 25%),False,True,False,False,False,False,False,CBS,123.7,7000000,8.62,6.84,0.49,5.98,53.65,https://www.youtube.com/results?search_query=2024+Toyota+Dareful+Handle,113.08,126.31,137.14,117.89,134.74,6.67,Q2,126.31,55.42
2024,58,Reese's,The Hershey Company,HSY,12,5.98,Above Average (Top 25%),False,True,False,False,True,False,False,CBS,123.7,7000000,4.77,7.57,-0.63,4.36,39.66,https://www.youtube.com/results?search_query=2024+Reese+s+Big+Cups+YES,113.08,126.31,137.14,117.89,134.74,6.67,Q2,126.31,55.42
2024,58,Kia,Kia Corp,000270.KS,13,7.49,Above Average (Top 25%),False,True,False,False,False,True,False,CBS,123.7,7000000,7.91,9.84,1.16,4.49,44.13,https://www.youtube.com/results?search_query=2024+Kia+Perfect+10,113.08,126.31,137.14,117.89,134.74,6.67,Q2,126.31,55.42
2024,58,Ring,Amazon.com,AMZN,14,7.37,Above Average (Top 25%),False,True,False,False,False,False,False,CBS,123.7,7000000,7.93,7.85,0.6,5.99,52.55,https://www.youtube.com/results?search_query=2024+Ring+Almost+Champions+Ring+of+Comfort,113.08,126.31,137.14,117.89,134.74,6.67,Q2,126.31,55.42
2024,58,Pringles,Kellanova,K,15,7.48,Above Average (Top 25%),False,True,False,False,False,False,False,CBS,123.7,7000000,8.43,9.16,0.25,7.57,69.87,https://www.youtube.com/results?search_query=2024+Pringles+Mr+P,113.08,126.31,137.14,117.89,134.74,6.67,Q2,126.31,55.42
2024,58,Skechers,Skechers U.S.A.,SKX,16,7.24,Above Average (Top 25%),False,True,False,False,False,False,False,CBS,123.7,7000000,7.87,8.43,0.51,3.9,34.23,https://www.youtube.com/results?search_query=2024+Skechers+There+s+No+T+in+Skechers,113.08,126.31,137.14,117.89,134.74,6.67,Q1,113.08,61.9
2024,58,Mountain Dew,PepsiCo,PEP,17,7.24,Above Average (Top 25%),False,True,False,False,False,False,False,CBS,123.7,7000000,7.12,8.53,0.03,5.21,48.3,https://www.youtube.com/results?search_query=2024+Mountain+Dew+Having+a+Blast,113.08,126.31,137.14,117.89,134.74,6.67,Q1,113.08,61.9
2024,58,Bud Light,Anheuser-Busch InBev,BUD,18,7.16,Above Average (Top 25%),False,True,False,False,False,False,False,CBS,123.7,7000000,8.12,5.76,-0.17,5.78,54.24,https://www.youtube.com/results?search_query=2024+Bud+Light+Easy+Night+Out,113.08,126.31,137.14,117.89,134.74,6.67,Q1,113.08,61.9
2024,58,Budweiser,Anheuser-Busch InBev,BUD,19,7.14,Above Average (Top 25%),False,True,False,False,False,True,False,CBS,123.7,7000000,7.89,5.63,-0.18,7.38,67.72,https://www.youtube.com/results?search_query=2024+Budweiser+Old+School+Delivery,113.08,126.31,137.14,117.89,134.74,6.67,Q1,113.08,61.9
2024,58,Michelob Ultra,Anheuser-Busch InBev,BUD,20,7.31,Above Average (Top 25%),False,True,False,True,False,True,False,CBS,123.7,7000000,7.71,6.73,0.6,6.52,59.26,https://www.youtube.com/results?search_query=2024+Michelob+Ultra+Superior+Beach,113.08,126.31,137.14,117.89,134.74,6.67,Q1,113.08,61.9
2024,58,NFL,National Football League,PRIVATE,21,7.01,Mid-Tier,False,True,False,True,False,True,False,CBS,123.7,7000000,6.86,9.76,0.32,1.37,14.21,https://www.youtube.com/results?search_query=2024+NFL+Migration,113.08,126.31,137.14,117.89,134.74,6.67,Q1,113.08,61.9
2024,58,Paramount+,Paramount Global,PARA,22,6.88,Mid-Tier,False,True,False,False,False,False,False,CBS,123.7,7000000,7.02,6.79,-0.14,0.98,9.06,https://www.youtube.com/results?search_query=2024+Paramount+Knuckles,113.08,126.31,137.14,117.89,134.74,6.67,Q1,113.08,61.9
2024,58,Paramount+,Paramount Global,PARA,23,6.99,Mid-Tier,False,True,False,True,False,False,False,CBS,123.7,7000000,7.05,7.2,0.37,1.47,10.13,https://www.youtube.com/results?search_query=2024+Paramount+Hail+Patrick,113.08,126.31,137.14,117.89,134.74,6.67,Q1,113.08,61.9
2024,58,Verizon,Verizon Communications,VZ,24,6.71,Mid-Tier,False,True,False,False,True,False,False,CBS,123.7,7000000,6.88,6.53,0.17,1.25,11.31,https://www.youtube.com/results?search_query=2024+Verizon+Can+t+B+Broken,113.08,126.31,137.14,117.89,134.74,6.67,Q1,113.08,61.9
2024,58,Ram,Stellantis,STLA,25,6.8,Mid-Tier,False,True,False,False,False,False,False,CBS,123.7,7000000,6.51,7.16,0.33,0.83,6.1,https://www.youtube.com/results?search_query=2024+Ram+Javier+in+Frame,113.08,126.31,137.14,117.89,134.74,6.67,Q1,113.08,61.9
2024,58,Squarespace,"Squarespace, Inc.",SQSP,26,6.53,Mid-Tier,False,True,False,False,False,False,False,CBS,123.7,7000000,5.56,12.43,-0.44,1.68,12.23,https://www.youtube.com/results?search_query=2024+Squarespace+Hello+Down+There,113.08,126.31,137.14,117.89,134.74,6.67,Q1,113.08,61.9
2024,58,DoorDash,"DoorDash, Inc.",DASH,27,6.56,Mid-Tier,False,True,False,False,False,False,False,CBS,123.7,7000000,6.32,14.13,-0.5,1.53,13.85,https://www.youtube.com/results?search_query=2024+DoorDash+DoorDash+All+the+Ads,113.08,126.31,137.14,117.89,134.74,6.67,Q1,113.08,61.9
2024,58,Disney+,The Walt Disney Company,DIS,28,6.51,Mid-Tier,False,True,False,False,False,False,False,CBS,123.7,7000000,6.24,8.09,0.5,1.56,14.03,https://www.youtube.com/results?search_query=2024+Disney+Well+Said+Well+Thank+You,113.08,126.31,137.14,117.89,134.74,6.67,Q1,113.08,61.9
2024,58,E-Trade,E*TRADE / Morgan Stanley,MS,29,6.55,Mid-Tier,False,True,False,False,False,False,False,CBS,123.7,7000000,5.9,11.17,0.08,1.68,13.26,https://www.youtube.com/results?search_query=2024+E+Trade+Pickle+Babies,113.08,126.31,137.14,117.89,134.74,6.67,Q1,113.08,61.9
2024,58,TurboTax,Intuit Inc.,INTU,30,6.45,Mid-Tier,False,True,False,False,False,True,False,CBS,123.7,7000000,5.81,12.16,0.1,1.16,10.1,https://www.youtube.com/results?search_query=2024+TurboTax+Make+Your+Moves+Count,113.08,126.31,137.14,117.89,134.74,6.67,Q1,113.08,61.9
2024,58,Ring,Amazon.com,AMZN,31,6.42,Mid-Tier,False,True,False,False,False,False,False,CBS,123.7,7000000,6.69,8.5,-0.79,1.23,9.82,https://www.youtube.com/results?search_query=2024+Ring+Worth+Remembering,113.08,126.31,137.14,117.89,134.74,6.67,Q3,117.89,59.38
2024,58,Booking.com,Booking Holdings,BKNG,32,6.36,Mid-Tier,False,True,False,False,False,False,False,CBS,123.7,7000000,5.94,11.98,0.07,0.75,5.39,https://www.youtube.com/results?search_query=2024+Booking+com+Tina+Fey+Books+Whoever+She+Wants+to+Be,113.08,126.31,137.14,117.89,134.74,6.67,Q3,117.89,59.38
2024,58,Microsoft,Microsoft Corporation,MSFT,33,6.2,Mid-Tier,False,True,False,False,False,False,False,CBS,123.7,7000000,5.73,11.38,0.17,0.8,5.44,https://www.youtube.com/results?search_query=2024+Microsoft+Watch+Me,113.08,126.31,137.14,117.89,134.74,6.67,Q3,117.89,59.38
2024,58,NFL,National Football League,PRIVATE,34,6.34,Mid-Tier,False,True,True,True,False,False,False,CBS,123.7,7000000,6.1,9.19,-0.03,0.98,8.26,https://www.youtube.com/results?search_query=2024+NFL+Born+to+Play,113.08,126.31,137.14,117.89,134.74,6.67,Q3,117.89,59.38
2025,59,Foundation to Combat Antisemitism,FCAS Non-Profit,NONPROFIT,1,7.5,Ad Meter Winner (#1),False,True,True,True,False,False,False,Fox,127.7,8000000,7.66,7.73,0.46,14.4,176.07,,,,,,,,Q2,,
2025,59,Bud Light,Anheuser-Busch InBev,BUD,2,8.5,Top 5 Elite,True,True,False,True,False,False,False,Fox,127.7,8000000,9.81,8.16,1.09,14.4,225.49,,,,,,,,Q2,,
2025,59,Pringles,Kellanova,K,3,8.22,Top 5 Elite,True,True,False,True,False,False,False,Fox,127.7,8000000,9.65,8.13,2.1,14.4,221.81,,,,,,,,Q2,,
2025,59,Budweiser,Anheuser-Busch InBev,BUD,4,6.96,Top 5 Elite,False,True,True,False,False,True,False,Fox,127.7,8000000,6.54,7.51,0.84,14.4,150.33,,,,,,,,Q2,,
2025,59,Tubi,Fox Corporation,FOXA,5,7.83,Top 5 Elite,True,True,False,False,False,False,False,Fox,127.7,8000000,7.84,7.77,1.29,14.4,180.21,,,,,,,,Q2,,
2025,59,Ram,Stellantis,STLA,6,7.42,Top 10 High Performer,False,True,False,False,False,False,False,Fox,127.7,8000000,7.96,8.15,0.38,12.09,116.74,https://www.youtube.com/results?search_query=2025+Ram+Goldilocks+and+the+Three+Trucks,,,,,,,Q2,,
2025,59,Mountain Dew,PepsiCo,PEP,7,7.35,Top 10 High Performer,False,True,False,False,False,False,True,Fox,127.7,8000000,7.87,8.38,0.39,13.19,123.56,https://www.youtube.com/results?search_query=2025+Mountain+Dew+Kiss+from+a+Lime,,,,,,,Q2,,
2025,59,Reese's,The Hershey Company,HSY,8,7.28,Top 10 High Performer,False,True,False,False,False,False,False,Fox,127.7,8000000,7.46,7.36,0.75,11.87,114.9,https://www.youtube.com/results?search_query=2025+Reese+s+Don+t+Eat+Lava,,,,,,,Q2,,
2025,59,Hellmann's,Unilever,UL,9,7.2,Top 10 High Performer,False,True,False,False,True,True,False,Fox,127.7,8000000,7.06,7.06,0.38,12.15,117.32,https://www.youtube.com/results?search_query=2025+Hellmann+s+When+Sally+Met+Hellmann+s+When+Sally+Met+Best+Foods,,,,,,,Q2,,
2025,59,Michelob Ultra,Anheuser-Busch InBev,BUD,10,7.15,Top 10 High Performer,False,True,False,False,False,True,False,Fox,127.7,8000000,8.01,5.75,-0.0,10.54,102.89,https://www.youtube.com/results?search_query=2025+Michelob+Ultra+The+Ultra+Hustle,,,,,,,Q2,,
2025,59,Stella Artois,Anheuser-Busch InBev,BUD,12,7.74,Above Average (Top 25%),False,True,True,True,False,False,False,Fox,127.7,8000000,9.58,5.96,1.21,4.85,38.26,https://www.youtube.com/results?search_query=2025+Stella+Artois+David+and+Dave+the+other+David,,,,,,,Q2,,
2025,59,Jeep,Stellantis,STLA,13,7.73,Above Average (Top 25%),False,True,True,True,False,False,False,Fox,127.7,8000000,9.62,7.83,1.13,8.26,68.67,https://www.youtube.com/results?search_query=2025+Jeep+Owner+s+Manual,,,,,,,Q2,,
2025,59,Doritos,PepsiCo (Frito-Lay),PEP,14,7.37,Above Average (Top 25%),False,True,False,True,True,False,False,Fox,127.7,8000000,7.77,8.56,0.48,8.17,65.47,https://www.youtube.com/results?search_query=2025+Doritos+Abduction,,,,,,,Q2,,
2025,59,Dunkin',Inspire Brands,PRIVATE,15,7.49,Above Average (Top 25%),False,True,False,True,False,False,False,Fox,127.7,8000000,8.51,6.64,0.9,5.11,40.09,https://www.youtube.com/results?search_query=2025+Dunkin+DunKings+2+The+Movie,,,,,,,Q2,,
2025,59,Lay's,PepsiCo (Frito-Lay),PEP,16,7.38,Above Average (Top 25%),False,True,False,False,False,False,False,Fox,127.7,8000000,8.65,8.02,0.42,6.37,52.28,https://www.youtube.com/results?search_query=2025+Lay+s+The+Little+Farmer,,,,,,,Q1,,
2025,59,Oikos,Danone,DANOY,17,7.2,Above Average (Top 25%),False,True,False,False,False,True,False,Fox,127.7,8000000,8.01,7.65,0.96,5.29,40.16,https://www.youtube.com/results?search_query=2025+Oikos+Surprising+Strength,,,,,,,Q1,,
2025,59,Ritz,Mondelēz International,MDLZ,18,7.16,Above Average (Top 25%),False,True,False,False,False,False,False,Fox,127.7,8000000,7.42,7.25,0.57,6.6,52.56,https://www.youtube.com/results?search_query=2025+Ritz+Ritz+s+Salty+Club,,,,,,,Q1,,
2025,59,Taco Bell,Yum! Brands,YUM,19,6.98,Above Average (Top 25%),False,True,False,False,False,True,False,Fox,127.7,8000000,7.16,8.19,0.13,6.78,58.41,https://www.youtube.com/results?search_query=2025+Taco+Bell+The+Fans,,,,,,,Q1,,
2025,59,Nike,"Nike, Inc.",NKE,20,7.0,Above Average (Top 25%),False,True,False,True,False,False,False,Fox,127.7,8000000,7.03,8.61,-0.07,8.01,65.68,https://www.youtube.com/results?search_query=2025+Nike+So+Win,,,,,,,Q1,,
2025,59,Rocket Mortgage,Rocket Companies,RKT,21,7.03,Mid-Tier,False,True,False,False,False,False,False,Fox,127.7,8000000,7.32,8.96,-0.01,0.98,6.28,https://www.youtube.com/results?search_query=2025+Rocket+Mortgage+Own+the+Dream,,,,,,,Q1,,
2025,59,NFL,National Football League,PRIVATE,22,6.96,Mid-Tier,False,True,True,True,False,False,False,Fox,127.7,8000000,7.62,9.37,0.77,0.73,4.48,https://www.youtube.com/results?search_query=2025+NFL+Somebody,,,,,,,Q1,,
2025,59,NFL,National Football League,PRIVATE,23,6.79,Mid-Tier,False,True,True,False,False,True,False,Fox,127.7,8000000,6.96,9.78,-0.26,1.2,9.72,https://www.youtube.com/results?search_query=2025+NFL+Flag+50,,,,,,,Q1,,
2025,59,Ring,Amazon.com,AMZN,24,6.76,Mid-Tier,False,True,False,False,False,False,False,Fox,127.7,8000000,6.72,8.25,-0.43,1.63,10.15,https://www.youtube.com/results?search_query=2025+Ring+We+re+Here,,,,,,,Q1,,
2025,59,Uber Eats,Uber Technologies,UBER,25,6.59,Mid-Tier,False,True,False,False,False,False,False,Fox,127.7,8000000,6.5,12.9,0.84,1.96,10.24,https://www.youtube.com/results?search_query=2025+Uber+Eats+A+Century+of+Cravings,,,,,,,Q1,,
2025,59,DoorDash,"DoorDash, Inc.",DASH,26,6.8,Mid-Tier,False,True,False,False,False,False,False,Fox,127.7,8000000,6.55,13.84,0.21,1.35,11.58,https://www.youtube.com/results?search_query=2025+DoorDash+DashPass+Math,,,,,,,Q1,,
2025,59,Google Pixel,Alphabet Inc.,GOOGL,27,6.56,Mid-Tier,False,True,False,False,False,False,False,Fox,127.7,8000000,6.31,11.67,0.61,0.75,3.01,https://www.youtube.com/results?search_query=2025+Google+Pixel+Dream+Job,,,,,,,Q1,,
2025,59,T-Mobile,T-Mobile US,TMUS,28,6.18,Mid-Tier,False,True,False,True,False,False,False,Fox,127.7,8000000,5.56,8.81,-1.12,1.53,8.5,https://www.youtube.com/results?search_query=2025+T+Mobile+A+New+Era+in+Connectivity,,,,,,,Q1,,
2025,59,Booking.com,Booking Holdings,BKNG,29,6.38,Mid-Tier,True,True,False,False,False,True,False,Fox,127.7,8000000,6.19,12.03,-0.13,1.26,7.37,https://www.youtube.com/results?search_query=2025+Booking+com+Get+Your+Stay+Ridiculously+Right,,,,,,,Q1,,
2025,59,WeatherTech,MacNeil Automotive Products,PRIVATE,30,6.3,Mid-Tier,False,True,False,False,False,False,False,Fox,127.7,8000000,5.53,6.97,-0.17,0.92,9.57,https://www.youtube.com/results?search_query=2025+WeatherTech+Whatever+Comes+Your+Way,,,,,,,Q1,,
2025,59,Salesforce,"Salesforce, Inc.",CRM,31,6.29,Mid-Tier,False,True,False,False,False,False,False,Fox,127.7,8000000,5.83,12.54,-0.23,1.69,13.38,https://www.youtube.com/results?search_query=2025+Salesforce+Gate+Expectations,,,,,,,Q3,,
2025,59,Disney+,The Walt Disney Company,DIS,32,6.26,Mid-Tier,False,True,False,False,False,False,False,Fox,127.7,8000000,5.54,9.64,-0.13,1.76,10.6,https://www.youtube.com/results?search_query=2025+Disney+What+If,,,,,,,Q3,,
2025,59,TurboTax,Intuit Inc.,INTU,33,6.36,Mid-Tier,False,True,False,False,False,False,False,Fox,127.7,8000000,5.64,11.58,-0.1,1.72,15.57,https://www.youtube.com/results?search_query=2025+TurboTax+Now+Taxes+Is+So+Sweet,,,,,,,Q3,,
2025,59,GoDaddy,GoDaddy Inc.,GDDY,34,6.27,Mid-Tier,False,True,False,True,False,False,False,Fox,127.7,8000000,5.48,11.18,-0.21,0.85,7.55,https://www.youtube.com/results?search_query=2025+GoDaddy+Act+Like+You+Know,,,,,,,Q3,,
2025,59,Squarespace,"Squarespace, Inc.",SQSP,35,6.19,Mid-Tier,False,True,False,True,False,False,False,Fox,127.7,8000000,5.66,11.88,-0.44,1.87,12.19,https://www.youtube.com/results?search_query=2025+Squarespace+A+Tale+as+Old+as+Websites,,,,,,,Q3,,
2026,60,Dunkin',Inspire Brands,PRIVATE,1,8.01,Ad Meter Winner (#1),True,True,False,True,False,False,False,NBC,125.6,8000000,8.45,7.89,1.37,14.4,191.04,,,,,,,,Q2,,
2026,60,Ritz,Mondelēz International,MDLZ,2,8.24,Top 5 Elite,True,True,False,False,False,False,False,NBC,125.6,8000000,8.83,7.97,0.8,14.4,199.63,,,,,,,,Q2,,
2026,60,Universal Pictures,Comcast / NBCUniversal,CMCSA,3,7.5,Top 5 Elite,True,True,False,False,False,False,False,NBC,125.6,8000000,7.16,7.63,1.43,14.4,161.87,,,,,,,,Q2,,
2026,60,Grubhub,Just Eat Takeaway / Wonder,JTKWY,4,8.1,Top 5 Elite,True,True,False,False,False,False,False,NBC,125.6,8000000,8.96,7.99,1.06,14.4,202.57,,,,,,,,Q2,,
2026,60,Ring,Amazon.com,AMZN,5,8.16,Top 5 Elite,True,True,False,False,False,True,False,NBC,125.6,8000000,9.09,8.02,1.72,14.4,205.51,,,,,,,,Q2,,
2026,60,Amazon Alexa,"Amazon.com, Inc.",AMZN,6,7.95,Top 10 High Performer,False,True,False,False,False,False,False,NBC,125.6,8000000,9.7,10.12,1.38,13.03,126.22,https://www.youtube.com/results?search_query=2026+Amazon+Alexa+Alexaaaa,,,,,,,Q2,,
2026,60,T-Mobile,T-Mobile US,TMUS,7,7.88,Top 10 High Performer,False,True,False,False,False,False,False,NBC,125.6,8000000,9.02,8.64,0.72,12.31,120.04,https://www.youtube.com/results?search_query=2026+T+Mobile+Tell+Me+Why+T+Mobile+s+Version,,,,,,,Q2,,
2026,60,Uber Eats,Uber Technologies,UBER,8,7.82,Top 10 High Performer,False,True,False,True,False,False,False,NBC,125.6,8000000,8.9,13.32,0.53,11.62,113.37,https://www.youtube.com/results?search_query=2026+Uber+Eats+Hungry+for+the+Truth,,,,,,,Q2,,
2026,60,Michelob Ultra,Anheuser-Busch InBev,BUD,12,7.52,Above Average (Top 25%),True,True,False,False,False,False,False,NBC,125.6,8000000,8.35,6.59,1.37,4.8,36.86,https://www.youtube.com/results?search_query=2026+Michelob+Ultra+The+ULTRA+Instructor,,,,,,,Q2,,
2026,60,Pepsi,PepsiCo,PEP,13,7.53,Above Average (Top 25%),False,True,False,False,False,True,True,NBC,125.6,8000000,8.46,7.74,0.65,6.41,49.96,https://www.youtube.com/results?search_query=2026+Pepsi+The+Choice,,,,,,,Q2,,
2026,60,Cadillac,General Motors,GM,14,7.49,Above Average (Top 25%),False,True,False,False,False,False,False,NBC,125.6,8000000,8.23,7.84,1.04,7.85,68.96,https://www.youtube.com/results?search_query=2026+Cadillac+Cadillac,,,,,,,Q2,,
2026,60,Coinbase,Coinbase Global,COIN,15,7.28,Above Average (Top 25%),False,True,False,False,False,False,False,NBC,125.6,8000000,8.02,12.12,0.58,7.0,54.86,https://www.youtube.com/results?search_query=2026+Coinbase+Everybody+Coinbase,,,,,,,Q2,,
2026,60,Hellmann's,Unilever,UL,16,7.45,Above Average (Top 25%),True,True,False,False,False,False,False,NBC,125.6,8000000,8.93,7.05,-0.15,6.77,53.79,https://www.youtube.com/results?search_query=2026+Hellmann+s+Sweet+Sandwich+Time,,,,,,,Q1,,
2026,60,State Farm,State Farm Mutual Automobile Insurance,PRIVATE,17,7.19,Above Average (Top 25%),False,True,False,False,False,False,False,NBC,125.6,8000000,7.95,8.05,0.12,8.36,67.45,https://www.youtube.com/results?search_query=2026+State+Farm+Stop+Livin+on+a+Prayer,,,,,,,Q1,,
2026,60,Google,Alphabet Inc.,GOOGL,18,7.18,Above Average (Top 25%),False,True,False,False,False,False,False,NBC,125.6,8000000,7.33,11.35,-0.01,7.69,64.86,https://www.youtube.com/results?search_query=2026+Google+New+Home,,,,,,,Q1,,
2026,60,Salesforce,"Salesforce, Inc.",CRM,19,7.13,Above Average (Top 25%),False,True,False,False,False,True,False,NBC,125.6,8000000,8.13,11.95,0.13,4.56,39.11,https://www.youtube.com/results?search_query=2026+Salesforce+MrBeast+s+Vault,,,,,,,Q1,,
2026,60,Squarespace,"Squarespace, Inc.",SQSP,20,6.89,Above Average (Top 25%),False,True,False,False,False,False,False,NBC,125.6,8000000,7.21,11.8,-0.22,8.75,72.76,https://www.youtube.com/results?search_query=2026+Squarespace+Unavailable,,,,,,,Q1,,
2026,60,Wix,Wix.com,WIX,21,7.07,Mid-Tier,False,True,False,False,False,False,False,NBC,125.6,8000000,7.98,11.14,-0.01,1.27,9.01,https://www.youtube.com/results?search_query=2026+Wix+Wix+Harmony+The+New+Way+to+Create,,,,,,,Q1,,
2026,60,TurboTax,Intuit Inc.,INTU,22,7.05,Mid-Tier,False,True,False,False,False,False,False,NBC,125.6,8000000,7.41,12.37,0.25,0.7,2.93,https://www.youtube.com/results?search_query=2026+TurboTax+The+Expert,,,,,,,Q1,,
