brand,year,date,days_from_game,views
Bud Light,2016,2016-01-17,-21,213
Bud Light,2016,2016-01-18,-20,89
Bud Light,2016,2016-01-19,-19,74
Bud Light,2016,2016-01-20,-18,73
Bud Light,2016,2016-01-21,-17,71
Bud Light,2016,2016-01-22,-16,88
Bud Light,2016,2016-01-23,-15,87
Bud Light,2016,2016-01-24,-14,138
Bud Light,2016,2016-01-25,-13,79
Bud Light,2016,2016-01-26,-12,85
Bud Light,2016,2016-01-27,-11,83
Bud Light,2016,2016-01-28,-10,78
Bud Light,2016,2016-01-29,-9,70
Bud Light,2016,2016-01-30,-8,94
Bud Light,2016,2016-01-31,-7,74
Bud Light,2016,2016-02-01,-6,86
Bud Light,2016,2016-02-02,-5,80
Bud Light,2016,2016-02-03,-4,119
Bud Light,2016,2016-02-04,-3,101
Bud Light,2016,2016-02-05,-2,104
Bud Light,2016,2016-02-06,-1,123
Bud Light,2016,2016-02-07,0,187
Bud Light,2016,2016-02-08,1,524
Bud Light,2016,2016-02-09,2,175
Bud Light,2016,2016-02-10,3,129
Bud Light,2016,2016-02-11,4,112
Bud Light,2016,2016-02-12,5,104
Bud Light,2016,2016-02-13,6,121
Bud Light,2016,2016-02-14,7,105
Bud Light,2016,2016-02-15,8,79
Bud Light,2016,2016-02-16,9,80
Bud Light,2016,2016-02-17,10,101
Bud Light,2016,2016-02-18,11,91
Bud Light,2016,2016-02-19,12,89
Bud Light,2016,2016-02-20,13,103
Bud Light,2016,2016-02-21,14,124
Bud Light,2017,2017-01-15,-21,154
Bud Light,2017,2017-01-16,-20,98
Bud Light,2017,2017-01-17,-19,73
Bud Light,2017,2017-01-18,-18,61
Bud Light,2017,2017-01-19,-17,74
Bud Light,2017,2017-01-20,-16,55
Bud Light,2017,2017-01-21,-15,67
Bud Light,2017,2017-01-22,-14,95
Bud Light,2017,2017-01-23,-13,72
Bud Light,2017,2017-01-24,-12,66
Bud Light,2017,2017-01-25,-11,61
Bud Light,2017,2017-01-26,-10,60
Bud Light,2017,2017-01-27,-9,72
Bud Light,2017,2017-01-28,-8,75
Bud Light,2017,2017-01-29,-7,75
Bud Light,2017,2017-01-30,-6,84
Bud Light,2017,2017-01-31,-5,102
Bud Light,2017,2017-02-01,-4,135
Bud Light,2017,2017-02-02,-3,120
Bud Light,2017,2017-02-03,-2,129
Bud Light,2017,2017-02-04,-1,101
Bud Light,2017,2017-02-05,0,181
Bud Light,2017,2017-02-06,1,556
Bud Light,2017,2017-02-07,2,122
Bud Light,2017,2017-02-08,3,94
Bud Light,2017,2017-02-09,4,89
Bud Light,2017,2017-02-10,5,69
Bud Light,2017,2017-02-11,6,95
Bud Light,2017,2017-02-12,7,94
Bud Light,2017,2017-02-13,8,50
Bud Light,2017,2017-02-14,9,68
Bud Light,2017,2017-02-15,10,62
Bud Light,2017,2017-02-16,11,65
Bud Light,2017,2017-02-17,12,62
Bud Light,2017,2017-02-18,13,93
Bud Light,2017,2017-02-19,14,89
Bud Light,2018,2018-01-14,-21,143
Bud Light,2018,2018-01-15,-20,93
Bud Light,2018,2018-01-16,-19,63
Bud Light,2018,2018-01-17,-18,74
Bud Light,2018,2018-01-18,-17,56
Bud Light,2018,2018-01-19,-16,52
Bud Light,2018,2018-01-20,-15,76
Bud Light,2018,2018-01-21,-14,84
Bud Light,2018,2018-01-22,-13,117
Bud Light,2018,2018-01-23,-12,152
Bud Light,2018,2018-01-24,-11,160
Bud Light,2018,2018-01-25,-10,59
Bud Light,2018,2018-01-26,-9,68
Bud Light,2018,2018-01-27,-8,71
Bud Light,2018,2018-01-28,-7,60
Bud Light,2018,2018-01-29,-6,89
Bud Light,2018,2018-01-30,-5,64
Bud Light,2018,2018-01-31,-4,81
Bud Light,2018,2018-02-01,-3,87
Bud Light,2018,2018-02-02,-2,82
Bud Light,2018,2018-02-03,-1,113
Bud Light,2018,2018-02-04,0,176
Bud Light,2018,2018-02-05,1,286
Bud Light,2018,2018-02-06,2,117
Bud Light,2018,2018-02-07,3,86
Bud Light,2018,2018-02-08,4,100
Bud Light,2018,2018-02-09,5,86
Bud Light,2018,2018-02-10,6,67
Bud Light,2018,2018-02-11,7,74
Bud Light,2018,2018-02-12,8,71
Bud Light,2018,2018-02-13,9,54
Bud Light,2018,2018-02-14,10,43
Bud Light,2018,2018-02-15,11,50
Bud Light,2018,2018-02-16,12,47
Bud Light,2018,2018-02-17,13,65
Bud Light,2018,2018-02-18,14,66
Bud Light,2019,2019-01-13,-21,154
Bud Light,2019,2019-01-14,-20,119
Bud Light,2019,2019-01-15,-19,90
Bud Light,2019,2019-01-16,-18,88
Bud Light,2019,2019-01-17,-17,94
Bud Light,2019,2019-01-18,-16,76
Bud Light,2019,2019-01-19,-15,92
Bud Light,2019,2019-01-20,-14,143
Bud Light,2019,2019-01-21,-13,113
Bud Light,2019,2019-01-22,-12,84
Bud Light,2019,2019-01-23,-11,79
Bud Light,2019,2019-01-24,-10,75
Bud Light,2019,2019-01-25,-9,111
Bud Light,2019,2019-01-26,-8,91
Bud Light,2019,2019-01-27,-7,107
Bud Light,2019,2019-01-28,-6,119
Bud Light,2019,2019-01-29,-5,90
Bud Light,2019,2019-01-30,-4,117
Bud Light,2019,2019-01-31,-3,101
Bud Light,2019,2019-02-01,-2,111
Bud Light,2019,2019-02-02,-1,89
Bud Light,2019,2019-02-03,0,172
Bud Light,2019,2019-02-04,1,744
Bud Light,2019,2019-02-05,2,259
Bud Light,2019,2019-02-06,3,171
Bud Light,2019,2019-02-07,4,137
Bud Light,2019,2019-02-08,5,132
Bud Light,2019,2019-02-09,6,122
Bud Light,2019,2019-02-10,7,109
Bud Light,2019,2019-02-11,8,126
Bud Light,2019,2019-02-12,9,124
Bud Light,2019,2019-02-13,10,103
Bud Light,2019,2019-02-14,11,119
Bud Light,2019,2019-02-15,12,109
Bud Light,2019,2019-02-16,13,137
Bud Light,2019,2019-02-17,14,132
Bud Light,2020,2020-01-12,-21,140
Bud Light,2020,2020-01-13,-20,116
Bud Light,2020,2020-01-14,-19,85
Bud Light,2020,2020-01-15,-18,75
Bud Light,2020,2020-01-16,-17,99
Bud Light,2020,2020-01-17,-16,95
Bud Light,2020,2020-01-18,-15,82
Bud Light,2020,2020-01-19,-14,190
Bud Light,2020,2020-01-20,-13,123
Bud Light,2020,2020-01-21,-12,89
Bud Light,2020,2020-01-22,-11,92
Bud Light,2020,2020-01-23,-10,71
Bud Light,2020,2020-01-24,-9,92
Bud Light,2020,2020-01-25,-8,109
Bud Light,2020,2020-01-26,-7,87
Bud Light,2020,2020-01-27,-6,74
Bud Light,2020,2020-01-28,-5,80
Bud Light,2020,2020-01-29,-4,115
Bud Light,2020,2020-01-30,-3,102
Bud Light,2020,2020-01-31,-2,119
Bud Light,2020,2020-02-01,-1,116
Bud Light,2020,2020-02-02,0,186
Bud Light,2020,2020-02-03,1,312
Bud Light,2020,2020-02-04,2,162
Bud Light,2020,2020-02-05,3,124
Bud Light,2020,2020-02-06,4,118
Bud Light,2020,2020-02-07,5,113
Bud Light,2020,2020-02-08,6,109
Bud Light,2020,2020-02-09,7,113
Bud Light,2020,2020-02-10,8,104
Bud Light,2020,2020-02-11,9,101
Bud Light,2020,2020-02-12,10,106
Bud Light,2020,2020-02-13,11,102
Bud Light,2020,2020-02-14,12,84
Bud Light,2020,2020-02-15,13,82
Bud Light,2020,2020-02-16,14,106
Bud Light,2021,2021-01-17,-21,116
Bud Light,2021,2021-01-18,-20,52
Bud Light,2021,2021-01-19,-19,59
Bud Light,2021,2021-01-20,-18,39
Bud Light,2021,2021-01-21,-17,65
Bud Light,2021,2021-01-22,-16,61
Bud Light,2021,2021-01-23,-15,79
Bud Light,2021,2021-01-24,-14,56
Bud Light,2021,2021-01-25,-13,133
Bud Light,2021,2021-01-26,-12,83
Bud Light,2021,2021-01-27,-11,85
Bud Light,2021,2021-01-28,-10,62
Bud Light,2021,2021-01-29,-9,77
Bud Light,2021,2021-01-30,-8,89
Bud Light,2021,2021-01-31,-7,82
Bud Light,2021,2021-02-01,-6,69
Bud Light,2021,2021-02-02,-5,68
Bud Light,2021,2021-02-03,-4,73
Bud Light,2021,2021-02-04,-3,90
Bud Light,2021,2021-02-05,-2,84
Bud Light,2021,2021-02-06,-1,105
Bud Light,2021,2021-02-07,0,179
Bud Light,2021,2021-02-08,1,410
Bud Light,2021,2021-02-09,2,96
Bud Light,2021,2021-02-10,3,92
Bud Light,2021,2021-02-11,4,79
Bud Light,2021,2021-02-12,5,81
Bud Light,2021,2021-02-13,6,69
Bud Light,2021,2021-02-14,7,94
Bud Light,2021,2021-02-15,8,85
Bud Light,2021,2021-02-16,9,78
Bud Light,2021,2021-02-17,10,74
Bud Light,2021,2021-02-18,11,60
Bud Light,2021,2021-02-19,12,82
Bud Light,2021,2021-02-20,13,68
Bud Light,2021,2021-02-21,14,92
Bud Light,2022,2022-01-23,-21,86
Bud Light,2022,2022-01-24,-20,79
Bud Light,2022,2022-01-25,-19,71
Bud Light,2022,2022-01-26,-18,71
Bud Light,2022,2022-01-27,-17,78
Bud Light,2022,2022-01-28,-16,72
Bud Light,2022,2022-01-29,-15,76
Bud Light,2022,2022-01-30,-14,81
Bud Light,2022,2022-01-31,-13,71
Bud Light,2022,2022-02-01,-12,67
Bud Light,2022,2022-02-02,-11,61
Bud Light,2022,2022-02-03,-10,61
Bud Light,2022,2022-02-04,-9,57
Bud Light,2022,2022-02-05,-8,106
Bud Light,2022,2022-02-06,-7,87
Bud Light,2022,2022-02-07,-6,86
Bud Light,2022,2022-02-08,-5,69
Bud Light,2022,2022-02-09,-4,91
Bud Light,2022,2022-02-10,-3,71
Bud Light,2022,2022-02-11,-2,117
Bud Light,2022,2022-02-12,-1,79
Bud Light,2022,2022-02-13,0,111
Bud Light,2022,2022-02-14,1,158
Bud Light,2022,2022-02-15,2,64
Bud Light,2022,2022-02-16,3,68
Bud Light,2022,2022-02-17,4,65
Bud Light,2022,2022-02-18,5,74
Bud Light,2022,2022-02-19,6,80
Bud Light,2022,2022-02-20,7,69
Bud Light,2022,2022-02-21,8,58
Bud Light,2022,2022-02-22,9,68
Bud Light,2022,2022-02-23,10,56
Bud Light,2022,2022-02-24,11,53
Bud Light,2022,2022-02-25,12,77
Bud Light,2022,2022-02-26,13,52
Bud Light,2022,2022-02-27,14,52
Bud Light,2023,2023-01-22,-21,45
Bud Light,2023,2023-01-23,-20,36
Bud Light,2023,2023-01-24,-19,41
Bud Light,2023,2023-01-25,-18,27
Bud Light,2023,2023-01-26,-17,33
Bud Light,2023,2023-01-27,-16,38
Bud Light,2023,2023-01-28,-15,44
Bud Light,2023,2023-01-29,-14,47
Bud Light,2023,2023-01-30,-13,43
Bud Light,2023,2023-01-31,-12,36
Bud Light,2023,2023-02-01,-11,37
Bud Light,2023,2023-02-02,-10,54
Bud Light,2023,2023-02-03,-9,46
Bud Light,2023,2023-02-04,-8,35
Bud Light,2023,2023-02-05,-7,36
Bud Light,2023,2023-02-06,-6,42
Bud Light,2023,2023-02-07,-5,44
Bud Light,2023,2023-02-08,-4,69
Bud Light,2023,2023-02-09,-3,61
Bud Light,2023,2023-02-10,-2,67
Bud Light,2023,2023-02-11,-1,70
Bud Light,2023,2023-02-12,0,73
Bud Light,2023,2023-02-13,1,180
Bud Light,2023,2023-02-14,2,100
Bud Light,2023,2023-02-15,3,75
Bud Light,2023,2023-02-16,4,88
Bud Light,2023,2023-02-17,5,63
Bud Light,2023,2023-02-18,6,89
Bud Light,2023,2023-02-19,7,83
Bud Light,2023,2023-02-20,8,87
Bud Light,2023,2023-02-21,9,77
Bud Light,2023,2023-02-22,10,67
Bud Light,2023,2023-02-23,11,59
Bud Light,2023,2023-02-24,12,63
Bud Light,2023,2023-02-25,13,94
Bud Light,2023,2023-02-26,14,89
Bud Light,2024,2024-01-21,-21,359
Bud Light,2024,2024-01-22,-20,206
Bud Light,2024,2024-01-23,-19,174
Bud Light,2024,2024-01-24,-18,153
Bud Light,2024,2024-01-25,-17,149
Bud Light,2024,2024-01-26,-16,152
Bud Light,2024,2024-01-27,-15,148
Bud Light,2024,2024-01-28,-14,171
Bud Light,2024,2024-01-29,-13,150
Bud Light,2024,2024-01-30,-12,127
Bud Light,2024,2024-01-31,-11,123
Bud Light,2024,2024-02-01,-10,187
Bud Light,2024,2024-02-02,-9,188
Bud Light,2024,2024-02-03,-8,205
Bud Light,2024,2024-02-04,-7,314
Bud Light,2024,2024-02-05,-6,238
Bud Light,2024,2024-02-06,-5,207
Bud Light,2024,2024-02-07,-4,298
Bud Light,2024,2024-02-08,-3,305
Bud Light,2024,2024-02-09,-2,277
Bud Light,2024,2024-02-10,-1,262
Bud Light,2024,2024-02-11,0,301
Bud Light,2024,2024-02-12,1,405
Bud Light,2024,2024-02-13,2,191
Bud Light,2024,2024-02-14,3,173
Bud Light,2024,2024-02-15,4,160
Bud Light,2024,2024-02-16,5,148
Bud Light,2024,2024-02-17,6,157
Bud Light,2024,2024-02-18,7,195
Bud Light,2024,2024-02-19,8,148
Bud Light,2024,2024-02-20,9,134
Bud Light,2024,2024-02-21,10,156
Bud Light,2024,2024-02-22,11,185
Bud Light,2024,2024-02-23,12,227
Bud Light,2024,2024-02-24,13,171
Bud Light,2024,2024-02-25,14,363
Bud Light,2025,2025-01-19,-21,148
Bud Light,2025,2025-01-20,-20,112
Bud Light,2025,2025-01-21,-19,96
Bud Light,2025,2025-01-22,-18,107
Bud Light,2025,2025-01-23,-17,100
Bud Light,2025,2025-01-24,-16,96
Bud Light,2025,2025-01-25,-15,112
Bud Light,2025,2025-01-26,-14,126
Bud Light,2025,2025-01-27,-13,126
Bud Light,2025,2025-01-28,-12,112
Bud Light,2025,2025-01-29,-11,98
Bud Light,2025,2025-01-30,-10,155
Bud Light,2025,2025-01-31,-9,155
Bud Light,2025,2025-02-01,-8,154
Bud Light,2025,2025-02-02,-7,230
Bud Light,2025,2025-02-03,-6,192
Bud Light,2025,2025-02-04,-5,132
Bud Light,2025,2025-02-05,-4,135
Bud Light,2025,2025-02-06,-3,127
Bud Light,2025,2025-02-07,-2,193
Bud Light,2025,2025-02-08,-1,170
Bud Light,2025,2025-02-09,0,175
Bud Light,2025,2025-02-10,1,354
Bud Light,2025,2025-02-11,2,157
Bud Light,2025,2025-02-12,3,121
Bud Light,2025,2025-02-13,4,119
Bud Light,2025,2025-02-14,5,140
Bud Light,2025,2025-02-15,6,159
Bud Light,2025,2025-02-16,7,176
Bud Light,2025,2025-02-17,8,130
Bud Light,2025,2025-02-18,9,118
Bud Light,2025,2025-02-19,10,115
Bud Light,2025,2025-02-20,11,121
Bud Light,2025,2025-02-21,12,130
Bud Light,2025,2025-02-22,13,107
Bud Light,2025,2025-02-23,14,133
Bud Light,2026,2026-01-18,-21,102
Bud Light,2026,2026-01-19,-20,83
Bud Light,2026,2026-01-20,-19,100
Bud Light,2026,2026-01-21,-18,81
Bud Light,2026,2026-01-22,-17,67
Bud Light,2026,2026-01-23,-16,70
Bud Light,2026,2026-01-24,-15,83
Bud Light,2026,2026-01-25,-14,96
Bud Light,2026,2026-01-26,-13,98
Bud Light,2026,2026-01-27,-12,84
Bud Light,2026,2026-01-28,-11,114
Bud Light,2026,2026-01-29,-10,90
Bud Light,2026,2026-01-30,-9,108
Bud Light,2026,2026-01-31,-8,112
Bud Light,2026,2026-02-01,-7,100
Bud Light,2026,2026-02-02,-6,94
Bud Light,2026,2026-02-03,-5,112
Bud Light,2026,2026-02-04,-4,106
Bud Light,2026,2026-02-05,-3,111
Bud Light,2026,2026-02-06,-2,210
Bud Light,2026,2026-02-07,-1,106
Bud Light,2026,2026-02-08,0,131
Bud Light,2026,2026-02-09,1,445
Bud Light,2026,2026-02-10,2,167
Bud Light,2026,2026-02-11,3,98
Bud Light,2026,2026-02-12,4,112
Bud Light,2026,2026-02-13,5,84
Bud Light,2026,2026-02-14,6,95
Bud Light,2026,2026-02-15,7,83
Bud Light,2026,2026-02-16,8,89
Bud Light,2026,2026-02-17,9,72
Bud Light,2026,2026-02-18,10,96
Bud Light,2026,2026-02-19,11,100
Bud Light,2026,2026-02-20,12,68
Bud Light,2026,2026-02-21,13,115
Bud Light,2026,2026-02-22,14,95
Budweiser,2016,2016-01-17,-21,2248
Budweiser,2016,2016-01-18,-20,1172
Budweiser,2016,2016-01-19,-19,1023
Budweiser,2016,2016-01-20,-18,1101
Budweiser,2016,2016-01-21,-17,1157
Budweiser,2016,2016-01-22,-16,1171
Budweiser,2016,2016-01-23,-15,1236
Budweiser,2016,2016-01-24,-14,2115
Budweiser,2016,2016-01-25,-13,1325
Budweiser,2016,2016-01-26,-12,1320
Budweiser,2016,2016-01-27,-11,1285
Budweiser,2016,2016-01-28,-10,1248
Budweiser,2016,2016-01-29,-9,1335
Budweiser,2016,2016-01-30,-8,1278
Budweiser,2016,2016-01-31,-7,1445
Budweiser,2016,2016-02-01,-6,1149
Budweiser,2016,2016-02-02,-5,1141
Budweiser,2016,2016-02-03,-4,1626
Budweiser,2016,2016-02-04,-3,1434
Budweiser,2016,2016-02-05,-2,1545
Budweiser,2016,2016-02-06,-1,1635
Budweiser,2016,2016-02-07,0,2085
Budweiser,2016,2016-02-08,1,12566
Budweiser,2016,2016-02-09,2,2636
Budweiser,2016,2016-02-10,3,1718
Budweiser,2016,2016-02-11,4,1629
Budweiser,2016,2016-02-12,5,1509
Budweiser,2016,2016-02-13,6,1627
Budweiser,2016,2016-02-14,7,1673
Budweiser,2016,2016-02-15,8,1294
Budweiser,2016,2016-02-16,9,1361
Budweiser,2016,2016-02-17,10,1254
Budweiser,2016,2016-02-18,11,1485
Budweiser,2016,2016-02-19,12,1461
Budweiser,2016,2016-02-20,13,1414
Budweiser,2016,2016-02-21,14,1598
Budweiser,2017,2017-01-15,-21,1720
Budweiser,2017,2017-01-16,-20,1467
Budweiser,2017,2017-01-17,-19,1308
Budweiser,2017,2017-01-18,-18,1352
Budweiser,2017,2017-01-19,-17,1386
Budweiser,2017,2017-01-20,-16,1504
Budweiser,2017,2017-01-21,-15,1429
Budweiser,2017,2017-01-22,-14,1500
Budweiser,2017,2017-01-23,-13,1374
Budweiser,2017,2017-01-24,-12,1376
Budweiser,2017,2017-01-25,-11,1309
Budweiser,2017,2017-01-26,-10,1406
Budweiser,2017,2017-01-27,-9,1627
Budweiser,2017,2017-01-28,-8,1816
Budweiser,2017,2017-01-29,-7,1894
Budweiser,2017,2017-01-30,-6,1517
Budweiser,2017,2017-01-31,-5,4795
Budweiser,2017,2017-02-01,-4,12581
Budweiser,2017,2017-02-02,-3,9544
Budweiser,2017,2017-02-03,-2,5665
Budweiser,2017,2017-02-04,-1,5557
Budweiser,2017,2017-02-05,0,11628
Budweiser,2017,2017-02-06,1,31389
Budweiser,2017,2017-02-07,2,8225
Budweiser,2017,2017-02-08,3,4043
Budweiser,2017,2017-02-09,4,3005
Budweiser,2017,2017-02-10,5,2341
Budweiser,2017,2017-02-11,6,2334
Budweiser,2017,2017-02-12,7,2484
Budweiser,2017,2017-02-13,8,1801
Budweiser,2017,2017-02-14,9,1667
Budweiser,2017,2017-02-15,10,1680
Budweiser,2017,2017-02-16,11,2143
Budweiser,2017,2017-02-17,12,2594
Budweiser,2017,2017-02-18,13,2131
Budweiser,2017,2017-02-19,14,2530
Budweiser,2018,2018-01-14,-21,1807
Budweiser,2018,2018-01-15,-20,1450
Budweiser,2018,2018-01-16,-19,1357
Budweiser,2018,2018-01-17,-18,1270
Budweiser,2018,2018-01-18,-17,1433
Budweiser,2018,2018-01-19,-16,1683
Budweiser,2018,2018-01-20,-15,1656
Budweiser,2018,2018-01-21,-14,1896
Budweiser,2018,2018-01-22,-13,1834
Budweiser,2018,2018-01-23,-12,2444
Budweiser,2018,2018-01-24,-11,2202
Budweiser,2018,2018-01-25,-10,1683
Budweiser,2018,2018-01-26,-9,1756
Budweiser,2018,2018-01-27,-8,1907
Budweiser,2018,2018-01-28,-7,1799
Budweiser,2018,2018-01-29,-6,1557
Budweiser,2018,2018-01-30,-5,1529
Budweiser,2018,2018-01-31,-4,1850
Budweiser,2018,2018-02-01,-3,1960
Budweiser,2018,2018-02-02,-2,2184
Budweiser,2018,2018-02-03,-1,2285
Budweiser,2018,2018-02-04,0,2810
Budweiser,2018,2018-02-05,1,7700
Budweiser,2018,2018-02-06,2,2139
Budweiser,2018,2018-02-07,3,2590
Budweiser,2018,2018-02-08,4,1943
Budweiser,2018,2018-02-09,5,1746
Budweiser,2018,2018-02-10,6,1815
Budweiser,2018,2018-02-11,7,1744
Budweiser,2018,2018-02-12,8,1494
Budweiser,2018,2018-02-13,9,1418
Budweiser,2018,2018-02-14,10,1432
Budweiser,2018,2018-02-15,11,1443
Budweiser,2018,2018-02-16,12,1524
Budweiser,2018,2018-02-17,13,1688
Budweiser,2018,2018-02-18,14,1705
Budweiser,2019,2019-01-13,-21,2027
Budweiser,2019,2019-01-14,-20,1475
Budweiser,2019,2019-01-15,-19,1333
Budweiser,2019,2019-01-16,-18,1322
Budweiser,2019,2019-01-17,-17,1530
Budweiser,2019,2019-01-18,-16,1551
Budweiser,2019,2019-01-19,-15,1650
Budweiser,2019,2019-01-20,-14,1838
Budweiser,2019,2019-01-21,-13,1508
Budweiser,2019,2019-01-22,-12,1335
Budweiser,2019,2019-01-23,-11,1321
Budweiser,2019,2019-01-24,-10,1454
Budweiser,2019,2019-01-25,-9,1686
Budweiser,2019,2019-01-26,-8,1749
Budweiser,2019,2019-01-27,-7,1739
Budweiser,2019,2019-01-28,-6,1414
Budweiser,2019,2019-01-29,-5,1519
Budweiser,2019,2019-01-30,-4,1532
Budweiser,2019,2019-01-31,-3,1490
Budweiser,2019,2019-02-01,-2,1618
Budweiser,2019,2019-02-02,-1,1799
Budweiser,2019,2019-02-03,0,2674
Budweiser,2019,2019-02-04,1,8302
Budweiser,2019,2019-02-05,2,2566
Budweiser,2019,2019-02-06,3,1905
Budweiser,2019,2019-02-07,4,1747
Budweiser,2019,2019-02-08,5,1742
Budweiser,2019,2019-02-09,6,1875
Budweiser,2019,2019-02-10,7,1949
Budweiser,2019,2019-02-11,8,1500
Budweiser,2019,2019-02-12,9,1485
Budweiser,2019,2019-02-13,10,1497
Budweiser,2019,2019-02-14,11,1474
Budweiser,2019,2019-02-15,12,1757
Budweiser,2019,2019-02-16,13,1824
Budweiser,2019,2019-02-17,14,2050
Budweiser,2020,2020-01-12,-21,2081
Budweiser,2020,2020-01-13,-20,1668
Budweiser,2020,2020-01-14,-19,1424
Budweiser,2020,2020-01-15,-18,1479
Budweiser,2020,2020-01-16,-17,1556
Budweiser,2020,2020-01-17,-16,1616
Budweiser,2020,2020-01-18,-15,1757
Budweiser,2020,2020-01-19,-14,2063
Budweiser,2020,2020-01-20,-13,1773
Budweiser,2020,2020-01-21,-12,1410
Budweiser,2020,2020-01-22,-11,1470
Budweiser,2020,2020-01-23,-10,1511
Budweiser,2020,2020-01-24,-9,1678
Budweiser,2020,2020-01-25,-8,1827
Budweiser,2020,2020-01-26,-7,1698
Budweiser,2020,2020-01-27,-6,1455
Budweiser,2020,2020-01-28,-5,1605
Budweiser,2020,2020-01-29,-4,1585
Budweiser,2020,2020-01-30,-3,1834
Budweiser,2020,2020-01-31,-2,1973
Budweiser,2020,2020-02-01,-1,2006
Budweiser,2020,2020-02-02,0,2387
Budweiser,2020,2020-02-03,1,7491
Budweiser,2020,2020-02-04,2,1874
Budweiser,2020,2020-02-05,3,1592
Budweiser,2020,2020-02-06,4,1504
Budweiser,2020,2020-02-07,5,1662
Budweiser,2020,2020-02-08,6,1803
Budweiser,2020,2020-02-09,7,1919
Budweiser,2020,2020-02-10,8,1518
Budweiser,2020,2020-02-11,9,1495
Budweiser,2020,2020-02-12,10,1386
Budweiser,2020,2020-02-13,11,1382
Budweiser,2020,2020-02-14,12,1501
Budweiser,2020,2020-02-15,13,1674
Budweiser,2020,2020-02-16,14,1761
Budweiser,2021,2021-01-17,-21,1285
Budweiser,2021,2021-01-18,-20,1063
Budweiser,2021,2021-01-19,-19,894
Budweiser,2021,2021-01-20,-18,919
Budweiser,2021,2021-01-21,-17,960
Budweiser,2021,2021-01-22,-16,1102
Budweiser,2021,2021-01-23,-15,1099
Budweiser,2021,2021-01-24,-14,1540
Budweiser,2021,2021-01-25,-13,1664
Budweiser,2021,2021-01-26,-12,1597
Budweiser,2021,2021-01-27,-11,1223
Budweiser,2021,2021-01-28,-10,1167
Budweiser,2021,2021-01-29,-9,1180
Budweiser,2021,2021-01-30,-8,1360
Budweiser,2021,2021-01-31,-7,1343
Budweiser,2021,2021-02-01,-6,1005
Budweiser,2021,2021-02-02,-5,1076
Budweiser,2021,2021-02-03,-4,1061
Budweiser,2021,2021-02-04,-3,1315
Budweiser,2021,2021-02-05,-2,1283
Budweiser,2021,2021-02-06,-1,1499
Budweiser,2021,2021-02-07,0,1894
Budweiser,2021,2021-02-08,1,3586
Budweiser,2021,2021-02-09,2,1116
Budweiser,2021,2021-02-10,3,1061
Budweiser,2021,2021-02-11,4,1159
Budweiser,2021,2021-02-12,5,1209
Budweiser,2021,2021-02-13,6,1224
Budweiser,2021,2021-02-14,7,1299
Budweiser,2021,2021-02-15,8,1174
Budweiser,2021,2021-02-16,9,1027
Budweiser,2021,2021-02-17,10,951
Budweiser,2021,2021-02-18,11,1055
Budweiser,2021,2021-02-19,12,1122
Budweiser,2021,2021-02-20,13,1293
Budweiser,2021,2021-02-21,14,1188
Budweiser,2022,2022-01-23,-21,1172
Budweiser,2022,2022-01-24,-20,900
Budweiser,2022,2022-01-25,-19,941
Budweiser,2022,2022-01-26,-18,1053
Budweiser,2022,2022-01-27,-17,1002
Budweiser,2022,2022-01-28,-16,1130
Budweiser,2022,2022-01-29,-15,1238
Budweiser,2022,2022-01-30,-14,1214
Budweiser,2022,2022-01-31,-13,1036
Budweiser,2022,2022-02-01,-12,1011
Budweiser,2022,2022-02-02,-11,1036
Budweiser,2022,2022-02-03,-10,1133
Budweiser,2022,2022-02-04,-9,1116
Budweiser,2022,2022-02-05,-8,1174
Budweiser,2022,2022-02-06,-7,1236
Budweiser,2022,2022-02-07,-6,1054
Budweiser,2022,2022-02-08,-5,1034
Budweiser,2022,2022-02-09,-4,1140
Budweiser,2022,2022-02-10,-3,1014
Budweiser,2022,2022-02-11,-2,1169
Budweiser,2022,2022-02-12,-1,1338
Budweiser,2022,2022-02-13,0,1654
Budweiser,2022,2022-02-14,1,2117
Budweiser,2022,2022-02-15,2,982
Budweiser,2022,2022-02-16,3,1004
Budweiser,2022,2022-02-17,4,1044
Budweiser,2022,2022-02-18,5,1156
Budweiser,2022,2022-02-19,6,1292
Budweiser,2022,2022-02-20,7,1313
Budweiser,2022,2022-02-21,8,1066
Budweiser,2022,2022-02-22,9,1022
Budweiser,2022,2022-02-23,10,1003
Budweiser,2022,2022-02-24,11,1023
Budweiser,2022,2022-02-25,12,1125
Budweiser,2022,2022-02-26,13,1260
Budweiser,2022,2022-02-27,14,1207
Budweiser,2023,2023-01-22,-21,1299
Budweiser,2023,2023-01-23,-20,1036
Budweiser,2023,2023-01-24,-19,926
Budweiser,2023,2023-01-25,-18,1025
Budweiser,2023,2023-01-26,-17,1039
Budweiser,2023,2023-01-27,-16,1125
Budweiser,2023,2023-01-28,-15,1378
Budweiser,2023,2023-01-29,-14,1242
Budweiser,2023,2023-01-30,-13,1214
Budweiser,2023,2023-01-31,-12,967
Budweiser,2023,2023-02-01,-11,997
Budweiser,2023,2023-02-02,-10,1017
Budweiser,2023,2023-02-03,-9,1225
Budweiser,2023,2023-02-04,-8,1386
Budweiser,2023,2023-02-05,-7,1481
Budweiser,2023,2023-02-06,-6,1103
Budweiser,2023,2023-02-07,-5,1170
Budweiser,2023,2023-02-08,-4,1224
Budweiser,2023,2023-02-09,-3,1341
Budweiser,2023,2023-02-10,-2,1329
Budweiser,2023,2023-02-11,-1,1473
Budweiser,2023,2023-02-12,0,1972
Budweiser,2023,2023-02-13,1,2787
Budweiser,2023,2023-02-14,2,1291
Budweiser,2023,2023-02-15,3,1283
Budweiser,2023,2023-02-16,4,1225
Budweiser,2023,2023-02-17,5,1196
Budweiser,2023,2023-02-18,6,1326
Budweiser,2023,2023-02-19,7,1339
Budweiser,2023,2023-02-20,8,1206
Budweiser,2023,2023-02-21,9,1112
Budweiser,2023,2023-02-22,10,1110
Budweiser,2023,2023-02-23,11,1137
Budweiser,2023,2023-02-24,12,1207
Budweiser,2023,2023-02-25,13,1364
Budweiser,2023,2023-02-26,14,1425
Budweiser,2024,2024-01-21,-21,1409
Budweiser,2024,2024-01-22,-20,1279
Budweiser,2024,2024-01-23,-19,1208
Budweiser,2024,2024-01-24,-18,1246
Budweiser,2024,2024-01-25,-17,1331
Budweiser,2024,2024-01-26,-16,1621
Budweiser,2024,2024-01-27,-15,1809
Budweiser,2024,2024-01-28,-14,1871
Budweiser,2024,2024-01-29,-13,1581
Budweiser,2024,2024-01-30,-12,1413
Budweiser,2024,2024-01-31,-11,1416
Budweiser,2024,2024-02-01,-10,1352
Budweiser,2024,2024-02-02,-9,1474
Budweiser,2024,2024-02-03,-8,1791
Budweiser,2024,2024-02-04,-7,1673
Budweiser,2024,2024-02-05,-6,1423
Budweiser,2024,2024-02-06,-5,1404
Budweiser,2024,2024-02-07,-4,1667
Budweiser,2024,2024-02-08,-3,1658
Budweiser,2024,2024-02-09,-2,1718
Budweiser,2024,2024-02-10,-1,1886
Budweiser,2024,2024-02-11,0,2060
Budweiser,2024,2024-02-12,1,3016
Budweiser,2024,2024-02-13,2,1574
Budweiser,2024,2024-02-14,3,1340
Budweiser,2024,2024-02-15,4,1441
Budweiser,2024,2024-02-16,5,1482
Budweiser,2024,2024-02-17,6,1699
Budweiser,2024,2024-02-18,7,1642
Budweiser,2024,2024-02-19,8,1329
Budweiser,2024,2024-02-20,9,1357
Budweiser,2024,2024-02-21,10,1383
Budweiser,2024,2024-02-22,11,1480
Budweiser,2024,2024-02-23,12,1618
Budweiser,2024,2024-02-24,13,1668
Budweiser,2024,2024-02-25,14,1683
Budweiser,2025,2025-01-19,-21,1094
Budweiser,2025,2025-01-20,-20,1088
Budweiser,2025,2025-01-21,-19,1006
Budweiser,2025,2025-01-22,-18,1009
Budweiser,2025,2025-01-23,-17,1116
Budweiser,2025,2025-01-24,-16,1178
Budweiser,2025,2025-01-25,-15,1255
Budweiser,2025,2025-01-26,-14,1219
Budweiser,2025,2025-01-27,-13,1218
Budweiser,2025,2025-01-28,-12,1181
Budweiser,2025,2025-01-29,-11,1107
Budweiser,2025,2025-01-30,-10,1133
Budweiser,2025,2025-01-31,-9,1187
Budweiser,2025,2025-02-01,-8,1329
Budweiser,2025,2025-02-02,-7,2620
Budweiser,2025,2025-02-03,-6,2487
Budweiser,2025,2025-02-04,-5,1470
Budweiser,2025,2025-02-05,-4,1313
Budweiser,2025,2025-02-06,-3,1290
Budweiser,2025,2025-02-07,-2,1289
Budweiser,2025,2025-02-08,-1,1377
Budweiser,2025,2025-02-09,0,1530
Budweiser,2025,2025-02-10,1,2536
Budweiser,2025,2025-02-11,2,1231
Budweiser,2025,2025-02-12,3,1108
Budweiser,2025,2025-02-13,4,1103
Budweiser,2025,2025-02-14,5,1074
Budweiser,2025,2025-02-15,6,1279
Budweiser,2025,2025-02-16,7,1198
Budweiser,2025,2025-02-17,8,970
Budweiser,2025,2025-02-18,9,1014
Budweiser,2025,2025-02-19,10,970
Budweiser,2025,2025-02-20,11,982
Budweiser,2025,2025-02-21,12,1134
Budweiser,2025,2025-02-22,13,1118
Budweiser,2025,2025-02-23,14,1095
Budweiser,2026,2026-01-18,-21,911
Budweiser,2026,2026-01-19,-20,771
Budweiser,2026,2026-01-20,-19,748
Budweiser,2026,2026-01-21,-18,663
Budweiser,2026,2026-01-22,-17,735
Budweiser,2026,2026-01-23,-16,808
Budweiser,2026,2026-01-24,-15,965
Budweiser,2026,2026-01-25,-14,930
Budweiser,2026,2026-01-26,-13,956
Budweiser,2026,2026-01-27,-12,1289
Budweiser,2026,2026-01-28,-11,1120
Budweiser,2026,2026-01-29,-10,1013
Budweiser,2026,2026-01-30,-9,1241
Budweiser,2026,2026-01-31,-8,1115
Budweiser,2026,2026-02-01,-7,1088
Budweiser,2026,2026-02-02,-6,867
Budweiser,2026,2026-02-03,-5,1001
Budweiser,2026,2026-02-04,-4,942
Budweiser,2026,2026-02-05,-3,950
Budweiser,2026,2026-02-06,-2,1064
Budweiser,2026,2026-02-07,-1,1351
Budweiser,2026,2026-02-08,0,1405
Budweiser,2026,2026-02-09,1,4000
Budweiser,2026,2026-02-10,2,1416
Budweiser,2026,2026-02-11,3,1154
Budweiser,2026,2026-02-12,4,1124
Budweiser,2026,2026-02-13,5,1121
Budweiser,2026,2026-02-14,6,1189
Budweiser,2026,2026-02-15,7,1132
Budweiser,2026,2026-02-16,8,1057
Budweiser,2026,2026-02-17,9,1015
Budweiser,2026,2026-02-18,10,1094
Budweiser,2026,2026-02-19,11,1011
Budweiser,2026,2026-02-20,12,1003
Budweiser,2026,2026-02-21,13,1068
Budweiser,2026,2026-02-22,14,1202
Pepsi,2016,2016-01-17,-21,3269
Pepsi,2016,2016-01-18,-20,2996
Pepsi,2016,2016-01-19,-19,2757
Pepsi,2016,2016-01-20,-18,2893
Pepsi,2016,2016-01-21,-17,2906
Pepsi,2016,2016-01-22,-16,2754
Pepsi,2016,2016-01-23,-15,2419
Pepsi,2016,2016-01-24,-14,3333
Pepsi,2016,2016-01-25,-13,3495
Pepsi,2016,2016-01-26,-12,3146
Pepsi,2016,2016-01-27,-11,2960
Pepsi,2016,2016-01-28,-10,3122
Pepsi,2016,2016-01-29,-9,2771
Pepsi,2016,2016-01-30,-8,2582
Pepsi,2016,2016-01-31,-7,2705
Pepsi,2016,2016-02-01,-6,3022
Pepsi,2016,2016-02-02,-5,2960
Pepsi,2016,2016-02-03,-4,3229
Pepsi,2016,2016-02-04,-3,3058
Pepsi,2016,2016-02-05,-2,3010
Pepsi,2016,2016-02-06,-1,2769
Pepsi,2016,2016-02-07,0,3095
Pepsi,2016,2016-02-08,1,4422
Pepsi,2016,2016-02-09,2,3208
Pepsi,2016,2016-02-10,3,3243
Pepsi,2016,2016-02-11,4,3379
Pepsi,2016,2016-02-12,5,2720
Pepsi,2016,2016-02-13,6,2611
Pepsi,2016,2016-02-14,7,2734
Pepsi,2016,2016-02-15,8,2972
Pepsi,2016,2016-02-16,9,3290
Pepsi,2016,2016-02-17,10,3232
Pepsi,2016,2016-02-18,11,3031
Pepsi,2016,2016-02-19,12,2971
Pepsi,2016,2016-02-20,13,2558
Pepsi,2016,2016-02-21,14,2879
Pepsi,2017,2017-01-15,-21,2905
Pepsi,2017,2017-01-16,-20,2697
Pepsi,2017,2017-01-17,-19,2825
Pepsi,2017,2017-01-18,-18,2824
Pepsi,2017,2017-01-19,-17,2850
Pepsi,2017,2017-01-20,-16,2677
Pepsi,2017,2017-01-21,-15,2474
Pepsi,2017,2017-01-22,-14,2757
Pepsi,2017,2017-01-23,-13,2719
Pepsi,2017,2017-01-24,-12,3062
Pepsi,2017,2017-01-25,-11,3113
Pepsi,2017,2017-01-26,-10,3008
Pepsi,2017,2017-01-27,-9,2838
Pepsi,2017,2017-01-28,-8,2376
Pepsi,2017,2017-01-29,-7,2568
Pepsi,2017,2017-01-30,-6,2799
Pepsi,2017,2017-01-31,-5,2713
Pepsi,2017,2017-02-01,-4,2634
Pepsi,2017,2017-02-02,-3,2532
Pepsi,2017,2017-02-03,-2,3457
Pepsi,2017,2017-02-04,-1,2764
Pepsi,2017,2017-02-05,0,2974
Pepsi,2017,2017-02-06,1,4603
Pepsi,2017,2017-02-07,2,2964
Pepsi,2017,2017-02-08,3,2930
Pepsi,2017,2017-02-09,4,2717
Pepsi,2017,2017-02-10,5,2880
Pepsi,2017,2017-02-11,6,2394
Pepsi,2017,2017-02-12,7,2757
Pepsi,2017,2017-02-13,8,2712
Pepsi,2017,2017-02-14,9,2690
Pepsi,2017,2017-02-15,10,2992
Pepsi,2017,2017-02-16,11,2860
Pepsi,2017,2017-02-17,12,2794
Pepsi,2017,2017-02-18,13,2502
Pepsi,2017,2017-02-19,14,2722
Pepsi,2018,2018-01-14,-21,2733
Pepsi,2018,2018-01-15,-20,2690
Pepsi,2018,2018-01-16,-19,2581
Pepsi,2018,2018-01-17,-18,2493
Pepsi,2018,2018-01-18,-17,2534
Pepsi,2018,2018-01-19,-16,3839
Pepsi,2018,2018-01-20,-15,2409
Pepsi,2018,2018-01-21,-14,2624
Pepsi,2018,2018-01-22,-13,2907
Pepsi,2018,2018-01-23,-12,2687
Pepsi,2018,2018-01-24,-11,2657
Pepsi,2018,2018-01-25,-10,2505
Pepsi,2018,2018-01-26,-9,2335
Pepsi,2018,2018-01-27,-8,2094
Pepsi,2018,2018-01-28,-7,2416
Pepsi,2018,2018-01-29,-6,2805
Pepsi,2018,2018-01-30,-5,2770
Pepsi,2018,2018-01-31,-4,2596
Pepsi,2018,2018-02-01,-3,2704
Pepsi,2018,2018-02-02,-2,2545
Pepsi,2018,2018-02-03,-1,2695
Pepsi,2018,2018-02-04,0,3274
Pepsi,2018,2018-02-05,1,5918
Pepsi,2018,2018-02-06,2,3274
Pepsi,2018,2018-02-07,3,2860
Pepsi,2018,2018-02-08,4,2785
Pepsi,2018,2018-02-09,5,2876
Pepsi,2018,2018-02-10,6,3167
Pepsi,2018,2018-02-11,7,2749
Pepsi,2018,2018-02-12,8,2782
Pepsi,2018,2018-02-13,9,2867
Pepsi,2018,2018-02-14,10,2558
Pepsi,2018,2018-02-15,11,2504
Pepsi,2018,2018-02-16,12,2370
Pepsi,2018,2018-02-17,13,2411
Pepsi,2018,2018-02-18,14,2577
Pepsi,2019,2019-01-13,-21,2581
Pepsi,2019,2019-01-14,-20,2267
Pepsi,2019,2019-01-15,-19,2615
Pepsi,2019,2019-01-16,-18,2503
Pepsi,2019,2019-01-17,-17,2284
Pepsi,2019,2019-01-18,-16,2165
Pepsi,2019,2019-01-19,-15,2179
Pepsi,2019,2019-01-20,-14,2326
Pepsi,2019,2019-01-21,-13,2613
Pepsi,2019,2019-01-22,-12,2387
Pepsi,2019,2019-01-23,-11,2341
Pepsi,2019,2019-01-24,-10,2377
Pepsi,2019,2019-01-25,-9,2273
Pepsi,2019,2019-01-26,-8,2122
Pepsi,2019,2019-01-27,-7,2418
Pepsi,2019,2019-01-28,-6,2556
Pepsi,2019,2019-01-29,-5,2729
Pepsi,2019,2019-01-30,-4,3204
Pepsi,2019,2019-01-31,-3,2962
Pepsi,2019,2019-02-01,-2,2891
Pepsi,2019,2019-02-02,-1,2592
Pepsi,2019,2019-02-03,0,3022
Pepsi,2019,2019-02-04,1,5596
Pepsi,2019,2019-02-05,2,3011
Pepsi,2019,2019-02-06,3,2713
Pepsi,2019,2019-02-07,4,2578
Pepsi,2019,2019-02-08,5,2524
Pepsi,2019,2019-02-09,6,2596
Pepsi,2019,2019-02-10,7,2633
Pepsi,2019,2019-02-11,8,2670
Pepsi,2019,2019-02-12,9,3028
Pepsi,2019,2019-02-13,10,2598
Pepsi,2019,2019-02-14,11,2541
Pepsi,2019,2019-02-15,12,2669
Pepsi,2019,2019-02-16,13,2536
Pepsi,2019,2019-02-17,14,2744
Pepsi,2020,2020-01-12,-21,2062
Pepsi,2020,2020-01-13,-20,2089
Pepsi,2020,2020-01-14,-19,1855
Pepsi,2020,2020-01-15,-18,2075
Pepsi,2020,2020-01-16,-17,2105
Pepsi,2020,2020-01-17,-16,1957
Pepsi,2020,2020-01-18,-15,1996
Pepsi,2020,2020-01-19,-14,2233
Pepsi,2020,2020-01-20,-13,2010
Pepsi,2020,2020-01-21,-12,2054
Pepsi,2020,2020-01-22,-11,2199
Pepsi,2020,2020-01-23,-10,2248
Pepsi,2020,2020-01-24,-9,2115
Pepsi,2020,2020-01-25,-8,1936
Pepsi,2020,2020-01-26,-7,2075
Pepsi,2020,2020-01-27,-6,2153
Pepsi,2020,2020-01-28,-5,2342
Pepsi,2020,2020-01-29,-4,2196
Pepsi,2020,2020-01-30,-3,2226
Pepsi,2020,2020-01-31,-2,2103
Pepsi,2020,2020-02-01,-1,1968
Pepsi,2020,2020-02-02,0,2319
Pepsi,2020,2020-02-03,1,3682
Pepsi,2020,2020-02-04,2,2519
Pepsi,2020,2020-02-05,3,2270
Pepsi,2020,2020-02-06,4,2308
Pepsi,2020,2020-02-07,5,2217
Pepsi,2020,2020-02-08,6,2096
Pepsi,2020,2020-02-09,7,2486
Pepsi,2020,2020-02-10,8,2192
Pepsi,2020,2020-02-11,9,2078
Pepsi,2020,2020-02-12,10,2617
Pepsi,2020,2020-02-13,11,2301
Pepsi,2020,2020-02-14,12,2070
Pepsi,2020,2020-02-15,13,2145
Pepsi,2020,2020-02-16,14,2481
Pepsi,2021,2021-01-17,-21,2577
Pepsi,2021,2021-01-18,-20,2196
Pepsi,2021,2021-01-19,-19,2026
Pepsi,2021,2021-01-20,-18,2107
Pepsi,2021,2021-01-21,-17,1959
Pepsi,2021,2021-01-22,-16,2072
Pepsi,2021,2021-01-23,-15,2116
Pepsi,2021,2021-01-24,-14,2108
Pepsi,2021,2021-01-25,-13,2179
Pepsi,2021,2021-01-26,-12,2191
Pepsi,2021,2021-01-27,-11,2219
Pepsi,2021,2021-01-28,-10,2034
Pepsi,2021,2021-01-29,-9,2002
Pepsi,2021,2021-01-30,-8,2051
Pepsi,2021,2021-01-31,-7,2104
Pepsi,2021,2021-02-01,-6,1968
Pepsi,2021,2021-02-02,-5,2029
Pepsi,2021,2021-02-03,-4,2227
Pepsi,2021,2021-02-04,-3,2117
Pepsi,2021,2021-02-05,-2,2017
Pepsi,2021,2021-02-06,-1,2076
Pepsi,2021,2021-02-07,0,2322
Pepsi,2021,2021-02-08,1,3347
Pepsi,2021,2021-02-09,2,2302
Pepsi,2021,2021-02-10,3,2315
Pepsi,2021,2021-02-11,4,2301
Pepsi,2021,2021-02-12,5,2135
Pepsi,2021,2021-02-13,6,2119
Pepsi,2021,2021-02-14,7,2384
Pepsi,2021,2021-02-15,8,2242
Pepsi,2021,2021-02-16,9,2127
Pepsi,2021,2021-02-17,10,2194
Pepsi,2021,2021-02-18,11,2180
Pepsi,2021,2021-02-19,12,2234
Pepsi,2021,2021-02-20,13,2297
Pepsi,2021,2021-02-21,14,2257
Pepsi,2022,2022-01-23,-21,2057
Pepsi,2022,2022-01-24,-20,1871
Pepsi,2022,2022-01-25,-19,2191
Pepsi,2022,2022-01-26,-18,2165
Pepsi,2022,2022-01-27,-17,2235
Pepsi,2022,2022-01-28,-16,2158
Pepsi,2022,2022-01-29,-15,2007
Pepsi,2022,2022-01-30,-14,2208
Pepsi,2022,2022-01-31,-13,2201
Pepsi,2022,2022-02-01,-12,2215
Pepsi,2022,2022-02-02,-11,1966
Pepsi,2022,2022-02-03,-10,1924
Pepsi,2022,2022-02-04,-9,1981
Pepsi,2022,2022-02-05,-8,1953
Pepsi,2022,2022-02-06,-7,1961
Pepsi,2022,2022-02-07,-6,2126
Pepsi,2022,2022-02-08,-5,2075
Pepsi,2022,2022-02-09,-4,2059
Pepsi,2022,2022-02-10,-3,2149
Pepsi,2022,2022-02-11,-2,2000
Pepsi,2022,2022-02-12,-1,1933
Pepsi,2022,2022-02-13,0,2369
Pepsi,2022,2022-02-14,1,3217
Pepsi,2022,2022-02-15,2,2220
Pepsi,2022,2022-02-16,3,2276
Pepsi,2022,2022-02-17,4,2262
Pepsi,2022,2022-02-18,5,2153
Pepsi,2022,2022-02-19,6,2140
Pepsi,2022,2022-02-20,7,2368
Pepsi,2022,2022-02-21,8,2162
Pepsi,2022,2022-02-22,9,2148
Pepsi,2022,2022-02-23,10,2274
Pepsi,2022,2022-02-24,11,2042
Pepsi,2022,2022-02-25,12,1983
Pepsi,2022,2022-02-26,13,1812
Pepsi,2022,2022-02-27,14,2319
Pepsi,2023,2023-01-22,-21,3055
Pepsi,2023,2023-01-23,-20,2636
Pepsi,2023,2023-01-24,-19,2640
Pepsi,2023,2023-01-25,-18,2449
Pepsi,2023,2023-01-26,-17,2169
Pepsi,2023,2023-01-27,-16,2382
Pepsi,2023,2023-01-28,-15,2238
Pepsi,2023,2023-01-29,-14,2591
Pepsi,2023,2023-01-30,-13,2695
Pepsi,2023,2023-01-31,-12,2303
Pepsi,2023,2023-02-01,-11,2428
Pepsi,2023,2023-02-02,-10,2327
Pepsi,2023,2023-02-03,-9,2371
Pepsi,2023,2023-02-04,-8,2228
Pepsi,2023,2023-02-05,-7,2257
Pepsi,2023,2023-02-06,-6,2284
Pepsi,2023,2023-02-07,-5,2454
Pepsi,2023,2023-02-08,-4,2378
Pepsi,2023,2023-02-09,-3,2625
Pepsi,2023,2023-02-10,-2,2200
Pepsi,2023,2023-02-11,-1,2269
Pepsi,2023,2023-02-12,0,2576
Pepsi,2023,2023-02-13,1,3172
Pepsi,2023,2023-02-14,2,2609
Pepsi,2023,2023-02-15,3,2544
Pepsi,2023,2023-02-16,4,2286
Pepsi,2023,2023-02-17,5,2427
Pepsi,2023,2023-02-18,6,2601
Pepsi,2023,2023-02-19,7,2684
Pepsi,2023,2023-02-20,8,2594
Pepsi,2023,2023-02-21,9,2421
Pepsi,2023,2023-02-22,10,2576
Pepsi,2023,2023-02-23,11,2429
Pepsi,2023,2023-02-24,12,2412
Pepsi,2023,2023-02-25,13,2621
Pepsi,2023,2023-02-26,14,2625
Pepsi,2024,2024-01-21,-21,2617
Pepsi,2024,2024-01-22,-20,3213
Pepsi,2024,2024-01-23,-19,2685
Pepsi,2024,2024-01-24,-18,2544
Pepsi,2024,2024-01-25,-17,2644
Pepsi,2024,2024-01-26,-16,2594
Pepsi,2024,2024-01-27,-15,2549
Pepsi,2024,2024-01-28,-14,2842
Pepsi,2024,2024-01-29,-13,2703
Pepsi,2024,2024-01-30,-12,2673
Pepsi,2024,2024-01-31,-11,2784
Pepsi,2024,2024-02-01,-10,2469
Pepsi,2024,2024-02-02,-9,2713
Pepsi,2024,2024-02-03,-8,2538
Pepsi,2024,2024-02-04,-7,2661
Pepsi,2024,2024-02-05,-6,2610
Pepsi,2024,2024-02-06,-5,2694
Pepsi,2024,2024-02-07,-4,2603
Pepsi,2024,2024-02-08,-3,2531
Pepsi,2024,2024-02-09,-2,2622
Pepsi,2024,2024-02-10,-1,2692
Pepsi,2024,2024-02-11,0,2910
Pepsi,2024,2024-02-12,1,3039
Pepsi,2024,2024-02-13,2,2658
Pepsi,2024,2024-02-14,3,2516
Pepsi,2024,2024-02-15,4,2693
Pepsi,2024,2024-02-16,5,2639
Pepsi,2024,2024-02-17,6,2581
Pepsi,2024,2024-02-18,7,3107
Pepsi,2024,2024-02-19,8,2948
Pepsi,2024,2024-02-20,9,2889
Pepsi,2024,2024-02-21,10,3037
Pepsi,2024,2024-02-22,11,2796
Pepsi,2024,2024-02-23,12,2863
Pepsi,2024,2024-02-24,13,2975
Pepsi,2024,2024-02-25,14,2891
Pepsi,2025,2025-01-19,-21,2093
Pepsi,2025,2025-01-20,-20,2246
Pepsi,2025,2025-01-21,-19,2301
Pepsi,2025,2025-01-22,-18,2169
Pepsi,2025,2025-01-23,-17,2346
Pepsi,2025,2025-01-24,-16,2177
Pepsi,2025,2025-01-25,-15,2212
Pepsi,2025,2025-01-26,-14,2232
Pepsi,2025,2025-01-27,-13,2552
Pepsi,2025,2025-01-28,-12,2584
Pepsi,2025,2025-01-29,-11,2489
Pepsi,2025,2025-01-30,-10,2521
Pepsi,2025,2025-01-31,-9,2710
Pepsi,2025,2025-02-01,-8,3584
Pepsi,2025,2025-02-02,-7,7214
Pepsi,2025,2025-02-03,-6,13397
Pepsi,2025,2025-02-04,-5,63141
Pepsi,2025,2025-02-05,-4,47989
Pepsi,2025,2025-02-06,-3,59468
Pepsi,2025,2025-02-07,-2,75711
Pepsi,2025,2025-02-08,-1,51573
Pepsi,2025,2025-02-09,0,38199
Pepsi,2025,2025-02-10,1,24118
Pepsi,2025,2025-02-11,2,21066
Pepsi,2025,2025-02-12,3,19010
Pepsi,2025,2025-02-13,4,15924
Pepsi,2025,2025-02-14,5,21516
Pepsi,2025,2025-02-15,6,30879
Pepsi,2025,2025-02-16,7,30811
Pepsi,2025,2025-02-17,8,13815
Pepsi,2025,2025-02-18,9,3551
Pepsi,2025,2025-02-19,10,3943
Pepsi,2025,2025-02-20,11,2936
Pepsi,2025,2025-02-21,12,2400
Pepsi,2025,2025-02-22,13,2552
Pepsi,2025,2025-02-23,14,4194
Pepsi,2026,2026-01-18,-21,1587
Pepsi,2026,2026-01-19,-20,1588
Pepsi,2026,2026-01-20,-19,1644
Pepsi,2026,2026-01-21,-18,1540
Pepsi,2026,2026-01-22,-17,1636
Pepsi,2026,2026-01-23,-16,1474
Pepsi,2026,2026-01-24,-15,1487
Pepsi,2026,2026-01-25,-14,1610
Pepsi,2026,2026-01-26,-13,1606
Pepsi,2026,2026-01-27,-12,1511
Pepsi,2026,2026-01-28,-11,1441
Pepsi,2026,2026-01-29,-10,1717
Pepsi,2026,2026-01-30,-9,1793
Pepsi,2026,2026-01-31,-8,1778
Pepsi,2026,2026-02-01,-7,1707
Pepsi,2026,2026-02-02,-6,1782
Pepsi,2026,2026-02-03,-5,1727
Pepsi,2026,2026-02-04,-4,1881
Pepsi,2026,2026-02-05,-3,1770
Pepsi,2026,2026-02-06,-2,1686
Pepsi,2026,2026-02-07,-1,1703
Pepsi,2026,2026-02-08,0,1717
Pepsi,2026,2026-02-09,1,2364
Pepsi,2026,2026-02-10,2,1924
Pepsi,2026,2026-02-11,3,1829
Pepsi,2026,2026-02-12,4,1704
Pepsi,2026,2026-02-13,5,1635
Pepsi,2026,2026-02-14,6,1572
Pepsi,2026,2026-02-15,7,2562
Pepsi,2026,2026-02-16,8,1646
Pepsi,2026,2026-02-17,9,1739
Pepsi,2026,2026-02-18,10,1616
Pepsi,2026,2026-02-19,11,1758
Pepsi,2026,2026-02-20,12,1728
Pepsi,2026,2026-02-21,13,1654
Pepsi,2026,2026-02-22,14,1671
Doritos,2016,2016-01-17,-21,1323
Doritos,2016,2016-01-18,-20,1312
Doritos,2016,2016-01-19,-19,1164
Doritos,2016,2016-01-20,-18,1298
Doritos,2016,2016-01-21,-17,1455
Doritos,2016,2016-01-22,-16,1347
Doritos,2016,2016-01-23,-15,46032
Doritos,2016,2016-01-24,-14,55094
Doritos,2016,2016-01-25,-13,2055
Doritos,2016,2016-01-26,-12,1640
Doritos,2016,2016-01-27,-11,1541
Doritos,2016,2016-01-28,-10,1662
Doritos,2016,2016-01-29,-9,1483
Doritos,2016,2016-01-30,-8,1366
Doritos,2016,2016-01-31,-7,1527
Doritos,2016,2016-02-01,-6,1457
Doritos,2016,2016-02-02,-5,1471
Doritos,2016,2016-02-03,-4,1955
Doritos,2016,2016-02-04,-3,1514
Doritos,2016,2016-02-05,-2,1473
Doritos,2016,2016-02-06,-1,1425
Doritos,2016,2016-02-07,0,2039
Doritos,2016,2016-02-08,1,3357
Doritos,2016,2016-02-09,2,2267
Doritos,2016,2016-02-10,3,1914
Doritos,2016,2016-02-11,4,1662
Doritos,2016,2016-02-12,5,1453
Doritos,2016,2016-02-13,6,1333
Doritos,2016,2016-02-14,7,1330
Doritos,2016,2016-02-15,8,1292
Doritos,2016,2016-02-16,9,1347
Doritos,2016,2016-02-17,10,1461
Doritos,2016,2016-02-18,11,1456
Doritos,2016,2016-02-19,12,1507
Doritos,2016,2016-02-20,13,1471
Doritos,2016,2016-02-21,14,1383
Doritos,2017,2017-01-15,-21,1316
Doritos,2017,2017-01-16,-20,1297
Doritos,2017,2017-01-17,-19,1285
Doritos,2017,2017-01-18,-18,1323
Doritos,2017,2017-01-19,-17,1267
Doritos,2017,2017-01-20,-16,1233
Doritos,2017,2017-01-21,-15,1095
Doritos,2017,2017-01-22,-14,1131
Doritos,2017,2017-01-23,-13,1615
Doritos,2017,2017-01-24,-12,1404
Doritos,2017,2017-01-25,-11,1298
Doritos,2017,2017-01-26,-10,1319
Doritos,2017,2017-01-27,-9,1250
Doritos,2017,2017-01-28,-8,1169
Doritos,2017,2017-01-29,-7,1344
Doritos,2017,2017-01-30,-6,1578
Doritos,2017,2017-01-31,-5,1364
Doritos,2017,2017-02-01,-4,1322
Doritos,2017,2017-02-02,-3,1434
Doritos,2017,2017-02-03,-2,1306
Doritos,2017,2017-02-04,-1,1144
Doritos,2017,2017-02-05,0,1579
Doritos,2017,2017-02-06,1,1813
Doritos,2017,2017-02-07,2,1598
Doritos,2017,2017-02-08,3,1486
Doritos,2017,2017-02-09,4,1630
Doritos,2017,2017-02-10,5,1337
Doritos,2017,2017-02-11,6,1143
Doritos,2017,2017-02-12,7,1288
Doritos,2017,2017-02-13,8,1279
Doritos,2017,2017-02-14,9,1185
Doritos,2017,2017-02-15,10,1133
Doritos,2017,2017-02-16,11,1244
Doritos,2017,2017-02-17,12,1132
Doritos,2017,2017-02-18,13,1028
Doritos,2017,2017-02-19,14,1173
Doritos,2018,2018-01-14,-21,1057
Doritos,2018,2018-01-15,-20,989
Doritos,2018,2018-01-16,-19,1115
Doritos,2018,2018-01-17,-18,976
Doritos,2018,2018-01-18,-17,990
Doritos,2018,2018-01-19,-16,1063
Doritos,2018,2018-01-20,-15,935
Doritos,2018,2018-01-21,-14,1037
Doritos,2018,2018-01-22,-13,1073
Doritos,2018,2018-01-23,-12,1019
Doritos,2018,2018-01-24,-11,998
Doritos,2018,2018-01-25,-10,1110
Doritos,2018,2018-01-26,-9,1077
Doritos,2018,2018-01-27,-8,1024
Doritos,2018,2018-01-28,-7,1064
Doritos,2018,2018-01-29,-6,1142
Doritos,2018,2018-01-30,-5,1232
Doritos,2018,2018-01-31,-4,1673
Doritos,2018,2018-02-01,-3,1678
Doritos,2018,2018-02-02,-2,1396
Doritos,2018,2018-02-03,-1,1294
Doritos,2018,2018-02-04,0,1609
Doritos,2018,2018-02-05,1,6500
Doritos,2018,2018-02-06,2,4260
Doritos,2018,2018-02-07,3,2674
Doritos,2018,2018-02-08,4,1861
Doritos,2018,2018-02-09,5,1522
Doritos,2018,2018-02-10,6,1714
Doritos,2018,2018-02-11,7,1598
Doritos,2018,2018-02-12,8,1582
Doritos,2018,2018-02-13,9,1431
Doritos,2018,2018-02-14,10,1232
Doritos,2018,2018-02-15,11,1205
Doritos,2018,2018-02-16,12,1115
Doritos,2018,2018-02-17,13,1426
Doritos,2018,2018-02-18,14,1816
Doritos,2019,2019-01-13,-21,1123
Doritos,2019,2019-01-14,-20,1288
Doritos,2019,2019-01-15,-19,1124
Doritos,2019,2019-01-16,-18,1157
Doritos,2019,2019-01-17,-17,1188
Doritos,2019,2019-01-18,-16,1199
Doritos,2019,2019-01-19,-15,1145
Doritos,2019,2019-01-20,-14,1153
Doritos,2019,2019-01-21,-13,1146
Doritos,2019,2019-01-22,-12,1142
Doritos,2019,2019-01-23,-11,1139
Doritos,2019,2019-01-24,-10,1090
Doritos,2019,2019-01-25,-9,994
Doritos,2019,2019-01-26,-8,1177
Doritos,2019,2019-01-27,-7,1117
Doritos,2019,2019-01-28,-6,1072
Doritos,2019,2019-01-29,-5,1150
Doritos,2019,2019-01-30,-4,1759
Doritos,2019,2019-01-31,-3,1148
Doritos,2019,2019-02-01,-2,1124
Doritos,2019,2019-02-02,-1,1198
Doritos,2019,2019-02-03,0,1640
Doritos,2019,2019-02-04,1,1595
Doritos,2019,2019-02-05,2,1544
Doritos,2019,2019-02-06,3,1678
Doritos,2019,2019-02-07,4,1610
Doritos,2019,2019-02-08,5,1388
Doritos,2019,2019-02-09,6,1196
Doritos,2019,2019-02-10,7,1266
Doritos,2019,2019-02-11,8,1185
Doritos,2019,2019-02-12,9,1182
Doritos,2019,2019-02-13,10,1260
Doritos,2019,2019-02-14,11,1034
Doritos,2019,2019-02-15,12,948
Doritos,2019,2019-02-16,13,970
Doritos,2019,2019-02-17,14,1031
Doritos,2020,2020-01-12,-21,1083
Doritos,2020,2020-01-13,-20,1087
Doritos,2020,2020-01-14,-19,1087
Doritos,2020,2020-01-15,-18,973
Doritos,2020,2020-01-16,-17,1230
Doritos,2020,2020-01-17,-16,1009
Doritos,2020,2020-01-18,-15,1044
Doritos,2020,2020-01-19,-14,1187
Doritos,2020,2020-01-20,-13,985
Doritos,2020,2020-01-21,-12,1060
Doritos,2020,2020-01-22,-11,1078
Doritos,2020,2020-01-23,-10,1097
Doritos,2020,2020-01-24,-9,1072
Doritos,2020,2020-01-25,-8,1041
Doritos,2020,2020-01-26,-7,1209
Doritos,2020,2020-01-27,-6,1008
Doritos,2020,2020-01-28,-5,1093
Doritos,2020,2020-01-29,-4,1136
Doritos,2020,2020-01-30,-3,1209
Doritos,2020,2020-01-31,-2,1096
Doritos,2020,2020-02-01,-1,1061
Doritos,2020,2020-02-02,0,1279
Doritos,2020,2020-02-03,1,1861
Doritos,2020,2020-02-04,2,1252
Doritos,2020,2020-02-05,3,1083
Doritos,2020,2020-02-06,4,1122
Doritos,2020,2020-02-07,5,1025
Doritos,2020,2020-02-08,6,981
Doritos,2020,2020-02-09,7,1360
Doritos,2020,2020-02-10,8,1049
Doritos,2020,2020-02-11,9,1038
Doritos,2020,2020-02-12,10,1068
Doritos,2020,2020-02-13,11,995
Doritos,2020,2020-02-14,12,892
Doritos,2020,2020-02-15,13,953
Doritos,2020,2020-02-16,14,1032
Doritos,2021,2021-01-17,-21,1188
Doritos,2021,2021-01-18,-20,1154
Doritos,2021,2021-01-19,-19,1089
Doritos,2021,2021-01-20,-18,1090
Doritos,2021,2021-01-21,-17,1068
Doritos,2021,2021-01-22,-16,1173
Doritos,2021,2021-01-23,-15,1225
Doritos,2021,2021-01-24,-14,1220
Doritos,2021,2021-01-25,-13,1393
Doritos,2021,2021-01-26,-12,1206
Doritos,2021,2021-01-27,-11,1133
Doritos,2021,2021-01-28,-10,1224
Doritos,2021,2021-01-29,-9,1144
Doritos,2021,2021-01-30,-8,1142
Doritos,2021,2021-01-31,-7,1254
Doritos,2021,2021-02-01,-6,1217
Doritos,2021,2021-02-02,-5,1307
Doritos,2021,2021-02-03,-4,1301
Doritos,2021,2021-02-04,-3,1317
Doritos,2021,2021-02-05,-2,1317
Doritos,2021,2021-02-06,-1,1393
Doritos,2021,2021-02-07,0,1720
Doritos,2021,2021-02-08,1,2839
Doritos,2021,2021-02-09,2,1454
Doritos,2021,2021-02-10,3,1228
Doritos,2021,2021-02-11,4,1198
Doritos,2021,2021-02-12,5,1169
Doritos,2021,2021-02-13,6,1227
Doritos,2021,2021-02-14,7,1238
Doritos,2021,2021-02-15,8,1451
Doritos,2021,2021-02-16,9,1124
Doritos,2021,2021-02-17,10,1179
Doritos,2021,2021-02-18,11,1167
Doritos,2021,2021-02-19,12,1129
Doritos,2021,2021-02-20,13,1122
Doritos,2021,2021-02-21,14,1321
Doritos,2022,2022-01-23,-21,858
Doritos,2022,2022-01-24,-20,778
Doritos,2022,2022-01-25,-19,857
Doritos,2022,2022-01-26,-18,2029
Doritos,2022,2022-01-27,-17,1213
Doritos,2022,2022-01-28,-16,977
Doritos,2022,2022-01-29,-15,1385
Doritos,2022,2022-01-30,-14,1235
Doritos,2022,2022-01-31,-13,1002
Doritos,2022,2022-02-01,-12,952
Doritos,2022,2022-02-02,-11,953
Doritos,2022,2022-02-03,-10,937
Doritos,2022,2022-02-04,-9,913
Doritos,2022,2022-02-05,-8,856
Doritos,2022,2022-02-06,-7,941
Doritos,2022,2022-02-07,-6,992
Doritos,2022,2022-02-08,-5,971
Doritos,2022,2022-02-09,-4,910
Doritos,2022,2022-02-10,-3,872
Doritos,2022,2022-02-11,-2,837
Doritos,2022,2022-02-12,-1,917
Doritos,2022,2022-02-13,0,1105
Doritos,2022,2022-02-14,1,1383
Doritos,2022,2022-02-15,2,1080
Doritos,2022,2022-02-16,3,1088
Doritos,2022,2022-02-17,4,949
Doritos,2022,2022-02-18,5,885
Doritos,2022,2022-02-19,6,889
Doritos,2022,2022-02-20,7,956
Doritos,2022,2022-02-21,8,885
Doritos,2022,2022-02-22,9,868
Doritos,2022,2022-02-23,10,913
Doritos,2022,2022-02-24,11,869
Doritos,2022,2022-02-25,12,792
Doritos,2022,2022-02-26,13,823
Doritos,2022,2022-02-27,14,833
Doritos,2023,2023-01-22,-21,929
Doritos,2023,2023-01-23,-20,1026
Doritos,2023,2023-01-24,-19,865
Doritos,2023,2023-01-25,-18,850
Doritos,2023,2023-01-26,-17,928
Doritos,2023,2023-01-27,-16,908
Doritos,2023,2023-01-28,-15,890
Doritos,2023,2023-01-29,-14,944
Doritos,2023,2023-01-30,-13,961
Doritos,2023,2023-01-31,-12,923
Doritos,2023,2023-02-01,-11,847
Doritos,2023,2023-02-02,-10,951
Doritos,2023,2023-02-03,-9,934
Doritos,2023,2023-02-04,-8,848
Doritos,2023,2023-02-05,-7,898
Doritos,2023,2023-02-06,-6,953
Doritos,2023,2023-02-07,-5,969
Doritos,2023,2023-02-08,-4,992
Doritos,2023,2023-02-09,-3,969
Doritos,2023,2023-02-10,-2,1153
Doritos,2023,2023-02-11,-1,985
Doritos,2023,2023-02-12,0,1246
Doritos,2023,2023-02-13,1,1608
Doritos,2023,2023-02-14,2,992
Doritos,2023,2023-02-15,3,966
Doritos,2023,2023-02-16,4,924
Doritos,2023,2023-02-17,5,963
Doritos,2023,2023-02-18,6,987
Doritos,2023,2023-02-19,7,990
Doritos,2023,2023-02-20,8,974
Doritos,2023,2023-02-21,9,985
Doritos,2023,2023-02-22,10,914
Doritos,2023,2023-02-23,11,967
Doritos,2023,2023-02-24,12,976
Doritos,2023,2023-02-25,13,928
Doritos,2023,2023-02-26,14,1154
Doritos,2024,2024-01-21,-21,870
Doritos,2024,2024-01-22,-20,899
Doritos,2024,2024-01-23,-19,937
Doritos,2024,2024-01-24,-18,849
Doritos,2024,2024-01-25,-17,968
Doritos,2024,2024-01-26,-16,856
Doritos,2024,2024-01-27,-15,856
Doritos,2024,2024-01-28,-14,1012
Doritos,2024,2024-01-29,-13,1067
Doritos,2024,2024-01-30,-12,979
Doritos,2024,2024-01-31,-11,917
Doritos,2024,2024-02-01,-10,1001
Doritos,2024,2024-02-02,-9,1038
Doritos,2024,2024-02-03,-8,924
Doritos,2024,2024-02-04,-7,1027
Doritos,2024,2024-02-05,-6,949
Doritos,2024,2024-02-06,-5,1016
Doritos,2024,2024-02-07,-4,907
Doritos,2024,2024-02-08,-3,857
Doritos,2024,2024-02-09,-2,910
Doritos,2024,2024-02-10,-1,1016
Doritos,2024,2024-02-11,0,1132
Doritos,2024,2024-02-12,1,1298
Doritos,2024,2024-02-13,2,946
Doritos,2024,2024-02-14,3,895
Doritos,2024,2024-02-15,4,819
Doritos,2024,2024-02-16,5,809
Doritos,2024,2024-02-17,6,846
Doritos,2024,2024-02-18,7,954
Doritos,2024,2024-02-19,8,954
Doritos,2024,2024-02-20,9,990
Doritos,2024,2024-02-21,10,1068
Doritos,2024,2024-02-22,11,822
Doritos,2024,2024-02-23,12,865
Doritos,2024,2024-02-24,13,905
Doritos,2024,2024-02-25,14,931
Doritos,2025,2025-01-19,-21,925
Doritos,2025,2025-01-20,-20,823
Doritos,2025,2025-01-21,-19,851
Doritos,2025,2025-01-22,-18,840
Doritos,2025,2025-01-23,-17,979
Doritos,2025,2025-01-24,-16,1000
Doritos,2025,2025-01-25,-15,1110
Doritos,2025,2025-01-26,-14,1151
Doritos,2025,2025-01-27,-13,1098
Doritos,2025,2025-01-28,-12,1031
Doritos,2025,2025-01-29,-11,1297
Doritos,2025,2025-01-30,-10,1155
Doritos,2025,2025-01-31,-9,992
Doritos,2025,2025-02-01,-8,898
Doritos,2025,2025-02-02,-7,1207
Doritos,2025,2025-02-03,-6,1140
Doritos,2025,2025-02-04,-5,1025
Doritos,2025,2025-02-05,-4,1015
Doritos,2025,2025-02-06,-3,1040
Doritos,2025,2025-02-07,-2,979
Doritos,2025,2025-02-08,-1,869
Doritos,2025,2025-02-09,0,1065
Doritos,2025,2025-02-10,1,2132
Doritos,2025,2025-02-11,2,1350
Doritos,2025,2025-02-12,3,1049
Doritos,2025,2025-02-13,4,996
Doritos,2025,2025-02-14,5,813
Doritos,2025,2025-02-15,6,869
Doritos,2025,2025-02-16,7,943
Doritos,2025,2025-02-17,8,894
Doritos,2025,2025-02-18,9,874
Doritos,2025,2025-02-19,10,884
Doritos,2025,2025-02-20,11,893
Doritos,2025,2025-02-21,12,782
Doritos,2025,2025-02-22,13,822
Doritos,2025,2025-02-23,14,801
Doritos,2026,2026-01-18,-21,818
Doritos,2026,2026-01-19,-20,760
Doritos,2026,2026-01-20,-19,773
Doritos,2026,2026-01-21,-18,791
Doritos,2026,2026-01-22,-17,712
Doritos,2026,2026-01-23,-16,817
Doritos,2026,2026-01-24,-15,743
Doritos,2026,2026-01-25,-14,689
Doritos,2026,2026-01-26,-13,733
Doritos,2026,2026-01-27,-12,784
Doritos,2026,2026-01-28,-11,639
Doritos,2026,2026-01-29,-10,671
Doritos,2026,2026-01-30,-9,644
Doritos,2026,2026-01-31,-8,684
Doritos,2026,2026-02-01,-7,703
Doritos,2026,2026-02-02,-6,736
Doritos,2026,2026-02-03,-5,814
Doritos,2026,2026-02-04,-4,1003
Doritos,2026,2026-02-05,-3,763
Doritos,2026,2026-02-06,-2,706
Doritos,2026,2026-02-07,-1,724
Doritos,2026,2026-02-08,0,780
Doritos,2026,2026-02-09,1,892
Doritos,2026,2026-02-10,2,756
Doritos,2026,2026-02-11,3,698
Doritos,2026,2026-02-12,4,663
Doritos,2026,2026-02-13,5,676
Doritos,2026,2026-02-14,6,639
Doritos,2026,2026-02-15,7,656
Doritos,2026,2026-02-16,8,639
Doritos,2026,2026-02-17,9,752
Doritos,2026,2026-02-18,10,802
Doritos,2026,2026-02-19,11,610
Doritos,2026,2026-02-20,12,580
Doritos,2026,2026-02-21,13,697
Doritos,2026,2026-02-22,14,1032
Kia,2016,2016-01-17,-21,109
Kia,2016,2016-01-18,-20,90
Kia,2016,2016-01-19,-19,90
Kia,2016,2016-01-20,-18,102
Kia,2016,2016-01-21,-17,89
Kia,2016,2016-01-22,-16,86
Kia,2016,2016-01-23,-15,88
Kia,2016,2016-01-24,-14,92
Kia,2016,2016-01-25,-13,105
Kia,2016,2016-01-26,-12,92
Kia,2016,2016-01-27,-11,104
Kia,2016,2016-01-28,-10,95
Kia,2016,2016-01-29,-9,86
Kia,2016,2016-01-30,-8,66
Kia,2016,2016-01-31,-7,115
Kia,2016,2016-02-01,-6,84
Kia,2016,2016-02-02,-5,80
Kia,2016,2016-02-03,-4,92
Kia,2016,2016-02-04,-3,104
Kia,2016,2016-02-05,-2,86
Kia,2016,2016-02-06,-1,83
Kia,2016,2016-02-07,0,96
Kia,2016,2016-02-08,1,117
Kia,2016,2016-02-09,2,100
Kia,2016,2016-02-10,3,74
Kia,2016,2016-02-11,4,87
Kia,2016,2016-02-12,5,92
Kia,2016,2016-02-13,6,81
Kia,2016,2016-02-14,7,108
Kia,2016,2016-02-15,8,85
Kia,2016,2016-02-16,9,77
Kia,2016,2016-02-17,10,78
Kia,2016,2016-02-18,11,96
Kia,2016,2016-02-19,12,86
Kia,2016,2016-02-20,13,79
Kia,2016,2016-02-21,14,106
Kia,2017,2017-01-15,-21,90
Kia,2017,2017-01-16,-20,107
Kia,2017,2017-01-17,-19,109
Kia,2017,2017-01-18,-18,94
Kia,2017,2017-01-19,-17,110
Kia,2017,2017-01-20,-16,86
Kia,2017,2017-01-21,-15,65
Kia,2017,2017-01-22,-14,81
Kia,2017,2017-01-23,-13,83
Kia,2017,2017-01-24,-12,81
Kia,2017,2017-01-25,-11,105
Kia,2017,2017-01-26,-10,75
Kia,2017,2017-01-27,-9,83
Kia,2017,2017-01-28,-8,87
Kia,2017,2017-01-29,-7,153
Kia,2017,2017-01-30,-6,92
Kia,2017,2017-01-31,-5,92
Kia,2017,2017-02-01,-4,78
Kia,2017,2017-02-02,-3,81
Kia,2017,2017-02-03,-2,77
Kia,2017,2017-02-04,-1,60
Kia,2017,2017-02-05,0,78
Kia,2017,2017-02-06,1,97
Kia,2017,2017-02-07,2,84
Kia,2017,2017-02-08,3,78
Kia,2017,2017-02-09,4,96
Kia,2017,2017-02-10,5,103
Kia,2017,2017-02-11,6,68
Kia,2017,2017-02-12,7,75
Kia,2017,2017-02-13,8,83
Kia,2017,2017-02-14,9,93
Kia,2017,2017-02-15,10,96
Kia,2017,2017-02-16,11,67
Kia,2017,2017-02-17,12,83
Kia,2017,2017-02-18,13,73
Kia,2017,2017-02-19,14,86
Kia,2018,2018-01-14,-21,74
Kia,2018,2018-01-15,-20,99
Kia,2018,2018-01-16,-19,101
Kia,2018,2018-01-17,-18,77
Kia,2018,2018-01-18,-17,76
Kia,2018,2018-01-19,-16,68
Kia,2018,2018-01-20,-15,64
Kia,2018,2018-01-21,-14,59
Kia,2018,2018-01-22,-13,94
Kia,2018,2018-01-23,-12,75
Kia,2018,2018-01-24,-11,89
Kia,2018,2018-01-25,-10,108
Kia,2018,2018-01-26,-9,93
Kia,2018,2018-01-27,-8,68
Kia,2018,2018-01-28,-7,103
Kia,2018,2018-01-29,-6,63
Kia,2018,2018-01-30,-5,80
Kia,2018,2018-01-31,-4,64
Kia,2018,2018-02-01,-3,67
Kia,2018,2018-02-02,-2,107
Kia,2018,2018-02-03,-1,95
Kia,2018,2018-02-04,0,59
Kia,2018,2018-02-05,1,90
Kia,2018,2018-02-06,2,81
Kia,2018,2018-02-07,3,87
Kia,2018,2018-02-08,4,85
Kia,2018,2018-02-09,5,94
Kia,2018,2018-02-10,6,87
Kia,2018,2018-02-11,7,75
Kia,2018,2018-02-12,8,111
Kia,2018,2018-02-13,9,69
Kia,2018,2018-02-14,10,80
Kia,2018,2018-02-15,11,81
Kia,2018,2018-02-16,12,74
Kia,2018,2018-02-17,13,70
Kia,2018,2018-02-18,14,69
Kia,2019,2019-01-13,-21,74
Kia,2019,2019-01-14,-20,100
Kia,2019,2019-01-15,-19,84
Kia,2019,2019-01-16,-18,93
Kia,2019,2019-01-17,-17,92
Kia,2019,2019-01-18,-16,85
Kia,2019,2019-01-19,-15,73
Kia,2019,2019-01-20,-14,63
Kia,2019,2019-01-21,-13,76
Kia,2019,2019-01-22,-12,90
Kia,2019,2019-01-23,-11,74
Kia,2019,2019-01-24,-10,79
Kia,2019,2019-01-25,-9,78
Kia,2019,2019-01-26,-8,84
Kia,2019,2019-01-27,-7,71
Kia,2019,2019-01-28,-6,135
Kia,2019,2019-01-29,-5,74
Kia,2019,2019-01-30,-4,76
Kia,2019,2019-01-31,-3,80
Kia,2019,2019-02-01,-2,73
Kia,2019,2019-02-02,-1,124
Kia,2019,2019-02-03,0,112
Kia,2019,2019-02-04,1,176
Kia,2019,2019-02-05,2,67
Kia,2019,2019-02-06,3,59
Kia,2019,2019-02-07,4,73
Kia,2019,2019-02-08,5,102
Kia,2019,2019-02-09,6,88
Kia,2019,2019-02-10,7,97
Kia,2019,2019-02-11,8,90
Kia,2019,2019-02-12,9,82
Kia,2019,2019-02-13,10,62
Kia,2019,2019-02-14,11,61
Kia,2019,2019-02-15,12,54
Kia,2019,2019-02-16,13,91
Kia,2019,2019-02-17,14,83
Kia,2020,2020-01-12,-21,66
Kia,2020,2020-01-13,-20,61
Kia,2020,2020-01-14,-19,69
Kia,2020,2020-01-15,-18,69
Kia,2020,2020-01-16,-17,68
Kia,2020,2020-01-17,-16,72
Kia,2020,2020-01-18,-15,57
Kia,2020,2020-01-19,-14,53
Kia,2020,2020-01-20,-13,57
Kia,2020,2020-01-21,-12,75
Kia,2020,2020-01-22,-11,79
Kia,2020,2020-01-23,-10,65
Kia,2020,2020-01-24,-9,64
Kia,2020,2020-01-25,-8,51
Kia,2020,2020-01-26,-7,67
Kia,2020,2020-01-27,-6,58
Kia,2020,2020-01-28,-5,76
Kia,2020,2020-01-29,-4,69
Kia,2020,2020-01-30,-3,64
Kia,2020,2020-01-31,-2,75
Kia,2020,2020-02-01,-1,66
Kia,2020,2020-02-02,0,75
Kia,2020,2020-02-03,1,87
Kia,2020,2020-02-04,2,69
Kia,2020,2020-02-05,3,81
Kia,2020,2020-02-06,4,82
Kia,2020,2020-02-07,5,76
Kia,2020,2020-02-08,6,69
Kia,2020,2020-02-09,7,78
Kia,2020,2020-02-10,8,77
Kia,2020,2020-02-11,9,67
Kia,2020,2020-02-12,10,67
Kia,2020,2020-02-13,11,65
Kia,2020,2020-02-14,12,71
Kia,2020,2020-02-15,13,63
Kia,2020,2020-02-16,14,69
Kia,2021,2021-01-17,-21,108
Kia,2021,2021-01-18,-20,90
Kia,2021,2021-01-19,-19,104
Kia,2021,2021-01-20,-18,95
Kia,2021,2021-01-21,-17,93
Kia,2021,2021-01-22,-16,734
Kia,2021,2021-01-23,-15,1676
Kia,2021,2021-01-24,-14,1912
Kia,2021,2021-01-25,-13,1905
Kia,2021,2021-01-26,-12,1713
Kia,2021,2021-01-27,-11,2072
Kia,2021,2021-01-28,-10,2626
Kia,2021,2021-01-29,-9,2510
Kia,2021,2021-01-30,-8,2775
Kia,2021,2021-01-31,-7,2968
Kia,2021,2021-02-01,-6,2645
Kia,2021,2021-02-02,-5,2467
Kia,2021,2021-02-03,-4,6358
Kia,2021,2021-02-04,-3,6476
Kia,2021,2021-02-05,-2,3994
Kia,2021,2021-02-06,-1,3570
Kia,2021,2021-02-07,0,3458
Kia,2021,2021-02-08,1,4112
Kia,2021,2021-02-09,2,3262
Kia,2021,2021-02-10,3,2949
Kia,2021,2021-02-11,4,2565
Kia,2021,2021-02-12,5,2561
Kia,2021,2021-02-13,6,2917
Kia,2021,2021-02-14,7,3018
Kia,2021,2021-02-15,8,2741
Kia,2021,2021-02-16,9,2859
Kia,2021,2021-02-17,10,3028
Kia,2021,2021-02-18,11,3075
Kia,2021,2021-02-19,12,2826
Kia,2021,2021-02-20,13,2907
Kia,2021,2021-02-21,14,3920
Kia,2022,2022-01-23,-21,2383
Kia,2022,2022-01-24,-20,2205
Kia,2022,2022-01-25,-19,2156
Kia,2022,2022-01-26,-18,2445
Kia,2022,2022-01-27,-17,2257
Kia,2022,2022-01-28,-16,2400
Kia,2022,2022-01-29,-15,2807
Kia,2022,2022-01-30,-14,4743
Kia,2022,2022-01-31,-13,2750
Kia,2022,2022-02-01,-12,2317
Kia,2022,2022-02-02,-11,2420
Kia,2022,2022-02-03,-10,2317
Kia,2022,2022-02-04,-9,2357
Kia,2022,2022-02-05,-8,2407
Kia,2022,2022-02-06,-7,3476
Kia,2022,2022-02-07,-6,4213
Kia,2022,2022-02-08,-5,4028
Kia,2022,2022-02-09,-4,3691
Kia,2022,2022-02-10,-3,2739
Kia,2022,2022-02-11,-2,2367
Kia,2022,2022-02-12,-1,2559
Kia,2022,2022-02-13,0,2555
Kia,2022,2022-02-14,1,2808
Kia,2022,2022-02-15,2,2638
Kia,2022,2022-02-16,3,2930
Kia,2022,2022-02-17,4,2640
Kia,2022,2022-02-18,5,2605
Kia,2022,2022-02-19,6,2777
Kia,2022,2022-02-20,7,2818
Kia,2022,2022-02-21,8,2960
Kia,2022,2022-02-22,9,2399
Kia,2022,2022-02-23,10,2445
Kia,2022,2022-02-24,11,2087
Kia,2022,2022-02-25,12,1953
Kia,2022,2022-02-26,13,2175
Kia,2022,2022-02-27,14,2345
Kia,2023,2023-01-22,-21,2907
Kia,2023,2023-01-23,-20,2714
Kia,2023,2023-01-24,-19,2970
Kia,2023,2023-01-25,-18,2467
Kia,2023,2023-01-26,-17,2403
Kia,2023,2023-01-27,-16,2440
Kia,2023,2023-01-28,-15,2512
Kia,2023,2023-01-29,-14,3771
Kia,2023,2023-01-30,-13,2520
Kia,2023,2023-01-31,-12,2209
Kia,2023,2023-02-01,-11,2007
Kia,2023,2023-02-02,-10,2027
Kia,2023,2023-02-03,-9,2055
Kia,2023,2023-02-04,-8,2122
Kia,2023,2023-02-05,-7,2423
Kia,2023,2023-02-06,-6,2325
Kia,2023,2023-02-07,-5,2110
Kia,2023,2023-02-08,-4,1988
Kia,2023,2023-02-09,-3,2083
Kia,2023,2023-02-10,-2,2216
Kia,2023,2023-02-11,-1,2294
Kia,2023,2023-02-12,0,2408
Kia,2023,2023-02-13,1,2654
Kia,2023,2023-02-14,2,2386
Kia,2023,2023-02-15,3,2636
Kia,2023,2023-02-16,4,2560
Kia,2023,2023-02-17,5,2373
Kia,2023,2023-02-18,6,2546
Kia,2023,2023-02-19,7,2695
Kia,2023,2023-02-20,8,2717
Kia,2023,2023-02-21,9,2429
Kia,2023,2023-02-22,10,2640
Kia,2023,2023-02-23,11,2250
Kia,2023,2023-02-24,12,2380
Kia,2023,2023-02-25,13,2541
Kia,2023,2023-02-26,14,2699
Kia,2024,2024-01-21,-21,2203
Kia,2024,2024-01-22,-20,2131
Kia,2024,2024-01-23,-19,2127
Kia,2024,2024-01-24,-18,2085
Kia,2024,2024-01-25,-17,2205
Kia,2024,2024-01-26,-16,2075
Kia,2024,2024-01-27,-15,2322
Kia,2024,2024-01-28,-14,3542
Kia,2024,2024-01-29,-13,2338
Kia,2024,2024-01-30,-12,2162
Kia,2024,2024-01-31,-11,2062
Kia,2024,2024-02-01,-10,1953
Kia,2024,2024-02-02,-9,1968
Kia,2024,2024-02-03,-8,4036
Kia,2024,2024-02-04,-7,2669
Kia,2024,2024-02-05,-6,2090
Kia,2024,2024-02-06,-5,1955
Kia,2024,2024-02-07,-4,1931
Kia,2024,2024-02-08,-3,1909
Kia,2024,2024-02-09,-2,1928
Kia,2024,2024-02-10,-1,1923
Kia,2024,2024-02-11,0,1921
Kia,2024,2024-02-12,1,2298
Kia,2024,2024-02-13,2,1958
Kia,2024,2024-02-14,3,1864
Kia,2024,2024-02-15,4,1872
Kia,2024,2024-02-16,5,1985
Kia,2024,2024-02-17,6,1984
Kia,2024,2024-02-18,7,2277
Kia,2024,2024-02-19,8,2242
Kia,2024,2024-02-20,9,1991
Kia,2024,2024-02-21,10,2039
Kia,2024,2024-02-22,11,2012
Kia,2024,2024-02-23,12,2038
Kia,2024,2024-02-24,13,2453
Kia,2024,2024-02-25,14,2296
Kia,2025,2025-01-19,-21,2001
Kia,2025,2025-01-20,-20,2073
Kia,2025,2025-01-21,-19,2087
Kia,2025,2025-01-22,-18,1909
Kia,2025,2025-01-23,-17,2080
Kia,2025,2025-01-24,-16,1953
Kia,2025,2025-01-25,-15,1970
Kia,2025,2025-01-26,-14,2535
Kia,2025,2025-01-27,-13,1853
Kia,2025,2025-01-28,-12,1970
Kia,2025,2025-01-29,-11,1935
Kia,2025,2025-01-30,-10,1912
Kia,2025,2025-01-31,-9,1926
Kia,2025,2025-02-01,-8,1986
Kia,2025,2025-02-02,-7,2608
Kia,2025,2025-02-03,-6,2091
Kia,2025,2025-02-04,-5,1958
Kia,2025,2025-02-05,-4,1878
Kia,2025,2025-02-06,-3,1915
Kia,2025,2025-02-07,-2,1566
Kia,2025,2025-02-08,-1,1581
Kia,2025,2025-02-09,0,1641
Kia,2025,2025-02-10,1,1734
Kia,2025,2025-02-11,2,1683
Kia,2025,2025-02-12,3,1487
Kia,2025,2025-02-13,4,1734
Kia,2025,2025-02-14,5,1555
Kia,2025,2025-02-15,6,1678
Kia,2025,2025-02-16,7,1912
Kia,2025,2025-02-17,8,1723
Kia,2025,2025-02-18,9,1554
Kia,2025,2025-02-19,10,1544
Kia,2025,2025-02-20,11,1499
Kia,2025,2025-02-21,12,1551
Kia,2025,2025-02-22,13,1627
Kia,2025,2025-02-23,14,1649
Kia,2026,2026-01-18,-21,1637
Kia,2026,2026-01-19,-20,1577
Kia,2026,2026-01-20,-19,1533
Kia,2026,2026-01-21,-18,1502
Kia,2026,2026-01-22,-17,1612
Kia,2026,2026-01-23,-16,1572
Kia,2026,2026-01-24,-15,1613
Kia,2026,2026-01-25,-14,1555
Kia,2026,2026-01-26,-13,1559
Kia,2026,2026-01-27,-12,1598
Kia,2026,2026-01-28,-11,1404
Kia,2026,2026-01-29,-10,1378
Kia,2026,2026-01-30,-9,1614
Kia,2026,2026-01-31,-8,1735
Kia,2026,2026-02-01,-7,4342
Kia,2026,2026-02-02,-6,1776
Kia,2026,2026-02-03,-5,1556
Kia,2026,2026-02-04,-4,1541
Kia,2026,2026-02-05,-3,1485
Kia,2026,2026-02-06,-2,1513
Kia,2026,2026-02-07,-1,1542
Kia,2026,2026-02-08,0,1598
Kia,2026,2026-02-09,1,1450
Kia,2026,2026-02-10,2,1387
Kia,2026,2026-02-11,3,1408
Kia,2026,2026-02-12,4,1414
Kia,2026,2026-02-13,5,1471
Kia,2026,2026-02-14,6,1561
Kia,2026,2026-02-15,7,1801
Kia,2026,2026-02-16,8,1539
Kia,2026,2026-02-17,9,1446
Kia,2026,2026-02-18,10,1441
Kia,2026,2026-02-19,11,1424
Kia,2026,2026-02-20,12,1453
Kia,2026,2026-02-21,13,1565
Kia,2026,2026-02-22,14,1614
Coca-Cola,2016,2016-01-17,-21,5943
Coca-Cola,2016,2016-01-18,-20,6397
Coca-Cola,2016,2016-01-19,-19,6645
Coca-Cola,2016,2016-01-20,-18,5998
Coca-Cola,2016,2016-01-21,-17,6616
Coca-Cola,2016,2016-01-22,-16,5973
Coca-Cola,2016,2016-01-23,-15,5306
Coca-Cola,2016,2016-01-24,-14,6000
Coca-Cola,2016,2016-01-25,-13,6661
Coca-Cola,2016,2016-01-26,-12,6676
Coca-Cola,2016,2016-01-27,-11,6439
Coca-Cola,2016,2016-01-28,-10,6452
Coca-Cola,2016,2016-01-29,-9,5779
Coca-Cola,2016,2016-01-30,-8,4874
Coca-Cola,2016,2016-01-31,-7,6140
Coca-Cola,2016,2016-02-01,-6,6624
Coca-Cola,2016,2016-02-02,-5,6589
Coca-Cola,2016,2016-02-03,-4,6875
Coca-Cola,2016,2016-02-04,-3,6704
Coca-Cola,2016,2016-02-05,-2,6162
Coca-Cola,2016,2016-02-06,-1,5345
Coca-Cola,2016,2016-02-07,0,5976
Coca-Cola,2016,2016-02-08,1,7455
Coca-Cola,2016,2016-02-09,2,6867
Coca-Cola,2016,2016-02-10,3,6840
Coca-Cola,2016,2016-02-11,4,6905
Coca-Cola,2016,2016-02-12,5,5671
Coca-Cola,2016,2016-02-13,6,5116
Coca-Cola,2016,2016-02-14,7,5321
Coca-Cola,2016,2016-02-15,8,6133
Coca-Cola,2016,2016-02-16,9,6712
Coca-Cola,2016,2016-02-17,10,6745
Coca-Cola,2016,2016-02-18,11,6385
Coca-Cola,2016,2016-02-19,12,6002
Coca-Cola,2016,2016-02-20,13,5261
Coca-Cola,2016,2016-02-21,14,5945
Coca-Cola,2017,2017-01-15,-21,32694
Coca-Cola,2017,2017-01-16,-20,16557
Coca-Cola,2017,2017-01-17,-19,6949
Coca-Cola,2017,2017-01-18,-18,6644
Coca-Cola,2017,2017-01-19,-17,6713
Coca-Cola,2017,2017-01-20,-16,6237
Coca-Cola,2017,2017-01-21,-15,5491
Coca-Cola,2017,2017-01-22,-14,6277
Coca-Cola,2017,2017-01-23,-13,6695
Coca-Cola,2017,2017-01-24,-12,7021
Coca-Cola,2017,2017-01-25,-11,7021
Coca-Cola,2017,2017-01-26,-10,7099
Coca-Cola,2017,2017-01-27,-9,6816
Coca-Cola,2017,2017-01-28,-8,5309
Coca-Cola,2017,2017-01-29,-7,5970
Coca-Cola,2017,2017-01-30,-6,6578
Coca-Cola,2017,2017-01-31,-5,6791
Coca-Cola,2017,2017-02-01,-4,6700
Coca-Cola,2017,2017-02-02,-3,6613
Coca-Cola,2017,2017-02-03,-2,6494
Coca-Cola,2017,2017-02-04,-1,5439
Coca-Cola,2017,2017-02-05,0,6989
Coca-Cola,2017,2017-02-06,1,9290
Coca-Cola,2017,2017-02-07,2,7148
Coca-Cola,2017,2017-02-08,3,6860
Coca-Cola,2017,2017-02-09,4,6643
Coca-Cola,2017,2017-02-10,5,6165
Coca-Cola,2017,2017-02-11,6,5104
Coca-Cola,2017,2017-02-12,7,6695
Coca-Cola,2017,2017-02-13,8,6489
Coca-Cola,2017,2017-02-14,9,6310
Coca-Cola,2017,2017-02-15,10,6619
Coca-Cola,2017,2017-02-16,11,6655
Coca-Cola,2017,2017-02-17,12,6257
Coca-Cola,2017,2017-02-18,13,5599
Coca-Cola,2017,2017-02-19,14,6223
Coca-Cola,2018,2018-01-14,-21,5493
Coca-Cola,2018,2018-01-15,-20,6228
Coca-Cola,2018,2018-01-16,-19,5868
Coca-Cola,2018,2018-01-17,-18,6021
Coca-Cola,2018,2018-01-18,-17,5914
Coca-Cola,2018,2018-01-19,-16,5813
Coca-Cola,2018,2018-01-20,-15,5077
Coca-Cola,2018,2018-01-21,-14,5553
Coca-Cola,2018,2018-01-22,-13,6221
Coca-Cola,2018,2018-01-23,-12,5793
Coca-Cola,2018,2018-01-24,-11,6258
Coca-Cola,2018,2018-01-25,-10,5905
Coca-Cola,2018,2018-01-26,-9,5348
Coca-Cola,2018,2018-01-27,-8,5054
Coca-Cola,2018,2018-01-28,-7,6037
Coca-Cola,2018,2018-01-29,-6,6867
Coca-Cola,2018,2018-01-30,-5,6318
Coca-Cola,2018,2018-01-31,-4,5986
Coca-Cola,2018,2018-02-01,-3,5907
Coca-Cola,2018,2018-02-02,-2,5419
Coca-Cola,2018,2018-02-03,-1,5854
Coca-Cola,2018,2018-02-04,0,5764
Coca-Cola,2018,2018-02-05,1,7794
Coca-Cola,2018,2018-02-06,2,6656
Coca-Cola,2018,2018-02-07,3,6484
Coca-Cola,2018,2018-02-08,4,6366
Coca-Cola,2018,2018-02-09,5,5750
Coca-Cola,2018,2018-02-10,6,5440
Coca-Cola,2018,2018-02-11,7,5901
Coca-Cola,2018,2018-02-12,8,6481
Coca-Cola,2018,2018-02-13,9,6138
Coca-Cola,2018,2018-02-14,10,6124
Coca-Cola,2018,2018-02-15,11,5900
Coca-Cola,2018,2018-02-16,12,5800
Coca-Cola,2018,2018-02-17,13,5287
Coca-Cola,2018,2018-02-18,14,6091
Coca-Cola,2019,2019-01-13,-21,5462
Coca-Cola,2019,2019-01-14,-20,6221
Coca-Cola,2019,2019-01-15,-19,6268
Coca-Cola,2019,2019-01-16,-18,6363
Coca-Cola,2019,2019-01-17,-17,5958
Coca-Cola,2019,2019-01-18,-16,5426
Coca-Cola,2019,2019-01-19,-15,5152
Coca-Cola,2019,2019-01-20,-14,5570
Coca-Cola,2019,2019-01-21,-13,5853
Coca-Cola,2019,2019-01-22,-12,5834
Coca-Cola,2019,2019-01-23,-11,6188
Coca-Cola,2019,2019-01-24,-10,5909
Coca-Cola,2019,2019-01-25,-9,5471
Coca-Cola,2019,2019-01-26,-8,5085
Coca-Cola,2019,2019-01-27,-7,5635
Coca-Cola,2019,2019-01-28,-6,5900
Coca-Cola,2019,2019-01-29,-5,6636
Coca-Cola,2019,2019-01-30,-4,7154
Coca-Cola,2019,2019-01-31,-3,6906
Coca-Cola,2019,2019-02-01,-2,6355
Coca-Cola,2019,2019-02-02,-1,5611
Coca-Cola,2019,2019-02-03,0,6139
Coca-Cola,2019,2019-02-04,1,7515
Coca-Cola,2019,2019-02-05,2,6279
Coca-Cola,2019,2019-02-06,3,6293
Coca-Cola,2019,2019-02-07,4,6157
Coca-Cola,2019,2019-02-08,5,6249
Coca-Cola,2019,2019-02-09,6,5907
Coca-Cola,2019,2019-02-10,7,6333
Coca-Cola,2019,2019-02-11,8,6573
Coca-Cola,2019,2019-02-12,9,6273
Coca-Cola,2019,2019-02-13,10,6337
Coca-Cola,2019,2019-02-14,11,6151
Coca-Cola,2019,2019-02-15,12,5705
Coca-Cola,2019,2019-02-16,13,5349
Coca-Cola,2019,2019-02-17,14,5809
Coca-Cola,2020,2020-01-12,-21,25116
Coca-Cola,2020,2020-01-13,-20,25728
Coca-Cola,2020,2020-01-14,-19,29694
Coca-Cola,2020,2020-01-15,-18,28306
Coca-Cola,2020,2020-01-16,-17,27577
Coca-Cola,2020,2020-01-17,-16,24778
Coca-Cola,2020,2020-01-18,-15,27222
Coca-Cola,2020,2020-01-19,-14,29386
Coca-Cola,2020,2020-01-20,-13,28529
Coca-Cola,2020,2020-01-21,-12,26958
Coca-Cola,2020,2020-01-22,-11,28905
Coca-Cola,2020,2020-01-23,-10,28529
Coca-Cola,2020,2020-01-24,-9,30003
Coca-Cola,2020,2020-01-25,-8,31237
Coca-Cola,2020,2020-01-26,-7,33970
Coca-Cola,2020,2020-01-27,-6,29311
Coca-Cola,2020,2020-01-28,-5,31637
Coca-Cola,2020,2020-01-29,-4,30215
Coca-Cola,2020,2020-01-30,-3,31501
Coca-Cola,2020,2020-01-31,-2,29388
Coca-Cola,2020,2020-02-01,-1,30120
Coca-Cola,2020,2020-02-02,0,29569
Coca-Cola,2020,2020-02-03,1,31771
Coca-Cola,2020,2020-02-04,2,29550
Coca-Cola,2020,2020-02-05,3,29208
Coca-Cola,2020,2020-02-06,4,33934
Coca-Cola,2020,2020-02-07,5,29707
Coca-Cola,2020,2020-02-08,6,27424
Coca-Cola,2020,2020-02-09,7,25673
Coca-Cola,2020,2020-02-10,8,32816
Coca-Cola,2020,2020-02-11,9,37746
Coca-Cola,2020,2020-02-12,10,41032
Coca-Cola,2020,2020-02-13,11,35290
Coca-Cola,2020,2020-02-14,12,36299
Coca-Cola,2020,2020-02-15,13,33296
Coca-Cola,2020,2020-02-16,14,36278
Coca-Cola,2021,2021-01-17,-21,19826
Coca-Cola,2021,2021-01-18,-20,17906
Coca-Cola,2021,2021-01-19,-19,17427
Coca-Cola,2021,2021-01-20,-18,16408
Coca-Cola,2021,2021-01-21,-17,18302
Coca-Cola,2021,2021-01-22,-16,19797
Coca-Cola,2021,2021-01-23,-15,19168
Coca-Cola,2021,2021-01-24,-14,21524
Coca-Cola,2021,2021-01-25,-13,22235
Coca-Cola,2021,2021-01-26,-12,19058
Coca-Cola,2021,2021-01-27,-11,8709
Coca-Cola,2021,2021-01-28,-10,7819
Coca-Cola,2021,2021-01-29,-9,7257
Coca-Cola,2021,2021-01-30,-8,6875
Coca-Cola,2021,2021-01-31,-7,6794
Coca-Cola,2021,2021-02-01,-6,7085
Coca-Cola,2021,2021-02-02,-5,7025
Coca-Cola,2021,2021-02-03,-4,7373
Coca-Cola,2021,2021-02-04,-3,7178
Coca-Cola,2021,2021-02-05,-2,6794
Coca-Cola,2021,2021-02-06,-1,6637
Coca-Cola,2021,2021-02-07,0,6814
Coca-Cola,2021,2021-02-08,1,7505
Coca-Cola,2021,2021-02-09,2,7096
Coca-Cola,2021,2021-02-10,3,7503
Coca-Cola,2021,2021-02-11,4,8246
Coca-Cola,2021,2021-02-12,5,7459
Coca-Cola,2021,2021-02-13,6,7064
Coca-Cola,2021,2021-02-14,7,8737
Coca-Cola,2021,2021-02-15,8,7523
Coca-Cola,2021,2021-02-16,9,7646
Coca-Cola,2021,2021-02-17,10,8529
Coca-Cola,2021,2021-02-18,11,8201
Coca-Cola,2021,2021-02-19,12,8424
Coca-Cola,2021,2021-02-20,13,8598
Coca-Cola,2021,2021-02-21,14,8801
Coca-Cola,2022,2022-01-23,-21,5771
Coca-Cola,2022,2022-01-24,-20,5867
Coca-Cola,2022,2022-01-25,-19,6612
Coca-Cola,2022,2022-01-26,-18,6449
Coca-Cola,2022,2022-01-27,-17,7151
Coca-Cola,2022,2022-01-28,-16,7024
Coca-Cola,2022,2022-01-29,-15,6965
Coca-Cola,2022,2022-01-30,-14,7145
Coca-Cola,2022,2022-01-31,-13,6627
Coca-Cola,2022,2022-02-01,-12,6870
Coca-Cola,2022,2022-02-02,-11,7262
Coca-Cola,2022,2022-02-03,-10,6910
Coca-Cola,2022,2022-02-04,-9,6892
Coca-Cola,2022,2022-02-05,-8,7466
Coca-Cola,2022,2022-02-06,-7,6761
Coca-Cola,2022,2022-02-07,-6,7169
Coca-Cola,2022,2022-02-08,-5,7082
Coca-Cola,2022,2022-02-09,-4,7016
Coca-Cola,2022,2022-02-10,-3,6912
Coca-Cola,2022,2022-02-11,-2,6571
Coca-Cola,2022,2022-02-12,-1,6367
Coca-Cola,2022,2022-02-13,0,6143
Coca-Cola,2022,2022-02-14,1,6633
Coca-Cola,2022,2022-02-15,2,6446
Coca-Cola,2022,2022-02-16,3,6671
Coca-Cola,2022,2022-02-17,4,6449
Coca-Cola,2022,2022-02-18,5,7110
Coca-Cola,2022,2022-02-19,6,6268
Coca-Cola,2022,2022-02-20,7,6625
Coca-Cola,2022,2022-02-21,8,6927
Coca-Cola,2022,2022-02-22,9,6706
Coca-Cola,2022,2022-02-23,10,7056
Coca-Cola,2022,2022-02-24,11,6876
Coca-Cola,2022,2022-02-25,12,6193
Coca-Cola,2022,2022-02-26,13,6501
Coca-Cola,2022,2022-02-27,14,7549
Coca-Cola,2023,2023-01-22,-21,4701
Coca-Cola,2023,2023-01-23,-20,4778
Coca-Cola,2023,2023-01-24,-19,4532
Coca-Cola,2023,2023-01-25,-18,4554
Coca-Cola,2023,2023-01-26,-17,4611
Coca-Cola,2023,2023-01-27,-16,4471
Coca-Cola,2023,2023-01-28,-15,4600
Coca-Cola,2023,2023-01-29,-14,5700
Coca-Cola,2023,2023-01-30,-13,5326
Coca-Cola,2023,2023-01-31,-12,4871
Coca-Cola,2023,2023-02-01,-11,4901
Coca-Cola,2023,2023-02-02,-10,4873
Coca-Cola,2023,2023-02-03,-9,5006
Coca-Cola,2023,2023-02-04,-8,4701
Coca-Cola,2023,2023-02-05,-7,4870
Coca-Cola,2023,2023-02-06,-6,5097
Coca-Cola,2023,2023-02-07,-5,5309
Coca-Cola,2023,2023-02-08,-4,5364
Coca-Cola,2023,2023-02-09,-3,5276
Coca-Cola,2023,2023-02-10,-2,4889
Coca-Cola,2023,2023-02-11,-1,4703
Coca-Cola,2023,2023-02-12,0,4830
Coca-Cola,2023,2023-02-13,1,5333
Coca-Cola,2023,2023-02-14,2,5696
Coca-Cola,2023,2023-02-15,3,5343
Coca-Cola,2023,2023-02-16,4,4726
Coca-Cola,2023,2023-02-17,5,4794
Coca-Cola,2023,2023-02-18,6,4798
Coca-Cola,2023,2023-02-19,7,5658
Coca-Cola,2023,2023-02-20,8,5745
Coca-Cola,2023,2023-02-21,9,5541
Coca-Cola,2023,2023-02-22,10,5646
Coca-Cola,2023,2023-02-23,11,5673
Coca-Cola,2023,2023-02-24,12,5279
Coca-Cola,2023,2023-02-25,13,5091
Coca-Cola,2023,2023-02-26,14,5577
Coca-Cola,2024,2024-01-21,-21,7616
Coca-Cola,2024,2024-01-22,-20,8307
Coca-Cola,2024,2024-01-23,-19,7846
Coca-Cola,2024,2024-01-24,-18,7138
Coca-Cola,2024,2024-01-25,-17,7865
Coca-Cola,2024,2024-01-26,-16,6614
Coca-Cola,2024,2024-01-27,-15,7388
Coca-Cola,2024,2024-01-28,-14,6915
Coca-Cola,2024,2024-01-29,-13,7618
Coca-Cola,2024,2024-01-30,-12,7769
Coca-Cola,2024,2024-01-31,-11,6975
Coca-Cola,2024,2024-02-01,-10,7266
Coca-Cola,2024,2024-02-02,-9,6661
Coca-Cola,2024,2024-02-03,-8,6898
Coca-Cola,2024,2024-02-04,-7,7208
Coca-Cola,2024,2024-02-05,-6,7740
Coca-Cola,2024,2024-02-06,-5,8586
Coca-Cola,2024,2024-02-07,-4,8241
Coca-Cola,2024,2024-02-08,-3,7815
Coca-Cola,2024,2024-02-09,-2,8958
Coca-Cola,2024,2024-02-10,-1,7544
Coca-Cola,2024,2024-02-11,0,6947
Coca-Cola,2024,2024-02-12,1,9056
Coca-Cola,2024,2024-02-13,2,8489
Coca-Cola,2024,2024-02-14,3,7767
Coca-Cola,2024,2024-02-15,4,8320
Coca-Cola,2024,2024-02-16,5,7608
Coca-Cola,2024,2024-02-17,6,7488
Coca-Cola,2024,2024-02-18,7,8126
Coca-Cola,2024,2024-02-19,8,8960
Coca-Cola,2024,2024-02-20,9,10527
Coca-Cola,2024,2024-02-21,10,9924
Coca-Cola,2024,2024-02-22,11,8534
Coca-Cola,2024,2024-02-23,12,8890
Coca-Cola,2024,2024-02-24,13,7600
Coca-Cola,2024,2024-02-25,14,8576
Coca-Cola,2025,2025-01-19,-21,4475
Coca-Cola,2025,2025-01-20,-20,4374
Coca-Cola,2025,2025-01-21,-19,4735
Coca-Cola,2025,2025-01-22,-18,4603
Coca-Cola,2025,2025-01-23,-17,4659
Coca-Cola,2025,2025-01-24,-16,4599
Coca-Cola,2025,2025-01-25,-15,4114
Coca-Cola,2025,2025-01-26,-14,4290
Coca-Cola,2025,2025-01-27,-13,5126
Coca-Cola,2025,2025-01-28,-12,5365
Coca-Cola,2025,2025-01-29,-11,4726
Coca-Cola,2025,2025-01-30,-10,4843
Coca-Cola,2025,2025-01-31,-9,4757
Coca-Cola,2025,2025-02-01,-8,5402
Coca-Cola,2025,2025-02-02,-7,5920
Coca-Cola,2025,2025-02-03,-6,6939
Coca-Cola,2025,2025-02-04,-5,7535
Coca-Cola,2025,2025-02-05,-4,7877
Coca-Cola,2025,2025-02-06,-3,8570
Coca-Cola,2025,2025-02-07,-2,9114
Coca-Cola,2025,2025-02-08,-1,8465
Coca-Cola,2025,2025-02-09,0,8724
Coca-Cola,2025,2025-02-10,1,7668
Coca-Cola,2025,2025-02-11,2,7249
Coca-Cola,2025,2025-02-12,3,7180
Coca-Cola,2025,2025-02-13,4,5807
Coca-Cola,2025,2025-02-14,5,4769
Coca-Cola,2025,2025-02-15,6,4800
Coca-Cola,2025,2025-02-16,7,5158
Coca-Cola,2025,2025-02-17,8,5127
Coca-Cola,2025,2025-02-18,9,5005
Coca-Cola,2025,2025-02-19,10,4919
Coca-Cola,2025,2025-02-20,11,4755
Coca-Cola,2025,2025-02-21,12,4568
Coca-Cola,2025,2025-02-22,13,4461
Coca-Cola,2025,2025-02-23,14,5592
Coca-Cola,2026,2026-01-18,-21,3891
Coca-Cola,2026,2026-01-19,-20,3521
Coca-Cola,2026,2026-01-20,-19,4029
Coca-Cola,2026,2026-01-21,-18,3715
Coca-Cola,2026,2026-01-22,-17,3662
Coca-Cola,2026,2026-01-23,-16,3470
Coca-Cola,2026,2026-01-24,-15,3274
Coca-Cola,2026,2026-01-25,-14,3459
Coca-Cola,2026,2026-01-26,-13,3417
Coca-Cola,2026,2026-01-27,-12,3688
Coca-Cola,2026,2026-01-28,-11,3356
Coca-Cola,2026,2026-01-29,-10,3857
Coca-Cola,2026,2026-01-30,-9,3595
Coca-Cola,2026,2026-01-31,-8,3646
Coca-Cola,2026,2026-02-01,-7,3330
Coca-Cola,2026,2026-02-02,-6,3502
Coca-Cola,2026,2026-02-03,-5,3599
Coca-Cola,2026,2026-02-04,-4,3723
Coca-Cola,2026,2026-02-05,-3,3858
Coca-Cola,2026,2026-02-06,-2,3610
Coca-Cola,2026,2026-02-07,-1,3335
Coca-Cola,2026,2026-02-08,0,3248
Coca-Cola,2026,2026-02-09,1,3794
Coca-Cola,2026,2026-02-10,2,3533
Coca-Cola,2026,2026-02-11,3,3576
Coca-Cola,2026,2026-02-12,4,3330
Coca-Cola,2026,2026-02-13,5,3231
Coca-Cola,2026,2026-02-14,6,3070
Coca-Cola,2026,2026-02-15,7,3546
Coca-Cola,2026,2026-02-16,8,3300
Coca-Cola,2026,2026-02-17,9,3560
Coca-Cola,2026,2026-02-18,10,3724
Coca-Cola,2026,2026-02-19,11,3854
Coca-Cola,2026,2026-02-20,12,3438
Coca-Cola,2026,2026-02-21,13,3533
Coca-Cola,2026,2026-02-22,14,4164
Hyundai,2016,2016-01-17,-21,2088
Hyundai,2016,2016-01-18,-20,2005
Hyundai,2016,2016-01-19,-19,1990
Hyundai,2016,2016-01-20,-18,1940
Hyundai,2016,2016-01-21,-17,2785
Hyundai,2016,2016-01-22,-16,1852
Hyundai,2016,2016-01-23,-15,1777
Hyundai,2016,2016-01-24,-14,2010
Hyundai,2016,2016-01-25,-13,1969
Hyundai,2016,2016-01-26,-12,2030
Hyundai,2016,2016-01-27,-11,2084
Hyundai,2016,2016-01-28,-10,1876
Hyundai,2016,2016-01-29,-9,1957
Hyundai,2016,2016-01-30,-8,1747
Hyundai,2016,2016-01-31,-7,2098
Hyundai,2016,2016-02-01,-6,2067
Hyundai,2016,2016-02-02,-5,1853
Hyundai,2016,2016-02-03,-4,2092
Hyundai,2016,2016-02-04,-3,2005
Hyundai,2016,2016-02-05,-2,1945
Hyundai,2016,2016-02-06,-1,1761
Hyundai,2016,2016-02-07,0,2346
Hyundai,2016,2016-02-08,1,2352
Hyundai,2016,2016-02-09,2,2095
Hyundai,2016,2016-02-10,3,2033
Hyundai,2016,2016-02-11,4,2057
Hyundai,2016,2016-02-12,5,1865
Hyundai,2016,2016-02-13,6,1726
Hyundai,2016,2016-02-14,7,2039
Hyundai,2016,2016-02-15,8,2025
Hyundai,2016,2016-02-16,9,2067
Hyundai,2016,2016-02-17,10,2128
Hyundai,2016,2016-02-18,11,2065
Hyundai,2016,2016-02-19,12,2083
Hyundai,2016,2016-02-20,13,1927
Hyundai,2016,2016-02-21,14,2082
Hyundai,2017,2017-01-15,-21,1983
Hyundai,2017,2017-01-16,-20,2219
Hyundai,2017,2017-01-17,-19,2366
Hyundai,2017,2017-01-18,-18,2265
Hyundai,2017,2017-01-19,-17,2219
Hyundai,2017,2017-01-20,-16,1941
Hyundai,2017,2017-01-21,-15,1851
Hyundai,2017,2017-01-22,-14,1945
Hyundai,2017,2017-01-23,-13,2125
Hyundai,2017,2017-01-24,-12,2165
Hyundai,2017,2017-01-25,-11,1997
Hyundai,2017,2017-01-26,-10,1858
Hyundai,2017,2017-01-27,-9,1892
Hyundai,2017,2017-01-28,-8,1757
Hyundai,2017,2017-01-29,-7,2275
Hyundai,2017,2017-01-30,-6,1875
Hyundai,2017,2017-01-31,-5,1970
Hyundai,2017,2017-02-01,-4,1863
Hyundai,2017,2017-02-02,-3,1802
Hyundai,2017,2017-02-03,-2,1832
Hyundai,2017,2017-02-04,-1,1911
Hyundai,2017,2017-02-05,0,1925
Hyundai,2017,2017-02-06,1,2870
Hyundai,2017,2017-02-07,2,2182
Hyundai,2017,2017-02-08,3,2092
Hyundai,2017,2017-02-09,4,1895
Hyundai,2017,2017-02-10,5,1887
Hyundai,2017,2017-02-11,6,1828
Hyundai,2017,2017-02-12,7,2066
Hyundai,2017,2017-02-13,8,2177
Hyundai,2017,2017-02-14,9,2012
Hyundai,2017,2017-02-15,10,1988
Hyundai,2017,2017-02-16,11,2039
Hyundai,2017,2017-02-17,12,2076
Hyundai,2017,2017-02-18,13,2202
Hyundai,2017,2017-02-19,14,2414
Hyundai,2018,2018-01-14,-21,1727
Hyundai,2018,2018-01-15,-20,2074
Hyundai,2018,2018-01-16,-19,2204
Hyundai,2018,2018-01-17,-18,1982
Hyundai,2018,2018-01-18,-17,2008
Hyundai,2018,2018-01-19,-16,2122
Hyundai,2018,2018-01-20,-15,1937
Hyundai,2018,2018-01-21,-14,2049
Hyundai,2018,2018-01-22,-13,2123
Hyundai,2018,2018-01-23,-12,1960
Hyundai,2018,2018-01-24,-11,1975
Hyundai,2018,2018-01-25,-10,2093
Hyundai,2018,2018-01-26,-9,1922
Hyundai,2018,2018-01-27,-8,1827
Hyundai,2018,2018-01-28,-7,2033
Hyundai,2018,2018-01-29,-6,2104
Hyundai,2018,2018-01-30,-5,2351
Hyundai,2018,2018-01-31,-4,2208
Hyundai,2018,2018-02-01,-3,2091
Hyundai,2018,2018-02-02,-2,2101
Hyundai,2018,2018-02-03,-1,2000
Hyundai,2018,2018-02-04,0,2129
Hyundai,2018,2018-02-05,1,3012
Hyundai,2018,2018-02-06,2,2217
Hyundai,2018,2018-02-07,3,2517
Hyundai,2018,2018-02-08,4,2419
Hyundai,2018,2018-02-09,5,2391
Hyundai,2018,2018-02-10,6,2683
Hyundai,2018,2018-02-11,7,2235
Hyundai,2018,2018-02-12,8,2294
Hyundai,2018,2018-02-13,9,2231
Hyundai,2018,2018-02-14,10,1976
Hyundai,2018,2018-02-15,11,2015
Hyundai,2018,2018-02-16,12,2049
Hyundai,2018,2018-02-17,13,2049
Hyundai,2018,2018-02-18,14,2139
Hyundai,2019,2019-01-13,-21,2040
Hyundai,2019,2019-01-14,-20,2151
Hyundai,2019,2019-01-15,-19,2409
Hyundai,2019,2019-01-16,-18,2069
Hyundai,2019,2019-01-17,-17,2250
Hyundai,2019,2019-01-18,-16,2205
Hyundai,2019,2019-01-19,-15,1938
Hyundai,2019,2019-01-20,-14,2088
Hyundai,2019,2019-01-21,-13,2215
Hyundai,2019,2019-01-22,-12,2029
Hyundai,2019,2019-01-23,-11,2089
Hyundai,2019,2019-01-24,-10,2039
Hyundai,2019,2019-01-25,-9,2026
Hyundai,2019,2019-01-26,-8,1905
Hyundai,2019,2019-01-27,-7,2191
Hyundai,2019,2019-01-28,-6,2088
Hyundai,2019,2019-01-29,-5,2282
Hyundai,2019,2019-01-30,-4,2188
Hyundai,2019,2019-01-31,-3,2088
Hyundai,2019,2019-02-01,-2,2055
Hyundai,2019,2019-02-02,-1,1909
Hyundai,2019,2019-02-03,0,2435
Hyundai,2019,2019-02-04,1,2912
Hyundai,2019,2019-02-05,2,2235
Hyundai,2019,2019-02-06,3,2027
Hyundai,2019,2019-02-07,4,1966
Hyundai,2019,2019-02-08,5,1931
Hyundai,2019,2019-02-09,6,1935
Hyundai,2019,2019-02-10,7,2070
Hyundai,2019,2019-02-11,8,2135
Hyundai,2019,2019-02-12,9,2639
Hyundai,2019,2019-02-13,10,2148
Hyundai,2019,2019-02-14,11,2336
Hyundai,2019,2019-02-15,12,1955
Hyundai,2019,2019-02-16,13,2045
Hyundai,2019,2019-02-17,14,2140
Hyundai,2020,2020-01-12,-21,2667
Hyundai,2020,2020-01-13,-20,2439
Hyundai,2020,2020-01-14,-19,2557
Hyundai,2020,2020-01-15,-18,2333
Hyundai,2020,2020-01-16,-17,2437
Hyundai,2020,2020-01-17,-16,2475
Hyundai,2020,2020-01-18,-15,2317
Hyundai,2020,2020-01-19,-14,2686
Hyundai,2020,2020-01-20,-13,2854
Hyundai,2020,2020-01-21,-12,2977
Hyundai,2020,2020-01-22,-11,2982
Hyundai,2020,2020-01-23,-10,2997
Hyundai,2020,2020-01-24,-9,2564
Hyundai,2020,2020-01-25,-8,2412
Hyundai,2020,2020-01-26,-7,2418
Hyundai,2020,2020-01-27,-6,2474
Hyundai,2020,2020-01-28,-5,2520
Hyundai,2020,2020-01-29,-4,2734
Hyundai,2020,2020-01-30,-3,2724
Hyundai,2020,2020-01-31,-2,2590
Hyundai,2020,2020-02-01,-1,2276
Hyundai,2020,2020-02-02,0,2469
Hyundai,2020,2020-02-03,1,3985
Hyundai,2020,2020-02-04,2,2978
Hyundai,2020,2020-02-05,3,2845
Hyundai,2020,2020-02-06,4,3572
Hyundai,2020,2020-02-07,5,4116
Hyundai,2020,2020-02-08,6,2833
Hyundai,2020,2020-02-09,7,2916
Hyundai,2020,2020-02-10,8,3018
Hyundai,2020,2020-02-11,9,2607
Hyundai,2020,2020-02-12,10,2626
Hyundai,2020,2020-02-13,11,2798
Hyundai,2020,2020-02-14,12,2654
Hyundai,2020,2020-02-15,13,2391
Hyundai,2020,2020-02-16,14,2674
Hyundai,2021,2021-01-17,-21,3103
Hyundai,2021,2021-01-18,-20,2832
Hyundai,2021,2021-01-19,-19,2869
Hyundai,2021,2021-01-20,-18,2646
Hyundai,2021,2021-01-21,-17,2745
Hyundai,2021,2021-01-22,-16,2573
Hyundai,2021,2021-01-23,-15,2536
Hyundai,2021,2021-01-24,-14,2684
Hyundai,2021,2021-01-25,-13,2653
Hyundai,2021,2021-01-26,-12,2348
Hyundai,2021,2021-01-27,-11,2552
Hyundai,2021,2021-01-28,-10,2558
Hyundai,2021,2021-01-29,-9,2463
Hyundai,2021,2021-01-30,-8,2558
Hyundai,2021,2021-01-31,-7,2620
Hyundai,2021,2021-02-01,-6,2511
Hyundai,2021,2021-02-02,-5,2678
Hyundai,2021,2021-02-03,-4,4459
Hyundai,2021,2021-02-04,-3,5613
Hyundai,2021,2021-02-05,-2,3486
Hyundai,2021,2021-02-06,-1,3143
Hyundai,2021,2021-02-07,0,3023
Hyundai,2021,2021-02-08,1,3680
Hyundai,2021,2021-02-09,2,3060
Hyundai,2021,2021-02-10,3,2753
Hyundai,2021,2021-02-11,4,2530
Hyundai,2021,2021-02-12,5,2449
Hyundai,2021,2021-02-13,6,2398
Hyundai,2021,2021-02-14,7,2354
Hyundai,2021,2021-02-15,8,2561
Hyundai,2021,2021-02-16,9,2650
Hyundai,2021,2021-02-17,10,2707
Hyundai,2021,2021-02-18,11,2675
Hyundai,2021,2021-02-19,12,2618
Hyundai,2021,2021-02-20,13,2718
Hyundai,2021,2021-02-21,14,3055
Hyundai,2022,2022-01-23,-21,2404
Hyundai,2022,2022-01-24,-20,2386
Hyundai,2022,2022-01-25,-19,2336
Hyundai,2022,2022-01-26,-18,2241
Hyundai,2022,2022-01-27,-17,2521
Hyundai,2022,2022-01-28,-16,2506
Hyundai,2022,2022-01-29,-15,2579
Hyundai,2022,2022-01-30,-14,4483
Hyundai,2022,2022-01-31,-13,3277
Hyundai,2022,2022-02-01,-12,2691
Hyundai,2022,2022-02-02,-11,2658
Hyundai,2022,2022-02-03,-10,2512
Hyundai,2022,2022-02-04,-9,2457
Hyundai,2022,2022-02-05,-8,2466
Hyundai,2022,2022-02-06,-7,8165
Hyundai,2022,2022-02-07,-6,9554
Hyundai,2022,2022-02-08,-5,7130
Hyundai,2022,2022-02-09,-4,5549
Hyundai,2022,2022-02-10,-3,3786
Hyundai,2022,2022-02-11,-2,3058
Hyundai,2022,2022-02-12,-1,2740
Hyundai,2022,2022-02-13,0,2899
Hyundai,2022,2022-02-14,1,2802
Hyundai,2022,2022-02-15,2,2718
Hyundai,2022,2022-02-16,3,2838
Hyundai,2022,2022-02-17,4,2512
Hyundai,2022,2022-02-18,5,2525
Hyundai,2022,2022-02-19,6,2598
Hyundai,2022,2022-02-20,7,2810
Hyundai,2022,2022-02-21,8,2608
Hyundai,2022,2022-02-22,9,2416
Hyundai,2022,2022-02-23,10,2386
Hyundai,2022,2022-02-24,11,2122
Hyundai,2022,2022-02-25,12,2065
Hyundai,2022,2022-02-26,13,2148
Hyundai,2022,2022-02-27,14,2298
Hyundai,2023,2023-01-22,-21,3235
Hyundai,2023,2023-01-23,-20,2700
Hyundai,2023,2023-01-24,-19,2788
Hyundai,2023,2023-01-25,-18,2654
Hyundai,2023,2023-01-26,-17,2581
Hyundai,2023,2023-01-27,-16,2585
Hyundai,2023,2023-01-28,-15,2651
Hyundai,2023,2023-01-29,-14,2910
Hyundai,2023,2023-01-30,-13,2920
Hyundai,2023,2023-01-31,-12,2704
Hyundai,2023,2023-02-01,-11,2602
Hyundai,2023,2023-02-02,-10,2532
Hyundai,2023,2023-02-03,-9,2509
Hyundai,2023,2023-02-04,-8,2386
Hyundai,2023,2023-02-05,-7,2649
Hyundai,2023,2023-02-06,-6,2337
Hyundai,2023,2023-02-07,-5,2437
Hyundai,2023,2023-02-08,-4,2371
Hyundai,2023,2023-02-09,-3,2359
Hyundai,2023,2023-02-10,-2,2446
Hyundai,2023,2023-02-11,-1,2558
Hyundai,2023,2023-02-12,0,2525
Hyundai,2023,2023-02-13,1,2767
Hyundai,2023,2023-02-14,2,2600
Hyundai,2023,2023-02-15,3,2597
Hyundai,2023,2023-02-16,4,2652
Hyundai,2023,2023-02-17,5,2655
Hyundai,2023,2023-02-18,6,2713
Hyundai,2023,2023-02-19,7,3238
Hyundai,2023,2023-02-20,8,2767
Hyundai,2023,2023-02-21,9,2791
Hyundai,2023,2023-02-22,10,2535
Hyundai,2023,2023-02-23,11,2348
Hyundai,2023,2023-02-24,12,2340
Hyundai,2023,2023-02-25,13,2512
Hyundai,2023,2023-02-26,14,2578
Hyundai,2024,2024-01-21,-21,2748
Hyundai,2024,2024-01-22,-20,2444
Hyundai,2024,2024-01-23,-19,2551
Hyundai,2024,2024-01-24,-18,2592
Hyundai,2024,2024-01-25,-17,2711
Hyundai,2024,2024-01-26,-16,2387
Hyundai,2024,2024-01-27,-15,2472
Hyundai,2024,2024-01-28,-14,3037
Hyundai,2024,2024-01-29,-13,2886
Hyundai,2024,2024-01-30,-12,2689
Hyundai,2024,2024-01-31,-11,2609
Hyundai,2024,2024-02-01,-10,2382
Hyundai,2024,2024-02-02,-9,2445
Hyundai,2024,2024-02-03,-8,3436
Hyundai,2024,2024-02-04,-7,2779
Hyundai,2024,2024-02-05,-6,3141
Hyundai,2024,2024-02-06,-5,3118
Hyundai,2024,2024-02-07,-4,2572
Hyundai,2024,2024-02-08,-3,2390
Hyundai,2024,2024-02-09,-2,2284
Hyundai,2024,2024-02-10,-1,2361
Hyundai,2024,2024-02-11,0,2383
Hyundai,2024,2024-02-12,1,2446
Hyundai,2024,2024-02-13,2,2487
Hyundai,2024,2024-02-14,3,2392
Hyundai,2024,2024-02-15,4,2501
Hyundai,2024,2024-02-16,5,2487
Hyundai,2024,2024-02-17,6,2560
Hyundai,2024,2024-02-18,7,2900
Hyundai,2024,2024-02-19,8,2564
Hyundai,2024,2024-02-20,9,2486
Hyundai,2024,2024-02-21,10,2645
Hyundai,2024,2024-02-22,11,2644
Hyundai,2024,2024-02-23,12,2474
Hyundai,2024,2024-02-24,13,2352
Hyundai,2024,2024-02-25,14,2729
Hyundai,2025,2025-01-19,-21,2420
Hyundai,2025,2025-01-20,-20,2344
Hyundai,2025,2025-01-21,-19,2323
Hyundai,2025,2025-01-22,-18,2267
Hyundai,2025,2025-01-23,-17,2499
Hyundai,2025,2025-01-24,-16,2258
Hyundai,2025,2025-01-25,-15,2201
Hyundai,2025,2025-01-26,-14,2319
Hyundai,2025,2025-01-27,-13,2437
Hyundai,2025,2025-01-28,-12,2304
Hyundai,2025,2025-01-29,-11,2183
Hyundai,2025,2025-01-30,-10,2160
Hyundai,2025,2025-01-31,-9,2405
Hyundai,2025,2025-02-01,-8,2345
Hyundai,2025,2025-02-02,-7,2307
Hyundai,2025,2025-02-03,-6,2248
Hyundai,2025,2025-02-04,-5,2713
Hyundai,2025,2025-02-05,-4,2233
Hyundai,2025,2025-02-06,-3,2313
Hyundai,2025,2025-02-07,-2,1948
Hyundai,2025,2025-02-08,-1,1944
Hyundai,2025,2025-02-09,0,1906
Hyundai,2025,2025-02-10,1,1969
Hyundai,2025,2025-02-11,2,1930
Hyundai,2025,2025-02-12,3,1916
Hyundai,2025,2025-02-13,4,2122
Hyundai,2025,2025-02-14,5,1817
Hyundai,2025,2025-02-15,6,2067
Hyundai,2025,2025-02-16,7,2265
Hyundai,2025,2025-02-17,8,2017
Hyundai,2025,2025-02-18,9,2012
Hyundai,2025,2025-02-19,10,2002
Hyundai,2025,2025-02-20,11,1871
Hyundai,2025,2025-02-21,12,1903
Hyundai,2025,2025-02-22,13,1838
Hyundai,2025,2025-02-23,14,1882
Hyundai,2026,2026-01-18,-21,1758
Hyundai,2026,2026-01-19,-20,1750
Hyundai,2026,2026-01-20,-19,1549
Hyundai,2026,2026-01-21,-18,1614
Hyundai,2026,2026-01-22,-17,1637
Hyundai,2026,2026-01-23,-16,1576
Hyundai,2026,2026-01-24,-15,1550
Hyundai,2026,2026-01-25,-14,1543
Hyundai,2026,2026-01-26,-13,1597
Hyundai,2026,2026-01-27,-12,1628
Hyundai,2026,2026-01-28,-11,1630
Hyundai,2026,2026-01-29,-10,1761
Hyundai,2026,2026-01-30,-9,1628
Hyundai,2026,2026-01-31,-8,1871
Hyundai,2026,2026-02-01,-7,2290
Hyundai,2026,2026-02-02,-6,1876
Hyundai,2026,2026-02-03,-5,1790
Hyundai,2026,2026-02-04,-4,1706
Hyundai,2026,2026-02-05,-3,1610
Hyundai,2026,2026-02-06,-2,1618
Hyundai,2026,2026-02-07,-1,1968
Hyundai,2026,2026-02-08,0,1995
Hyundai,2026,2026-02-09,1,1699
Hyundai,2026,2026-02-10,2,1580
Hyundai,2026,2026-02-11,3,1645
Hyundai,2026,2026-02-12,4,1672
Hyundai,2026,2026-02-13,5,1588
Hyundai,2026,2026-02-14,6,1509
Hyundai,2026,2026-02-15,7,1948
Hyundai,2026,2026-02-16,8,1825
Hyundai,2026,2026-02-17,9,1693
Hyundai,2026,2026-02-18,10,1558
Hyundai,2026,2026-02-19,11,1616
Hyundai,2026,2026-02-20,12,1590
Hyundai,2026,2026-02-21,13,1556
Hyundai,2026,2026-02-22,14,1918
NFL,2016,2016-01-17,-21,25952
NFL,2016,2016-01-18,-20,14310
NFL,2016,2016-01-19,-19,8741
NFL,2016,2016-01-20,-18,7261
NFL,2016,2016-01-21,-17,6700
NFL,2016,2016-01-22,-16,6569
NFL,2016,2016-01-23,-15,6423
NFL,2016,2016-01-24,-14,14869
NFL,2016,2016-01-25,-13,23749
NFL,2016,2016-01-26,-12,8782
NFL,2016,2016-01-27,-11,7356
NFL,2016,2016-01-28,-10,6676
NFL,2016,2016-01-29,-9,6315
NFL,2016,2016-01-30,-8,5861
NFL,2016,2016-01-31,-7,6875
NFL,2016,2016-02-01,-6,8911
NFL,2016,2016-02-02,-5,7465
NFL,2016,2016-02-03,-4,7930
NFL,2016,2016-02-04,-3,7848
NFL,2016,2016-02-05,-2,8923
NFL,2016,2016-02-06,-1,9257
NFL,2016,2016-02-07,0,29183
NFL,2016,2016-02-08,1,55549
NFL,2016,2016-02-09,2,14079
NFL,2016,2016-02-10,3,9033
NFL,2016,2016-02-11,4,7253
NFL,2016,2016-02-12,5,6357
NFL,2016,2016-02-13,6,5500
NFL,2016,2016-02-14,7,5356
NFL,2016,2016-02-15,8,5150
NFL,2016,2016-02-16,9,5123
NFL,2016,2016-02-17,10,5011
NFL,2016,2016-02-18,11,4340
NFL,2016,2016-02-19,12,4049
NFL,2016,2016-02-20,13,3610
NFL,2016,2016-02-21,14,3986
NFL,2017,2017-01-15,-21,20878
NFL,2017,2017-01-16,-20,21426
NFL,2017,2017-01-17,-19,9707
NFL,2017,2017-01-18,-18,8216
NFL,2017,2017-01-19,-17,7599
NFL,2017,2017-01-20,-16,6792
NFL,2017,2017-01-21,-15,6881
NFL,2017,2017-01-22,-14,16716
NFL,2017,2017-01-23,-13,21836
NFL,2017,2017-01-24,-12,8454
NFL,2017,2017-01-25,-11,6380
NFL,2017,2017-01-26,-10,5711
NFL,2017,2017-01-27,-9,5682
NFL,2017,2017-01-28,-8,5245
NFL,2017,2017-01-29,-7,6365
NFL,2017,2017-01-30,-6,8200
NFL,2017,2017-01-31,-5,5897
NFL,2017,2017-02-01,-4,6723
NFL,2017,2017-02-02,-3,6891
NFL,2017,2017-02-03,-2,8203
NFL,2017,2017-02-04,-1,8354
NFL,2017,2017-02-05,0,23732
NFL,2017,2017-02-06,1,61552
NFL,2017,2017-02-07,2,18079
NFL,2017,2017-02-08,3,10953
NFL,2017,2017-02-09,4,8220
NFL,2017,2017-02-10,5,7093
NFL,2017,2017-02-11,6,6353
NFL,2017,2017-02-12,7,6174
NFL,2017,2017-02-13,8,5591
NFL,2017,2017-02-14,9,4706
NFL,2017,2017-02-15,10,4844
NFL,2017,2017-02-16,11,4670
NFL,2017,2017-02-17,12,4239
NFL,2017,2017-02-18,13,4523
NFL,2017,2017-02-19,14,3868
NFL,2018,2018-01-14,-21,20623
NFL,2018,2018-01-15,-20,15786
NFL,2018,2018-01-16,-19,7953
NFL,2018,2018-01-17,-18,6608
NFL,2018,2018-01-18,-17,6227
NFL,2018,2018-01-19,-16,5885
NFL,2018,2018-01-20,-15,6638
NFL,2018,2018-01-21,-14,17228
NFL,2018,2018-01-22,-13,23631
NFL,2018,2018-01-23,-12,8380
NFL,2018,2018-01-24,-11,7205
NFL,2018,2018-01-25,-10,6784
NFL,2018,2018-01-26,-9,6929
NFL,2018,2018-01-27,-8,5819
NFL,2018,2018-01-28,-7,8637
NFL,2018,2018-01-29,-6,6742
NFL,2018,2018-01-30,-5,6499
NFL,2018,2018-01-31,-4,6492
NFL,2018,2018-02-01,-3,6600
NFL,2018,2018-02-02,-2,8331
NFL,2018,2018-02-03,-1,8394
NFL,2018,2018-02-04,0,31050
NFL,2018,2018-02-05,1,61145
NFL,2018,2018-02-06,2,16426
NFL,2018,2018-02-07,3,9808
NFL,2018,2018-02-08,4,8388
NFL,2018,2018-02-09,5,6576
NFL,2018,2018-02-10,6,5711
NFL,2018,2018-02-11,7,5698
NFL,2018,2018-02-12,8,5256
NFL,2018,2018-02-13,9,4370
NFL,2018,2018-02-14,10,4173
NFL,2018,2018-02-15,11,3858
NFL,2018,2018-02-16,12,3778
NFL,2018,2018-02-17,13,3320
NFL,2018,2018-02-18,14,3460
NFL,2019,2019-01-13,-21,21491
NFL,2019,2019-01-14,-20,12852
NFL,2019,2019-01-15,-19,6940
NFL,2019,2019-01-16,-18,6298
NFL,2019,2019-01-17,-17,5649
NFL,2019,2019-01-18,-16,5509
NFL,2019,2019-01-19,-15,5340
NFL,2019,2019-01-20,-14,14228
NFL,2019,2019-01-21,-13,25232
NFL,2019,2019-01-22,-12,9705
NFL,2019,2019-01-23,-11,7320
NFL,2019,2019-01-24,-10,6617
NFL,2019,2019-01-25,-9,5866
NFL,2019,2019-01-26,-8,5374
NFL,2019,2019-01-27,-7,8335
NFL,2019,2019-01-28,-6,7649
NFL,2019,2019-01-29,-5,6850
NFL,2019,2019-01-30,-4,6761
NFL,2019,2019-01-31,-3,6567
NFL,2019,2019-02-01,-2,7517
NFL,2019,2019-02-02,-1,9089
NFL,2019,2019-02-03,0,25667
NFL,2019,2019-02-04,1,66703
NFL,2019,2019-02-05,2,16256
NFL,2019,2019-02-06,3,9428
NFL,2019,2019-02-07,4,14622
NFL,2019,2019-02-08,5,6438
NFL,2019,2019-02-09,6,6012
NFL,2019,2019-02-10,7,7219
NFL,2019,2019-02-11,8,6166
NFL,2019,2019-02-12,9,5400
NFL,2019,2019-02-13,10,4749
NFL,2019,2019-02-14,11,4126
NFL,2019,2019-02-15,12,5324
NFL,2019,2019-02-16,13,3892
NFL,2019,2019-02-17,14,3944
NFL,2020,2020-01-12,-21,27079
NFL,2020,2020-01-13,-20,21809
NFL,2020,2020-01-14,-19,9988
NFL,2020,2020-01-15,-18,8891
NFL,2020,2020-01-16,-17,8970
NFL,2020,2020-01-17,-16,8469
NFL,2020,2020-01-18,-15,8416
NFL,2020,2020-01-19,-14,22189
NFL,2020,2020-01-20,-13,26469
NFL,2020,2020-01-21,-12,9940
NFL,2020,2020-01-22,-11,8286
NFL,2020,2020-01-23,-10,8727
NFL,2020,2020-01-24,-9,7130
NFL,2020,2020-01-25,-8,6709
NFL,2020,2020-01-26,-7,9244
NFL,2020,2020-01-27,-6,8635
NFL,2020,2020-01-28,-5,7596
NFL,2020,2020-01-29,-4,7764
NFL,2020,2020-01-30,-3,7668
NFL,2020,2020-01-31,-2,8469
NFL,2020,2020-02-01,-1,8456
NFL,2020,2020-02-02,0,30847
NFL,2020,2020-02-03,1,63852
NFL,2020,2020-02-04,2,14991
NFL,2020,2020-02-05,3,9679
NFL,2020,2020-02-06,4,8253
NFL,2020,2020-02-07,5,6807
NFL,2020,2020-02-08,6,6951
NFL,2020,2020-02-09,7,7686
NFL,2020,2020-02-10,8,6595
NFL,2020,2020-02-11,9,5478
NFL,2020,2020-02-12,10,5580
NFL,2020,2020-02-13,11,5270
NFL,2020,2020-02-14,12,4160
NFL,2020,2020-02-15,13,4128
NFL,2020,2020-02-16,14,4787
NFL,2021,2021-01-17,-21,19507
NFL,2021,2021-01-18,-20,15742
NFL,2021,2021-01-19,-19,7602
NFL,2021,2021-01-20,-18,6623
NFL,2021,2021-01-21,-17,6420
NFL,2021,2021-01-22,-16,6825
NFL,2021,2021-01-23,-15,6946
NFL,2021,2021-01-24,-14,19086
NFL,2021,2021-01-25,-13,24525
NFL,2021,2021-01-26,-12,8321
NFL,2021,2021-01-27,-11,6286
NFL,2021,2021-01-28,-10,6376
NFL,2021,2021-01-29,-9,5937
NFL,2021,2021-01-30,-8,5552
NFL,2021,2021-01-31,-7,7161
NFL,2021,2021-02-01,-6,6651
NFL,2021,2021-02-02,-5,6389
NFL,2021,2021-02-03,-4,6732
NFL,2021,2021-02-04,-3,6999
NFL,2021,2021-02-05,-2,8453
NFL,2021,2021-02-06,-1,8231
NFL,2021,2021-02-07,0,23152
NFL,2021,2021-02-08,1,55840
NFL,2021,2021-02-09,2,14537
NFL,2021,2021-02-10,3,9594
NFL,2021,2021-02-11,4,8202
NFL,2021,2021-02-12,5,6997
NFL,2021,2021-02-13,6,5740
NFL,2021,2021-02-14,7,5656
NFL,2021,2021-02-15,8,5455
NFL,2021,2021-02-16,9,5247
NFL,2021,2021-02-17,10,4654
NFL,2021,2021-02-18,11,4783
NFL,2021,2021-02-19,12,4646
NFL,2021,2021-02-20,13,4032
NFL,2021,2021-02-21,14,3974
NFL,2022,2022-01-23,-21,33065
NFL,2022,2022-01-24,-20,26550
NFL,2022,2022-01-25,-19,9897
NFL,2022,2022-01-26,-18,8813
NFL,2022,2022-01-27,-17,8910
NFL,2022,2022-01-28,-16,8750
NFL,2022,2022-01-29,-15,11399
NFL,2022,2022-01-30,-14,26056
NFL,2022,2022-01-31,-13,35565
NFL,2022,2022-02-01,-12,14591
NFL,2022,2022-02-02,-11,16642
NFL,2022,2022-02-03,-10,12388
NFL,2022,2022-02-04,-9,9882
NFL,2022,2022-02-05,-8,9133
NFL,2022,2022-02-06,-7,11387
NFL,2022,2022-02-07,-6,10270
NFL,2022,2022-02-08,-5,8459
NFL,2022,2022-02-09,-4,8300
NFL,2022,2022-02-10,-3,8389
NFL,2022,2022-02-11,-2,9668
NFL,2022,2022-02-12,-1,9174
NFL,2022,2022-02-13,0,25387
NFL,2022,2022-02-14,1,55823
NFL,2022,2022-02-15,2,15610
NFL,2022,2022-02-16,3,10728
NFL,2022,2022-02-17,4,9239
NFL,2022,2022-02-18,5,8071
NFL,2022,2022-02-19,6,6888
NFL,2022,2022-02-20,7,6723
NFL,2022,2022-02-21,8,6696
NFL,2022,2022-02-22,9,6030
NFL,2022,2022-02-23,10,5891
NFL,2022,2022-02-24,11,4747
NFL,2022,2022-02-25,12,4100
NFL,2022,2022-02-26,13,3780
NFL,2022,2022-02-27,14,3764
NFL,2023,2023-01-22,-21,26095
NFL,2023,2023-01-23,-20,21670
NFL,2023,2023-01-24,-19,9128
NFL,2023,2023-01-25,-18,7508
NFL,2023,2023-01-26,-17,7188
NFL,2023,2023-01-27,-16,7351
NFL,2023,2023-01-28,-15,7853
NFL,2023,2023-01-29,-14,21463
NFL,2023,2023-01-30,-13,26725
NFL,2023,2023-01-31,-12,9540
NFL,2023,2023-02-01,-11,9700
NFL,2023,2023-02-02,-10,8178
NFL,2023,2023-02-03,-9,7000
NFL,2023,2023-02-04,-8,6292
NFL,2023,2023-02-05,-7,7697
NFL,2023,2023-02-06,-6,7405
NFL,2023,2023-02-07,-5,6862
NFL,2023,2023-02-08,-4,6544
NFL,2023,2023-02-09,-3,6823
NFL,2023,2023-02-10,-2,8937
NFL,2023,2023-02-11,-1,8172
NFL,2023,2023-02-12,0,22371
NFL,2023,2023-02-13,1,57966
NFL,2023,2023-02-14,2,14245
NFL,2023,2023-02-15,3,9863
NFL,2023,2023-02-16,4,8068
NFL,2023,2023-02-17,5,6963
NFL,2023,2023-02-18,6,6904
NFL,2023,2023-02-19,7,6613
NFL,2023,2023-02-20,8,6495
NFL,2023,2023-02-21,9,5806
NFL,2023,2023-02-22,10,5316
NFL,2023,2023-02-23,11,5217
NFL,2023,2023-02-24,12,5059
NFL,2023,2023-02-25,13,4495
NFL,2023,2023-02-26,14,5185
NFL,2024,2024-01-21,-21,37766
NFL,2024,2024-01-22,-20,42762
NFL,2024,2024-01-23,-19,13842
NFL,2024,2024-01-24,-18,10583
NFL,2024,2024-01-25,-17,12845
NFL,2024,2024-01-26,-16,12386
NFL,2024,2024-01-27,-15,11471
NFL,2024,2024-01-28,-14,31116
NFL,2024,2024-01-29,-13,42120
NFL,2024,2024-01-30,-12,14274
NFL,2024,2024-01-31,-11,11028
NFL,2024,2024-02-01,-10,10606
NFL,2024,2024-02-02,-9,9398
NFL,2024,2024-02-03,-8,8839
NFL,2024,2024-02-04,-7,11098
NFL,2024,2024-02-05,-6,10438
NFL,2024,2024-02-06,-5,9128
NFL,2024,2024-02-07,-4,9154
NFL,2024,2024-02-08,-3,9276
NFL,2024,2024-02-09,-2,11263
NFL,2024,2024-02-10,-1,11195
NFL,2024,2024-02-11,0,32618
NFL,2024,2024-02-12,1,105681
NFL,2024,2024-02-13,2,25341
NFL,2024,2024-02-14,3,13976
NFL,2024,2024-02-15,4,11346
NFL,2024,2024-02-16,5,8827
NFL,2024,2024-02-17,6,7834
NFL,2024,2024-02-18,7,7735
NFL,2024,2024-02-19,8,7360
NFL,2024,2024-02-20,9,6925
NFL,2024,2024-02-21,10,6623
NFL,2024,2024-02-22,11,6198
NFL,2024,2024-02-23,12,5919
NFL,2024,2024-02-24,13,5245
NFL,2024,2024-02-25,14,5817
NFL,2025,2025-01-19,-21,25017
NFL,2025,2025-01-20,-20,17417
NFL,2025,2025-01-21,-19,9245
NFL,2025,2025-01-22,-18,8044
NFL,2025,2025-01-23,-17,8283
NFL,2025,2025-01-24,-16,8255
NFL,2025,2025-01-25,-15,8537
NFL,2025,2025-01-26,-14,17318
NFL,2025,2025-01-27,-13,27859
NFL,2025,2025-01-28,-12,11205
NFL,2025,2025-01-29,-11,9021
NFL,2025,2025-01-30,-10,8015
NFL,2025,2025-01-31,-9,7077
NFL,2025,2025-02-01,-8,6686
NFL,2025,2025-02-02,-7,7870
NFL,2025,2025-02-03,-6,7304
NFL,2025,2025-02-04,-5,7479
NFL,2025,2025-02-05,-4,7432
NFL,2025,2025-02-06,-3,9073
NFL,2025,2025-02-07,-2,11113
NFL,2025,2025-02-08,-1,9602
NFL,2025,2025-02-09,0,25193
NFL,2025,2025-02-10,1,69596
NFL,2025,2025-02-11,2,19906
NFL,2025,2025-02-12,3,12559
NFL,2025,2025-02-13,4,10043
NFL,2025,2025-02-14,5,8113
NFL,2025,2025-02-15,6,7207
NFL,2025,2025-02-16,7,6758
NFL,2025,2025-02-17,8,5856
NFL,2025,2025-02-18,9,5791
NFL,2025,2025-02-19,10,5420
NFL,2025,2025-02-20,11,5375
NFL,2025,2025-02-21,12,5564
NFL,2025,2025-02-22,13,5241
NFL,2025,2025-02-23,14,4833
NFL,2026,2026-01-18,-21,23656
NFL,2026,2026-01-19,-20,20152
NFL,2026,2026-01-20,-19,10613
NFL,2026,2026-01-21,-18,8197
NFL,2026,2026-01-22,-17,7563
NFL,2026,2026-01-23,-16,7859
NFL,2026,2026-01-24,-15,7326
NFL,2026,2026-01-25,-14,14783
NFL,2026,2026-01-26,-13,19937
NFL,2026,2026-01-27,-12,9127
NFL,2026,2026-01-28,-11,8312
NFL,2026,2026-01-29,-10,7034
NFL,2026,2026-01-30,-9,6993
NFL,2026,2026-01-31,-8,6527
NFL,2026,2026-02-01,-7,7231
NFL,2026,2026-02-02,-6,7235
NFL,2026,2026-02-03,-5,7368
NFL,2026,2026-02-04,-4,7432
NFL,2026,2026-02-05,-3,7476
NFL,2026,2026-02-06,-2,9354
NFL,2026,2026-02-07,-1,8455
NFL,2026,2026-02-08,0,19883
NFL,2026,2026-02-09,1,45657
NFL,2026,2026-02-10,2,15005
NFL,2026,2026-02-11,3,9907
NFL,2026,2026-02-12,4,8272
NFL,2026,2026-02-13,5,6941
NFL,2026,2026-02-14,6,5669
NFL,2026,2026-02-15,7,5535
NFL,2026,2026-02-16,8,5201
NFL,2026,2026-02-17,9,5144
NFL,2026,2026-02-18,10,5026
NFL,2026,2026-02-19,11,5259
NFL,2026,2026-02-20,12,5034
NFL,2026,2026-02-21,13,4707
NFL,2026,2026-02-22,14,5251
Toyota,2016,2016-01-17,-21,4363
Toyota,2016,2016-01-18,-20,4383
Toyota,2016,2016-01-19,-19,4492
Toyota,2016,2016-01-20,-18,4791
Toyota,2016,2016-01-21,-17,4699
Toyota,2016,2016-01-22,-16,4420
Toyota,2016,2016-01-23,-15,4124
Toyota,2016,2016-01-24,-14,4473
Toyota,2016,2016-01-25,-13,4732
Toyota,2016,2016-01-26,-12,5721
Toyota,2016,2016-01-27,-11,5613
Toyota,2016,2016-01-28,-10,5177
Toyota,2016,2016-01-29,-9,4655
Toyota,2016,2016-01-30,-8,4461
Toyota,2016,2016-01-31,-7,4829
Toyota,2016,2016-02-01,-6,5152
Toyota,2016,2016-02-02,-5,4588
Toyota,2016,2016-02-03,-4,5414
Toyota,2016,2016-02-04,-3,5360
Toyota,2016,2016-02-05,-2,4646
Toyota,2016,2016-02-06,-1,4202
Toyota,2016,2016-02-07,0,4292
Toyota,2016,2016-02-08,1,4797
Toyota,2016,2016-02-09,2,4532
Toyota,2016,2016-02-10,3,4381
Toyota,2016,2016-02-11,4,4433
Toyota,2016,2016-02-12,5,4124
Toyota,2016,2016-02-13,6,3746
Toyota,2016,2016-02-14,7,3645
Toyota,2016,2016-02-15,8,4228
Toyota,2016,2016-02-16,9,4403
Toyota,2016,2016-02-17,10,4453
Toyota,2016,2016-02-18,11,4523
Toyota,2016,2016-02-19,12,4623
Toyota,2016,2016-02-20,13,3844
Toyota,2016,2016-02-21,14,4422
Toyota,2017,2017-01-15,-21,4303
Toyota,2017,2017-01-16,-20,4699
Toyota,2017,2017-01-17,-19,4597
Toyota,2017,2017-01-18,-18,4577
Toyota,2017,2017-01-19,-17,4464
Toyota,2017,2017-01-20,-16,4200
Toyota,2017,2017-01-21,-15,3855
Toyota,2017,2017-01-22,-14,4117
Toyota,2017,2017-01-23,-13,4647
Toyota,2017,2017-01-24,-12,4610
Toyota,2017,2017-01-25,-11,4748
Toyota,2017,2017-01-26,-10,4506
Toyota,2017,2017-01-27,-9,4177
Toyota,2017,2017-01-28,-8,3803
Toyota,2017,2017-01-29,-7,4260
Toyota,2017,2017-01-30,-6,5280
Toyota,2017,2017-01-31,-5,5042
Toyota,2017,2017-02-01,-4,4467
Toyota,2017,2017-02-02,-3,4579
Toyota,2017,2017-02-03,-2,4126
Toyota,2017,2017-02-04,-1,3878
Toyota,2017,2017-02-05,0,3949
Toyota,2017,2017-02-06,1,4590
Toyota,2017,2017-02-07,2,4670
Toyota,2017,2017-02-08,3,4477
Toyota,2017,2017-02-09,4,4722
Toyota,2017,2017-02-10,5,4273
Toyota,2017,2017-02-11,6,4122
Toyota,2017,2017-02-12,7,4209
Toyota,2017,2017-02-13,8,4500
Toyota,2017,2017-02-14,9,4661
Toyota,2017,2017-02-15,10,4665
Toyota,2017,2017-02-16,11,4693
Toyota,2017,2017-02-17,12,4241
Toyota,2017,2017-02-18,13,4014
Toyota,2017,2017-02-19,14,4390
Toyota,2018,2018-01-14,-21,4188
Toyota,2018,2018-01-15,-20,4256
Toyota,2018,2018-01-16,-19,4405
Toyota,2018,2018-01-17,-18,4298
Toyota,2018,2018-01-18,-17,4273
Toyota,2018,2018-01-19,-16,3991
Toyota,2018,2018-01-20,-15,3808
Toyota,2018,2018-01-21,-14,3862
Toyota,2018,2018-01-22,-13,4357
Toyota,2018,2018-01-23,-12,4293
Toyota,2018,2018-01-24,-11,4097
Toyota,2018,2018-01-25,-10,4245
Toyota,2018,2018-01-26,-9,5220
Toyota,2018,2018-01-27,-8,3640
Toyota,2018,2018-01-28,-7,4077
Toyota,2018,2018-01-29,-6,4183
Toyota,2018,2018-01-30,-5,4473
Toyota,2018,2018-01-31,-4,4467
Toyota,2018,2018-02-01,-3,4349
Toyota,2018,2018-02-02,-2,4115
Toyota,2018,2018-02-03,-1,3744
Toyota,2018,2018-02-04,0,3902
Toyota,2018,2018-02-05,1,4718
Toyota,2018,2018-02-06,2,4459
Toyota,2018,2018-02-07,3,4442
Toyota,2018,2018-02-08,4,4392
Toyota,2018,2018-02-09,5,4300
Toyota,2018,2018-02-10,6,3887
Toyota,2018,2018-02-11,7,4296
Toyota,2018,2018-02-12,8,4477
Toyota,2018,2018-02-13,9,4473
Toyota,2018,2018-02-14,10,5540
Toyota,2018,2018-02-15,11,4119
Toyota,2018,2018-02-16,12,3898
Toyota,2018,2018-02-17,13,3837
Toyota,2018,2018-02-18,14,4044
Toyota,2019,2019-01-13,-21,4681
Toyota,2019,2019-01-14,-20,5024
Toyota,2019,2019-01-15,-19,5334
Toyota,2019,2019-01-16,-18,5268
Toyota,2019,2019-01-17,-17,5456
Toyota,2019,2019-01-18,-16,4607
Toyota,2019,2019-01-19,-15,4212
Toyota,2019,2019-01-20,-14,4681
Toyota,2019,2019-01-21,-13,4617
Toyota,2019,2019-01-22,-12,4967
Toyota,2019,2019-01-23,-11,4783
Toyota,2019,2019-01-24,-10,4621
Toyota,2019,2019-01-25,-9,4278
Toyota,2019,2019-01-26,-8,5306
Toyota,2019,2019-01-27,-7,4103
Toyota,2019,2019-01-28,-6,4388
Toyota,2019,2019-01-29,-5,4565
Toyota,2019,2019-01-30,-4,4558
Toyota,2019,2019-01-31,-3,4273
Toyota,2019,2019-02-01,-2,4146
Toyota,2019,2019-02-02,-1,4150
Toyota,2019,2019-02-03,0,4413
Toyota,2019,2019-02-04,1,4730
Toyota,2019,2019-02-05,2,4292
Toyota,2019,2019-02-06,3,4436
Toyota,2019,2019-02-07,4,4469
Toyota,2019,2019-02-08,5,4268
Toyota,2019,2019-02-09,6,4108
Toyota,2019,2019-02-10,7,4231
Toyota,2019,2019-02-11,8,4484
Toyota,2019,2019-02-12,9,4398
Toyota,2019,2019-02-13,10,4401
Toyota,2019,2019-02-14,11,4088
Toyota,2019,2019-02-15,12,3899
Toyota,2019,2019-02-16,13,3828
Toyota,2019,2019-02-17,14,4556
Toyota,2020,2020-01-12,-21,5076
Toyota,2020,2020-01-13,-20,4662
Toyota,2020,2020-01-14,-19,4534
Toyota,2020,2020-01-15,-18,4434
Toyota,2020,2020-01-16,-17,4489
Toyota,2020,2020-01-17,-16,4237
Toyota,2020,2020-01-18,-15,4042
Toyota,2020,2020-01-19,-14,4030
Toyota,2020,2020-01-20,-13,4463
Toyota,2020,2020-01-21,-12,4600
Toyota,2020,2020-01-22,-11,4931
Toyota,2020,2020-01-23,-10,5618
Toyota,2020,2020-01-24,-9,5093
Toyota,2020,2020-01-25,-8,3798
Toyota,2020,2020-01-26,-7,3870
Toyota,2020,2020-01-27,-6,4032
Toyota,2020,2020-01-28,-5,4881
Toyota,2020,2020-01-29,-4,4984
Toyota,2020,2020-01-30,-3,4662
Toyota,2020,2020-01-31,-2,4402
Toyota,2020,2020-02-01,-1,3668
Toyota,2020,2020-02-02,0,3816
Toyota,2020,2020-02-03,1,5738
Toyota,2020,2020-02-04,2,5448
Toyota,2020,2020-02-05,3,4539
Toyota,2020,2020-02-06,4,4438
Toyota,2020,2020-02-07,5,4248
Toyota,2020,2020-02-08,6,3878
Toyota,2020,2020-02-09,7,4137
Toyota,2020,2020-02-10,8,4410
Toyota,2020,2020-02-11,9,4336
Toyota,2020,2020-02-12,10,4138
Toyota,2020,2020-02-13,11,4230
Toyota,2020,2020-02-14,12,3945
Toyota,2020,2020-02-15,13,3805
Toyota,2020,2020-02-16,14,4491
Toyota,2021,2021-01-17,-21,3841
Toyota,2021,2021-01-18,-20,4145
Toyota,2021,2021-01-19,-19,3922
Toyota,2021,2021-01-20,-18,3971
Toyota,2021,2021-01-21,-17,3841
Toyota,2021,2021-01-22,-16,3949
Toyota,2021,2021-01-23,-15,3752
Toyota,2021,2021-01-24,-14,3784
Toyota,2021,2021-01-25,-13,4028
Toyota,2021,2021-01-26,-12,4003
Toyota,2021,2021-01-27,-11,4199
Toyota,2021,2021-01-28,-10,4803
Toyota,2021,2021-01-29,-9,4369
Toyota,2021,2021-01-30,-8,3987
Toyota,2021,2021-01-31,-7,4185
Toyota,2021,2021-02-01,-6,4170
Toyota,2021,2021-02-02,-5,4021
Toyota,2021,2021-02-03,-4,4112
Toyota,2021,2021-02-04,-3,4042
Toyota,2021,2021-02-05,-2,3784
Toyota,2021,2021-02-06,-1,3724
Toyota,2021,2021-02-07,0,3715
Toyota,2021,2021-02-08,1,4202
Toyota,2021,2021-02-09,2,4139
Toyota,2021,2021-02-10,3,4143
Toyota,2021,2021-02-11,4,4082
Toyota,2021,2021-02-12,5,4059
Toyota,2021,2021-02-13,6,3443
Toyota,2021,2021-02-14,7,3726
Toyota,2021,2021-02-15,8,4086
Toyota,2021,2021-02-16,9,4047
Toyota,2021,2021-02-17,10,4054
Toyota,2021,2021-02-18,11,4052
Toyota,2021,2021-02-19,12,3780
Toyota,2021,2021-02-20,13,3443
Toyota,2021,2021-02-21,14,3844
Toyota,2022,2022-01-23,-21,4108
Toyota,2022,2022-01-24,-20,4204
Toyota,2022,2022-01-25,-19,3953
Toyota,2022,2022-01-26,-18,4479
Toyota,2022,2022-01-27,-17,4665
Toyota,2022,2022-01-28,-16,4749
Toyota,2022,2022-01-29,-15,4440
Toyota,2022,2022-01-30,-14,4347
Toyota,2022,2022-01-31,-13,4232
Toyota,2022,2022-02-01,-12,4423
Toyota,2022,2022-02-02,-11,4205
Toyota,2022,2022-02-03,-10,4690
Toyota,2022,2022-02-04,-9,4891
Toyota,2022,2022-02-05,-8,4116
Toyota,2022,2022-02-06,-7,4470
Toyota,2022,2022-02-07,-6,4654
Toyota,2022,2022-02-08,-5,4880
Toyota,2022,2022-02-09,-4,4495
Toyota,2022,2022-02-10,-3,4360
Toyota,2022,2022-02-11,-2,4395
Toyota,2022,2022-02-12,-1,3792
Toyota,2022,2022-02-13,0,4092
Toyota,2022,2022-02-14,1,4190
Toyota,2022,2022-02-15,2,4149
Toyota,2022,2022-02-16,3,4314
Toyota,2022,2022-02-17,4,4352
Toyota,2022,2022-02-18,5,4366
Toyota,2022,2022-02-19,6,4148
Toyota,2022,2022-02-20,7,4320
Toyota,2022,2022-02-21,8,4291
Toyota,2022,2022-02-22,9,4309
Toyota,2022,2022-02-23,10,4244
Toyota,2022,2022-02-24,11,3834
Toyota,2022,2022-02-25,12,3543
Toyota,2022,2022-02-26,13,3357
Toyota,2022,2022-02-27,14,3546
Toyota,2023,2023-01-22,-21,3993
Toyota,2023,2023-01-23,-20,4242
Toyota,2023,2023-01-24,-19,4218
Toyota,2023,2023-01-25,-18,3977
Toyota,2023,2023-01-26,-17,6370
Toyota,2023,2023-01-27,-16,5334
Toyota,2023,2023-01-28,-15,4368
Toyota,2023,2023-01-29,-14,4673
Toyota,2023,2023-01-30,-13,4943
Toyota,2023,2023-01-31,-12,4706
Toyota,2023,2023-02-01,-11,4118
Toyota,2023,2023-02-02,-10,4266
Toyota,2023,2023-02-03,-9,4006
Toyota,2023,2023-02-04,-8,3701
Toyota,2023,2023-02-05,-7,3943
Toyota,2023,2023-02-06,-6,4057
Toyota,2023,2023-02-07,-5,3992
Toyota,2023,2023-02-08,-4,4073
Toyota,2023,2023-02-09,-3,4104
Toyota,2023,2023-02-10,-2,3967
Toyota,2023,2023-02-11,-1,3799
Toyota,2023,2023-02-12,0,3943
Toyota,2023,2023-02-13,1,4360
Toyota,2023,2023-02-14,2,6563
Toyota,2023,2023-02-15,3,10675
Toyota,2023,2023-02-16,4,7823
Toyota,2023,2023-02-17,5,6393
Toyota,2023,2023-02-18,6,5449
Toyota,2023,2023-02-19,7,5377
Toyota,2023,2023-02-20,8,5355
Toyota,2023,2023-02-21,9,4828
Toyota,2023,2023-02-22,10,4502
Toyota,2023,2023-02-23,11,4675
Toyota,2023,2023-02-24,12,4185
Toyota,2023,2023-02-25,13,4149
Toyota,2023,2023-02-26,14,4297
Toyota,2024,2024-01-21,-21,4851
Toyota,2024,2024-01-22,-20,4867
Toyota,2024,2024-01-23,-19,4885
Toyota,2024,2024-01-24,-18,5012
Toyota,2024,2024-01-25,-17,5067
Toyota,2024,2024-01-26,-16,4559
Toyota,2024,2024-01-27,-15,4865
Toyota,2024,2024-01-28,-14,4759
Toyota,2024,2024-01-29,-13,5017
Toyota,2024,2024-01-30,-12,5637
Toyota,2024,2024-01-31,-11,5205
Toyota,2024,2024-02-01,-10,4611
Toyota,2024,2024-02-02,-9,4614
Toyota,2024,2024-02-03,-8,4045
Toyota,2024,2024-02-04,-7,4429
Toyota,2024,2024-02-05,-6,4592
Toyota,2024,2024-02-06,-5,4638
Toyota,2024,2024-02-07,-4,4610
Toyota,2024,2024-02-08,-3,4388
Toyota,2024,2024-02-09,-2,4237
Toyota,2024,2024-02-10,-1,3992
Toyota,2024,2024-02-11,0,4166
Toyota,2024,2024-02-12,1,4475
Toyota,2024,2024-02-13,2,4369
Toyota,2024,2024-02-14,3,4144
Toyota,2024,2024-02-15,4,4294
Toyota,2024,2024-02-16,5,3967
Toyota,2024,2024-02-17,6,3974
Toyota,2024,2024-02-18,7,4137
Toyota,2024,2024-02-19,8,4640
Toyota,2024,2024-02-20,9,4788
Toyota,2024,2024-02-21,10,4432
Toyota,2024,2024-02-22,11,4460
Toyota,2024,2024-02-23,12,4221
Toyota,2024,2024-02-24,13,4003
Toyota,2024,2024-02-25,14,4248
Toyota,2025,2025-01-19,-21,3886
Toyota,2025,2025-01-20,-20,3999
Toyota,2025,2025-01-21,-19,3941
Toyota,2025,2025-01-22,-18,4067
Toyota,2025,2025-01-23,-17,4091
Toyota,2025,2025-01-24,-16,3693
Toyota,2025,2025-01-25,-15,3768
Toyota,2025,2025-01-26,-14,3910
Toyota,2025,2025-01-27,-13,3976
Toyota,2025,2025-01-28,-12,4061
Toyota,2025,2025-01-29,-11,3854
Toyota,2025,2025-01-30,-10,4044
Toyota,2025,2025-01-31,-9,3745
Toyota,2025,2025-02-01,-8,4121
Toyota,2025,2025-02-02,-7,3802
Toyota,2025,2025-02-03,-6,4110
Toyota,2025,2025-02-04,-5,8559
Toyota,2025,2025-02-05,-4,10400
Toyota,2025,2025-02-06,-3,4029
Toyota,2025,2025-02-07,-2,3773
Toyota,2025,2025-02-08,-1,3410
Toyota,2025,2025-02-09,0,3458
Toyota,2025,2025-02-10,1,3400
Toyota,2025,2025-02-11,2,3795
Toyota,2025,2025-02-12,3,3831
Toyota,2025,2025-02-13,4,4379
Toyota,2025,2025-02-14,5,3507
Toyota,2025,2025-02-15,6,3438
Toyota,2025,2025-02-16,7,3695
Toyota,2025,2025-02-17,8,3984
Toyota,2025,2025-02-18,9,3831
Toyota,2025,2025-02-19,10,3839
Toyota,2025,2025-02-20,11,3754
Toyota,2025,2025-02-21,12,3614
Toyota,2025,2025-02-22,13,3608
Toyota,2025,2025-02-23,14,3787
Toyota,2026,2026-01-18,-21,2877
Toyota,2026,2026-01-19,-20,2929
Toyota,2026,2026-01-20,-19,3172
Toyota,2026,2026-01-21,-18,7903
Toyota,2026,2026-01-22,-17,8403
Toyota,2026,2026-01-23,-16,3425
Toyota,2026,2026-01-24,-15,2789
Toyota,2026,2026-01-25,-14,2955
Toyota,2026,2026-01-26,-13,3000
Toyota,2026,2026-01-27,-12,3114
Toyota,2026,2026-01-28,-11,3006
Toyota,2026,2026-01-29,-10,3213
Toyota,2026,2026-01-30,-9,3011
Toyota,2026,2026-01-31,-8,3652
Toyota,2026,2026-02-01,-7,2798
Toyota,2026,2026-02-02,-6,2805
Toyota,2026,2026-02-03,-5,2998
Toyota,2026,2026-02-04,-4,2871
Toyota,2026,2026-02-05,-3,2894
Toyota,2026,2026-02-06,-2,3378
Toyota,2026,2026-02-07,-1,2980
Toyota,2026,2026-02-08,0,3012
Toyota,2026,2026-02-09,1,3256
Toyota,2026,2026-02-10,2,3613
Toyota,2026,2026-02-11,3,3361
Toyota,2026,2026-02-12,4,3143
Toyota,2026,2026-02-13,5,2807
Toyota,2026,2026-02-14,6,2645
Toyota,2026,2026-02-15,7,3134
Toyota,2026,2026-02-16,8,3113
Toyota,2026,2026-02-17,9,2962
Toyota,2026,2026-02-18,10,2943
Toyota,2026,2026-02-19,11,2908
Toyota,2026,2026-02-20,12,2877
Toyota,2026,2026-02-21,13,2720
Toyota,2026,2026-02-22,14,3023
E-Trade,2016,2016-01-17,-21,227
E-Trade,2016,2016-01-18,-20,303
E-Trade,2016,2016-01-19,-19,433
E-Trade,2016,2016-01-20,-18,447
E-Trade,2016,2016-01-21,-17,437
E-Trade,2016,2016-01-22,-16,375
E-Trade,2016,2016-01-23,-15,285
E-Trade,2016,2016-01-24,-14,301
E-Trade,2016,2016-01-25,-13,447
E-Trade,2016,2016-01-26,-12,389
E-Trade,2016,2016-01-27,-11,427
E-Trade,2016,2016-01-28,-10,428
E-Trade,2016,2016-01-29,-9,390
E-Trade,2016,2016-01-30,-8,254
E-Trade,2016,2016-01-31,-7,268
E-Trade,2016,2016-02-01,-6,430
E-Trade,2016,2016-02-02,-5,461
E-Trade,2016,2016-02-03,-4,657
E-Trade,2016,2016-02-04,-3,531
E-Trade,2016,2016-02-05,-2,496
E-Trade,2016,2016-02-06,-1,279
E-Trade,2016,2016-02-07,0,365
E-Trade,2016,2016-02-08,1,546
E-Trade,2016,2016-02-09,2,518
E-Trade,2016,2016-02-10,3,445
E-Trade,2016,2016-02-11,4,385
E-Trade,2016,2016-02-12,5,601
E-Trade,2016,2016-02-13,6,310
E-Trade,2016,2016-02-14,7,301
E-Trade,2016,2016-02-15,8,403
E-Trade,2016,2016-02-16,9,481
E-Trade,2016,2016-02-17,10,552
E-Trade,2016,2016-02-18,11,432
E-Trade,2016,2016-02-19,12,431
E-Trade,2016,2016-02-20,13,260
E-Trade,2016,2016-02-21,14,290
E-Trade,2017,2017-01-15,-21,245
E-Trade,2017,2017-01-16,-20,365
E-Trade,2017,2017-01-17,-19,371
E-Trade,2017,2017-01-18,-18,334
E-Trade,2017,2017-01-19,-17,397
E-Trade,2017,2017-01-20,-16,271
E-Trade,2017,2017-01-21,-15,240
E-Trade,2017,2017-01-22,-14,232
E-Trade,2017,2017-01-23,-13,315
E-Trade,2017,2017-01-24,-12,319
E-Trade,2017,2017-01-25,-11,355
E-Trade,2017,2017-01-26,-10,411
E-Trade,2017,2017-01-27,-9,351
E-Trade,2017,2017-01-28,-8,234
E-Trade,2017,2017-01-29,-7,237
E-Trade,2017,2017-01-30,-6,394
E-Trade,2017,2017-01-31,-5,392
E-Trade,2017,2017-02-01,-4,429
E-Trade,2017,2017-02-02,-3,421
E-Trade,2017,2017-02-03,-2,327
E-Trade,2017,2017-02-04,-1,255
E-Trade,2017,2017-02-05,0,266
E-Trade,2017,2017-02-06,1,434
E-Trade,2017,2017-02-07,2,440
E-Trade,2017,2017-02-08,3,356
E-Trade,2017,2017-02-09,4,386
E-Trade,2017,2017-02-10,5,385
E-Trade,2017,2017-02-11,6,260
E-Trade,2017,2017-02-12,7,245
E-Trade,2017,2017-02-13,8,418
E-Trade,2017,2017-02-14,9,384
E-Trade,2017,2017-02-15,10,351
E-Trade,2017,2017-02-16,11,365
E-Trade,2017,2017-02-17,12,341
E-Trade,2017,2017-02-18,13,257
E-Trade,2017,2017-02-19,14,297
E-Trade,2018,2018-01-14,-21,329
E-Trade,2018,2018-01-15,-20,403
E-Trade,2018,2018-01-16,-19,398
E-Trade,2018,2018-01-17,-18,476
E-Trade,2018,2018-01-18,-17,463
E-Trade,2018,2018-01-19,-16,378
E-Trade,2018,2018-01-20,-15,339
E-Trade,2018,2018-01-21,-14,348
E-Trade,2018,2018-01-22,-13,471
E-Trade,2018,2018-01-23,-12,442
E-Trade,2018,2018-01-24,-11,431
E-Trade,2018,2018-01-25,-10,584
E-Trade,2018,2018-01-26,-9,584
E-Trade,2018,2018-01-27,-8,442
E-Trade,2018,2018-01-28,-7,408
E-Trade,2018,2018-01-29,-6,526
E-Trade,2018,2018-01-30,-5,537
E-Trade,2018,2018-01-31,-4,600
E-Trade,2018,2018-02-01,-3,639
E-Trade,2018,2018-02-02,-2,484
E-Trade,2018,2018-02-03,-1,367
E-Trade,2018,2018-02-04,0,392
E-Trade,2018,2018-02-05,1,986
E-Trade,2018,2018-02-06,2,818
E-Trade,2018,2018-02-07,3,654
E-Trade,2018,2018-02-08,4,647
E-Trade,2018,2018-02-09,5,539
E-Trade,2018,2018-02-10,6,365
E-Trade,2018,2018-02-11,7,426
E-Trade,2018,2018-02-12,8,531
E-Trade,2018,2018-02-13,9,640
E-Trade,2018,2018-02-14,10,516
E-Trade,2018,2018-02-15,11,507
E-Trade,2018,2018-02-16,12,411
E-Trade,2018,2018-02-17,13,356
E-Trade,2018,2018-02-18,14,338
E-Trade,2019,2019-01-13,-21,224
E-Trade,2019,2019-01-14,-20,331
E-Trade,2019,2019-01-15,-19,368
E-Trade,2019,2019-01-16,-18,377
E-Trade,2019,2019-01-17,-17,326
E-Trade,2019,2019-01-18,-16,329
E-Trade,2019,2019-01-19,-15,214
E-Trade,2019,2019-01-20,-14,230
E-Trade,2019,2019-01-21,-13,334
E-Trade,2019,2019-01-22,-12,344
E-Trade,2019,2019-01-23,-11,343
E-Trade,2019,2019-01-24,-10,403
E-Trade,2019,2019-01-25,-9,338
E-Trade,2019,2019-01-26,-8,268
E-Trade,2019,2019-01-27,-7,224
E-Trade,2019,2019-01-28,-6,315
E-Trade,2019,2019-01-29,-5,372
E-Trade,2019,2019-01-30,-4,453
E-Trade,2019,2019-01-31,-3,420
E-Trade,2019,2019-02-01,-2,372
E-Trade,2019,2019-02-02,-1,257
E-Trade,2019,2019-02-03,0,242
E-Trade,2019,2019-02-04,1,398
E-Trade,2019,2019-02-05,2,371
E-Trade,2019,2019-02-06,3,364
E-Trade,2019,2019-02-07,4,344
E-Trade,2019,2019-02-08,5,316
E-Trade,2019,2019-02-09,6,271
E-Trade,2019,2019-02-10,7,224
E-Trade,2019,2019-02-11,8,309
E-Trade,2019,2019-02-12,9,366
E-Trade,2019,2019-02-13,10,376
E-Trade,2019,2019-02-14,11,335
E-Trade,2019,2019-02-15,12,258
E-Trade,2019,2019-02-16,13,288
E-Trade,2019,2019-02-17,14,199
E-Trade,2020,2020-01-12,-21,275
E-Trade,2020,2020-01-13,-20,562
E-Trade,2020,2020-01-14,-19,493
E-Trade,2020,2020-01-15,-18,458
E-Trade,2020,2020-01-16,-17,497
E-Trade,2020,2020-01-17,-16,444
E-Trade,2020,2020-01-18,-15,283
E-Trade,2020,2020-01-19,-14,390
E-Trade,2020,2020-01-20,-13,397
E-Trade,2020,2020-01-21,-12,381
E-Trade,2020,2020-01-22,-11,542
E-Trade,2020,2020-01-23,-10,452
E-Trade,2020,2020-01-24,-9,407
E-Trade,2020,2020-01-25,-8,370
E-Trade,2020,2020-01-26,-7,288
E-Trade,2020,2020-01-27,-6,399
E-Trade,2020,2020-01-28,-5,473
E-Trade,2020,2020-01-29,-4,471
E-Trade,2020,2020-01-30,-3,402
E-Trade,2020,2020-01-31,-2,405
E-Trade,2020,2020-02-01,-1,300
E-Trade,2020,2020-02-02,0,272
E-Trade,2020,2020-02-03,1,473
E-Trade,2020,2020-02-04,2,533
E-Trade,2020,2020-02-05,3,684
E-Trade,2020,2020-02-06,4,580
E-Trade,2020,2020-02-07,5,611
E-Trade,2020,2020-02-08,6,267
E-Trade,2020,2020-02-09,7,344
E-Trade,2020,2020-02-10,8,536
E-Trade,2020,2020-02-11,9,625
E-Trade,2020,2020-02-12,10,618
E-Trade,2020,2020-02-13,11,539
E-Trade,2020,2020-02-14,12,407
E-Trade,2020,2020-02-15,13,366
E-Trade,2020,2020-02-16,14,407
E-Trade,2021,2021-01-17,-21,297
E-Trade,2021,2021-01-18,-20,368
E-Trade,2021,2021-01-19,-19,424
E-Trade,2021,2021-01-20,-18,444
E-Trade,2021,2021-01-21,-17,418
E-Trade,2021,2021-01-22,-16,472
E-Trade,2021,2021-01-23,-15,328
E-Trade,2021,2021-01-24,-14,389
E-Trade,2021,2021-01-25,-13,492
E-Trade,2021,2021-01-26,-12,700
E-Trade,2021,2021-01-27,-11,1136
E-Trade,2021,2021-01-28,-10,3136
E-Trade,2021,2021-01-29,-9,2844
E-Trade,2021,2021-01-30,-8,1464
E-Trade,2021,2021-01-31,-7,1184
E-Trade,2021,2021-02-01,-6,1453
E-Trade,2021,2021-02-02,-5,1312
E-Trade,2021,2021-02-03,-4,869
E-Trade,2021,2021-02-04,-3,871
E-Trade,2021,2021-02-05,-2,747
E-Trade,2021,2021-02-06,-1,621
E-Trade,2021,2021-02-07,0,585
E-Trade,2021,2021-02-08,1,1078
E-Trade,2021,2021-02-09,2,795
E-Trade,2021,2021-02-10,3,820
E-Trade,2021,2021-02-11,4,719
E-Trade,2021,2021-02-12,5,676
E-Trade,2021,2021-02-13,6,451
E-Trade,2021,2021-02-14,7,430
E-Trade,2021,2021-02-15,8,495
E-Trade,2021,2021-02-16,9,611
E-Trade,2021,2021-02-17,10,674
E-Trade,2021,2021-02-18,11,676
E-Trade,2021,2021-02-19,12,610
E-Trade,2021,2021-02-20,13,450
E-Trade,2021,2021-02-21,14,406
E-Trade,2022,2022-01-23,-21,241
E-Trade,2022,2022-01-24,-20,387
E-Trade,2022,2022-01-25,-19,345
E-Trade,2022,2022-01-26,-18,341
E-Trade,2022,2022-01-27,-17,418
E-Trade,2022,2022-01-28,-16,408
E-Trade,2022,2022-01-29,-15,272
E-Trade,2022,2022-01-30,-14,239
E-Trade,2022,2022-01-31,-13,394
E-Trade,2022,2022-02-01,-12,388
E-Trade,2022,2022-02-02,-11,413
E-Trade,2022,2022-02-03,-10,413
E-Trade,2022,2022-02-04,-9,363
E-Trade,2022,2022-02-05,-8,262
E-Trade,2022,2022-02-06,-7,249
E-Trade,2022,2022-02-07,-6,383
E-Trade,2022,2022-02-08,-5,387
E-Trade,2022,2022-02-09,-4,478
E-Trade,2022,2022-02-10,-3,405
E-Trade,2022,2022-02-11,-2,360
E-Trade,2022,2022-02-12,-1,287
E-Trade,2022,2022-02-13,0,812
E-Trade,2022,2022-02-14,1,1160
E-Trade,2022,2022-02-15,2,655
E-Trade,2022,2022-02-16,3,657
E-Trade,2022,2022-02-17,4,544
E-Trade,2022,2022-02-18,5,430
E-Trade,2022,2022-02-19,6,383
E-Trade,2022,2022-02-20,7,354
E-Trade,2022,2022-02-21,8,424
E-Trade,2022,2022-02-22,9,342
E-Trade,2022,2022-02-23,10,349
E-Trade,2022,2022-02-24,11,326
E-Trade,2022,2022-02-25,12,300
E-Trade,2022,2022-02-26,13,278
E-Trade,2022,2022-02-27,14,234
E-Trade,2023,2023-01-22,-21,170
E-Trade,2023,2023-01-23,-20,298
E-Trade,2023,2023-01-24,-19,318
E-Trade,2023,2023-01-25,-18,265
E-Trade,2023,2023-01-26,-17,242
E-Trade,2023,2023-01-27,-16,280
E-Trade,2023,2023-01-28,-15,236
E-Trade,2023,2023-01-29,-14,211
E-Trade,2023,2023-01-30,-13,266
E-Trade,2023,2023-01-31,-12,285
E-Trade,2023,2023-02-01,-11,269
E-Trade,2023,2023-02-02,-10,350
E-Trade,2023,2023-02-03,-9,246
E-Trade,2023,2023-02-04,-8,225
E-Trade,2023,2023-02-05,-7,172
E-Trade,2023,2023-02-06,-6,233
E-Trade,2023,2023-02-07,-5,254
E-Trade,2023,2023-02-08,-4,328
E-Trade,2023,2023-02-09,-3,364
E-Trade,2023,2023-02-10,-2,254
E-Trade,2023,2023-02-11,-1,229
E-Trade,2023,2023-02-12,0,242
E-Trade,2023,2023-02-13,1,690
E-Trade,2023,2023-02-14,2,392
E-Trade,2023,2023-02-15,3,376
E-Trade,2023,2023-02-16,4,330
E-Trade,2023,2023-02-17,5,282
E-Trade,2023,2023-02-18,6,227
E-Trade,2023,2023-02-19,7,227
E-Trade,2023,2023-02-20,8,273
E-Trade,2023,2023-02-21,9,313
E-Trade,2023,2023-02-22,10,284
E-Trade,2023,2023-02-23,11,303
E-Trade,2023,2023-02-24,12,251
E-Trade,2023,2023-02-25,13,183
E-Trade,2023,2023-02-26,14,167
E-Trade,2024,2024-01-21,-21,622
E-Trade,2024,2024-01-22,-20,955
E-Trade,2024,2024-01-23,-19,872
E-Trade,2024,2024-01-24,-18,828
E-Trade,2024,2024-01-25,-17,840
E-Trade,2024,2024-01-26,-16,705
E-Trade,2024,2024-01-27,-15,365
E-Trade,2024,2024-01-28,-14,427
E-Trade,2024,2024-01-29,-13,813
E-Trade,2024,2024-01-30,-12,740
E-Trade,2024,2024-01-31,-11,638
E-Trade,2024,2024-02-01,-10,383
E-Trade,2024,2024-02-02,-9,367
E-Trade,2024,2024-02-03,-8,230
E-Trade,2024,2024-02-04,-7,209
E-Trade,2024,2024-02-05,-6,339
E-Trade,2024,2024-02-06,-5,343
E-Trade,2024,2024-02-07,-4,375
E-Trade,2024,2024-02-08,-3,325
E-Trade,2024,2024-02-09,-2,249
E-Trade,2024,2024-02-10,-1,255
E-Trade,2024,2024-02-11,0,236
E-Trade,2024,2024-02-12,1,813
E-Trade,2024,2024-02-13,2,352
E-Trade,2024,2024-02-14,3,340
E-Trade,2024,2024-02-15,4,332
E-Trade,2024,2024-02-16,5,272
E-Trade,2024,2024-02-17,6,228
E-Trade,2024,2024-02-18,7,223
E-Trade,2024,2024-02-19,8,481
E-Trade,2024,2024-02-20,9,697
E-Trade,2024,2024-02-21,10,682
E-Trade,2024,2024-02-22,11,627
E-Trade,2024,2024-02-23,12,424
E-Trade,2024,2024-02-24,13,332
E-Trade,2024,2024-02-25,14,276
E-Trade,2025,2025-01-19,-21,585
E-Trade,2025,2025-01-20,-20,794
E-Trade,2025,2025-01-21,-19,910
E-Trade,2025,2025-01-22,-18,778
E-Trade,2025,2025-01-23,-17,695
E-Trade,2025,2025-01-24,-16,563
E-Trade,2025,2025-01-25,-15,267
E-Trade,2025,2025-01-26,-14,299
E-Trade,2025,2025-01-27,-13,487
E-Trade,2025,2025-01-28,-12,556
E-Trade,2025,2025-01-29,-11,518
E-Trade,2025,2025-01-30,-10,461
E-Trade,2025,2025-01-31,-9,375
E-Trade,2025,2025-02-01,-8,291
E-Trade,2025,2025-02-02,-7,290
E-Trade,2025,2025-02-03,-6,565
E-Trade,2025,2025-02-04,-5,547
E-Trade,2025,2025-02-05,-4,533
E-Trade,2025,2025-02-06,-3,407
E-Trade,2025,2025-02-07,-2,663
E-Trade,2025,2025-02-08,-1,198
E-Trade,2025,2025-02-09,0,213
E-Trade,2025,2025-02-10,1,329
E-Trade,2025,2025-02-11,2,296
E-Trade,2025,2025-02-12,3,272
E-Trade,2025,2025-02-13,4,291
E-Trade,2025,2025-02-14,5,239
E-Trade,2025,2025-02-15,6,146
E-Trade,2025,2025-02-16,7,194
E-Trade,2025,2025-02-17,8,233
E-Trade,2025,2025-02-18,9,281
E-Trade,2025,2025-02-19,10,212
E-Trade,2025,2025-02-20,11,226
E-Trade,2025,2025-02-21,12,216
E-Trade,2025,2025-02-22,13,190
E-Trade,2025,2025-02-23,14,180
E-Trade,2026,2026-01-18,-21,124
E-Trade,2026,2026-01-19,-20,188
E-Trade,2026,2026-01-20,-19,194
E-Trade,2026,2026-01-21,-18,199
E-Trade,2026,2026-01-22,-17,244
E-Trade,2026,2026-01-23,-16,192
E-Trade,2026,2026-01-24,-15,176
E-Trade,2026,2026-01-25,-14,135
E-Trade,2026,2026-01-26,-13,217
E-Trade,2026,2026-01-27,-12,193
E-Trade,2026,2026-01-28,-11,210
E-Trade,2026,2026-01-29,-10,222
E-Trade,2026,2026-01-30,-9,242
E-Trade,2026,2026-01-31,-8,154
E-Trade,2026,2026-02-01,-7,126
E-Trade,2026,2026-02-02,-6,201
E-Trade,2026,2026-02-03,-5,277
E-Trade,2026,2026-02-04,-4,209
E-Trade,2026,2026-02-05,-3,205
E-Trade,2026,2026-02-06,-2,193
E-Trade,2026,2026-02-07,-1,193
E-Trade,2026,2026-02-08,0,230
E-Trade,2026,2026-02-09,1,425
E-Trade,2026,2026-02-10,2,304
E-Trade,2026,2026-02-11,3,296
E-Trade,2026,2026-02-12,4,213
E-Trade,2026,2026-02-13,5,255
E-Trade,2026,2026-02-14,6,158
E-Trade,2026,2026-02-15,7,139
E-Trade,2026,2026-02-16,8,194
E-Trade,2026,2026-02-17,9,235
E-Trade,2026,2026-02-18,10,222
E-Trade,2026,2026-02-19,11,272
E-Trade,2026,2026-02-20,12,243
E-Trade,2026,2026-02-21,13,210
E-Trade,2026,2026-02-22,14,155
